"id","edad","nivel","experiencia","female","treatment","politica","raw_repetition_rate","relative_harshness","stage","cutoff_age","years_from_cutoff","bologna_cohort","cutoff_side"
"R_8UhJCYm5UkDu2Mg",48,"E. Primaria",23,"0","3","1",0.5,0.0365059713703541,"Primary teachers",34,14,"Pre-Bologna training","Older side"
"R_8D2pAbnl1ZLZFp3",50,"E. Secundaria",20,"0","9","3",0.333333333333333,-0.0882231831597806,"Secondary teachers",39,11,"Pre-Bologna training","Older side"
"R_8kLRqttvTMiXag1",48,"E. Primaria",26,"0","2","3",0.444444444444444,-0.0799678608401575,"Primary teachers",34,14,"Pre-Bologna training","Older side"
"R_8X53tewDLs5YrAK",51,"E. Secundaria",5,"1","3","1",0.333333333333333,-0.201140612487552,"Secondary teachers",39,12,"Pre-Bologna training","Older side"
"R_20j9NwOZdfBjlrJ",44,"E. Primaria",9,"1","10","3",0.555555555555556,0.0329134660921206,"Primary teachers",34,10,"Pre-Bologna training","Older side"
"R_80YW5iX2VECGwKi",49,"E. Secundaria",18,"0","8","3",0.555555555555556,0.0215024239135477,"Secondary teachers",39,10,"Pre-Bologna training","Older side"
"R_2XgmAcg57dbOSTA",44,"E. Primaria",17,"0","7","2",0.555555555555556,0.133277124727474,"Primary teachers",34,10,"Pre-Bologna training","Older side"
"R_8GxBSIC36b1XQea",25,"E. Secundaria",2,"1","6","2",0.555555555555556,0.04440427520803,"Secondary teachers",39,-14,"Bologna-era training","Younger side"
"R_8p3IUhVffhQssLv",55,"E. Secundaria",1,"1","3","2",0.666666666666667,0.142960952109887,"Secondary teachers",39,16,"Pre-Bologna training","Older side"
"R_2AEBA0CV4x9Hket",41,"E. Primaria",18,"0","7","2",0.333333333333333,-0.0789405974288757,"Primary teachers",34,7,"Pre-Bologna training","Older side"
"R_8ILRIzCvw5oKsxb",51,"E. Secundaria",25,"0","3","2",0.375,0.0188307167814037,"Secondary teachers",39,12,"Pre-Bologna training","Older side"
"R_8fvkltctrVVqCCE",49,"E. Primaria",23,"0","10","2",0.666666666666667,0.131541173493269,"Primary teachers",34,15,"Pre-Bologna training","Older side"
"R_2AQE5mbBm1i0HGl",55,"E. Secundaria",16,"1","3","3",0.333333333333333,-0.0882231831597806,"Secondary teachers",39,16,"Pre-Bologna training","Older side"
"R_2FWggbayreyzEc1",42,"E. Primaria",15,"1","1","3",0.428571428571429,0.0199620208977385,"Primary teachers",34,8,"Pre-Bologna training","Older side"
"R_8SwdvK7pgxmLWme",52,"E. Primaria",20,"0","6","2",0.444444444444444,-0.060369716559316,"Primary teachers",34,18,"Pre-Bologna training","Older side"
"R_2vsUSt8TRjpbV8B",54,"E. Secundaria",25,"1","1","3",0.375,0.0188307167814037,"Secondary teachers",39,15,"Pre-Bologna training","Older side"
"R_8dhHOBWYHrg5w6A",37,"E. Primaria",10,"1","8","3",0.444444444444444,-0.067045589290615,"Primary teachers",34,3,"Pre-Bologna training","Older side"
"R_8O1CEQNlRfzJPUr",33,"E. Secundaria",7,"1","3","3",0.428571428571429,0.0199620208977385,"Secondary teachers",39,-6,"Bologna-era training","Younger side"
"R_8LYBmaDfw6epjw9",40,"E. Secundaria",17,"1","2","2",0.777777777777778,0.242998425137437,"Secondary teachers",39,1,"Pre-Bologna training","Older side"
"R_2wHU8pdDUFYZf8T",32,"E. Primaria",6,"1","9","3",0.125,-0.331589031268077,"Primary teachers",34,-2,"Bologna-era training","Younger side"
"R_21FRud4kcbNGuZK",56,"E. Secundaria",25,"0","2","3",0.555555555555556,0.049980759303775,"Secondary teachers",39,17,"Pre-Bologna training","Older side"
"R_2OfCGEpxHhGSQnV",51,"E. Primaria",25,"0","6","2",0.666666666666667,0.255169030908908,"Primary teachers",34,17,"Pre-Bologna training","Older side"
"R_8KJfdobqShyCNIg",48,"E. Primaria",22,"1","7","2",0.666666666666667,0.155857253891397,"Primary teachers",34,14,"Pre-Bologna training","Older side"
"R_8WC56pRAabzqwdX",58,"E. Primaria",31,"1","2","2",0.666666666666667,0.155857253891397,"Primary teachers",34,24,"Pre-Bologna training","Older side"
"R_2QSoSElFUp3K1PR",50,"E. Primaria",21,"0","10","3",0.333333333333333,-0.191432828993024,"Primary teachers",34,16,"Pre-Bologna training","Older side"
"R_8OB0OuB3tnMglFO",49,"E. Primaria",28,"0","8","3",0.444444444444444,-0.0617848690777509,"Primary teachers",34,15,"Pre-Bologna training","Older side"
"R_2IaXSvOcuXhXMjy",58,"E. Primaria",35,"1","6","2",0,-0.423740441587768,"Primary teachers",34,24,"Pre-Bologna training","Older side"
"R_22tDdaAIjj8I2Wv",49,"E. Secundaria",25,"1","8","1",0.222222222222222,-0.190126465513893,"Secondary teachers",39,10,"Pre-Bologna training","Older side"
"R_2amHnuumT9YrAZf",43,"E. Primaria",18,"0","1","1",0.5,0.0461910891424012,"Primary teachers",34,9,"Pre-Bologna training","Older side"
"R_2EKVXLzLGCYHOwN",47,"E. Secundaria",20,"1","10","1",0.444444444444444,-0.079973520824586,"Secondary teachers",39,8,"Pre-Bologna training","Older side"
"R_2pgz6Sk3djhT3Q5",42,"E. Primaria",6,"1","10","1",0.555555555555556,0.0215002806285133,"Primary teachers",34,8,"Pre-Bologna training","Older side"
"R_2ruis8ZahHe3ejV",49,"E. Primaria",22,"1","10","3",0.222222222222222,-0.283321734582516,"Primary teachers",34,15,"Pre-Bologna training","Older side"
"R_8kN7AuoSakgboAR",43,"E. Primaria",19,"1","2","2",0.25,-0.213964987819877,"Primary teachers",34,9,"Pre-Bologna training","Older side"
"R_8tmvjuRnHOKJxDA",40,"E. Primaria",18,"1","4","2",0.666666666666667,0.154440895111986,"Primary teachers",34,6,"Pre-Bologna training","Older side"
"R_2PHyJgPIQcq5iyT",47,"E. Primaria",17,"1","5","1",0.428571428571429,0.0199634203603449,"Primary teachers",34,13,"Pre-Bologna training","Older side"
"R_2HejXDB00gSE1aI",49,"E. Primaria",24,"1","2","2",0.444444444444444,0.0232351501735528,"Primary teachers",34,15,"Pre-Bologna training","Older side"
"R_2PBFukoKxSOfpoS",55,"E. Primaria",20,"1","4","1",0.125,-0.329995627641239,"Primary teachers",34,21,"Pre-Bologna training","Older side"
"R_8EcFagz9Q2cEr8b",54,"E. Primaria",30,"1","7","1",0.666666666666667,0.161167148945449,"Primary teachers",34,20,"Pre-Bologna training","Older side"
"R_80eMM5RiIMtUYpp",45,"E. Primaria",22,"1","1","3",0.111111111111111,-0.311137693166682,"Primary teachers",34,11,"Pre-Bologna training","Older side"
"R_8F8QNyYnck095Rh",55,"E. Primaria",30,"1","4","3",0.75,0.287604890237471,"Primary teachers",34,21,"Pre-Bologna training","Older side"
"R_8CpK6f1v8PjSEKT",38,"E. Primaria",15,"0","10","3",0.111111111111111,-0.31086403577332,"Primary teachers",34,4,"Pre-Bologna training","Older side"
"R_2f8TgpXG7suPeRl",37,"E. Primaria",15,"0","6","3",0.666666666666667,0.162583507724861,"Primary teachers",34,3,"Pre-Bologna training","Older side"
"R_2kFYvZ0RVzvA7CY",45,"E. Secundaria",12,"1","6","1",0.5,0.0445976855155629,"Secondary teachers",39,6,"Pre-Bologna training","Older side"
"R_2qD2up3sEOfi2Al",46,"E. Primaria",24,"1","7","1",0.777777777777778,0.255842279042165,"Primary teachers",34,12,"Pre-Bologna training","Older side"
"R_2s5qcYu2vgv4CUB",60,"E. Primaria",37,"0","8","3",0.555555555555556,0.134691326847121,"Primary teachers",34,26,"Pre-Bologna training","Older side"
"R_8pru0eWeqTwUCih",49,"E. Primaria",30,"1","7","1",0.666666666666667,0.131543316778303,"Primary teachers",34,15,"Pre-Bologna training","Older side"
"R_2sdFhPbPcXGj65r",52,"E. Secundaria",23,"1","10","2",0.5,0.0445976855155629,"Secondary teachers",39,13,"Pre-Bologna training","Older side"
"R_2eEiLY4la6AgOIX",37,"E. Secundaria",7,"1","3","2",0.333333333333333,-0.0879473691066529,"Secondary teachers",39,-2,"Bologna-era training","Younger side"
"R_223JmGwJODdXoey",49,"E. Primaria",25,"0","7","3",0.5,0.0461885855121373,"Primary teachers",34,15,"Pre-Bologna training","Older side"
"R_2FB9xhh6hOzzucp",37,"E. Primaria",16,"1","6","3",0.333333333333333,-0.0789405974288757,"Primary teachers",34,3,"Pre-Bologna training","Older side"
"R_8oo8dcAFwpbDEiO",61,"E. Secundaria",22,"1","10","2",0.222222222222222,-0.291099238153427,"Secondary teachers",39,22,"Pre-Bologna training","Older side"
"R_84EBapr4oCqstS9",48,"E. Primaria",21,"0","9","2",0.375,0.0188307167814037,"Primary teachers",34,14,"Pre-Bologna training","Older side"
"R_2CkaZIMFRrlLaeN",41,"E. Secundaria",3,"1","9","2",0.333333333333333,-0.178228108570821,"Secondary teachers",39,2,"Pre-Bologna training","Older side"
"R_2OkvnaEUayZ5Vpj",53,"E. Secundaria",26,"0","8","3",0.333333333333333,-0.0893675982475333,"Secondary teachers",39,14,"Pre-Bologna training","Older side"
"R_2OE6mmUPKRbhIvP",35,"E. Secundaria",8,"0","4","2",0.5,0.144227542178229,"Secondary teachers",39,-4,"Bologna-era training","Younger side"
"R_8TelfI0FeEfJjfr",40,"E. Primaria",19,"1","2","3",0.666666666666667,0.161167148945449,"Primary teachers",34,6,"Pre-Bologna training","Older side"
"R_22hAuiUcKK13898",27,"E. Secundaria",2,"1","5","3",0.666666666666667,0.133234407921677,"Secondary teachers",39,-12,"Bologna-era training","Younger side"
"R_2wKAZGfvOpBcP9z",52,"E. Primaria",30,"1","4","2",0.666666666666667,0.142960952109887,"Primary teachers",34,18,"Pre-Bologna training","Older side"
"R_2QhcViALSQoSWsL",39,"E. Secundaria",12,NA,"10","3",0.25,-0.214278975396207,"Secondary teachers",39,0,"Bologna-era training","Younger side"
"R_8DMTMsLHVgXt4fm",47,"E. Primaria",23,"0","3","1",0.333333333333333,-0.0896395419391924,"Primary teachers",34,13,"Pre-Bologna training","Older side"
"R_2tmUfbZVIyfsnke",59,"E. Secundaria",16,"1","2","1",0.666666666666667,0.155855175649756,"Secondary teachers",39,20,"Pre-Bologna training","Older side"
"R_8F9WtEh3JWYas0N",23,"E. Secundaria",1,"1","5","2",0.777777777777778,0.274057727042218,"Secondary teachers",39,-16,"Bologna-era training","Younger side"
"R_2htP1ceKUo6N8jG",46,"E. Primaria",24,"0","1","3",0.444444444444444,-0.0684619480700268,"Primary teachers",34,12,"Pre-Bologna training","Older side"
"R_8JJ0hGWk6n8mm04",40,"E. Secundaria",11,"1","1","3",0.666666666666667,0.246151816840219,"Secondary teachers",39,1,"Pre-Bologna training","Older side"
"R_8YX5881fOm9of64",49,"E. Secundaria",20,"1","6","3",0.444444444444444,-0.0799678608401575,"Secondary teachers",39,10,"Pre-Bologna training","Older side"
"R_89nZS1FFvzT8HIJ",56,"E. Secundaria",34,"0","9","1",0.222222222222222,-0.190679693060962,"Secondary teachers",39,17,"Pre-Bologna training","Older side"
"R_8jOClZXyg3JMFhH",41,"E. Secundaria",8,"1","5","3",0.444444444444444,0.0232351501735528,"Secondary teachers",39,2,"Pre-Bologna training","Older side"
"R_2ZxNzLDu1TRkwJr",28,"E. Secundaria",1,"0","9","1",0.625,0.169992007282124,"Secondary teachers",39,-11,"Bologna-era training","Younger side"
"R_2exWnsIogC1t4YU",46,"E. Primaria",24,"1","3","2",0.5,0.0449060631586687,"Primary teachers",34,12,"Pre-Bologna training","Older side"
"R_8eLVQk0qTLPDMZP",37,"E. Primaria",5,"1","2","2",0.375,-0.0888846536296459,"Primary teachers",34,3,"Pre-Bologna training","Older side"
"R_8E5luyrejG5ErGw",40,"E. Primaria",18,"0","7","3",0.5,0.0461910891424012,"Primary teachers",34,6,"Pre-Bologna training","Older side"
"R_2CNv2cyjGMIrp9F",46,"E. Secundaria",9,"0","6","1",0.444444444444444,0.0322457922127985,"Secondary teachers",39,7,"Pre-Bologna training","Older side"
"R_2qJaR7H0wl3Su0V",25,"E. Secundaria",2,"0","8","3",0.444444444444444,0.0232351501735528,"Secondary teachers",39,-14,"Bologna-era training","Younger side"
"R_8tvVRMmopv8HpDP",41,"E. Primaria",17,"1","5","1",0.625,0.161895379470043,"Primary teachers",34,7,"Pre-Bologna training","Older side"
"R_238PoaDVqFkmE26",57,"E. Secundaria",25,"1","6","2",0.222222222222222,-0.291099238153427,"Secondary teachers",39,18,"Pre-Bologna training","Older side"
"R_26aYqYtdWXhNh8R",52,"E. Secundaria",25,"1","6","3",0.5,0.0365059713703541,"Secondary teachers",39,13,"Pre-Bologna training","Older side"
"R_8V9DhYNOzCGlxmS",43,"E. Secundaria",2,"0","2","2",0.777777777777778,0.254427050796433,"Secondary teachers",39,4,"Pre-Bologna training","Older side"
"R_8cSXEOcX9DC01Dm",40,"E. Primaria",17,"1","5","1",0.888888888888889,0.469343229371164,"Primary teachers",34,6,"Pre-Bologna training","Older side"
"R_864GjBftJ1Nh7J5",43,"E. Secundaria",8,"0","9","2",0.625,0.161897820900135,"Secondary teachers",39,4,"Pre-Bologna training","Older side"
"R_2KUu9pADBM6BzgJ",52,"E. Primaria",27,"1","6","2",0.444444444444444,-0.0785515020607456,"Primary teachers",34,18,"Pre-Bologna training","Older side"
"R_2EGzeyQTM5s7ZHn",53,"E. Secundaria",24,"0","8","1",0.111111111111111,-0.401398290615793,"Secondary teachers",39,14,"Pre-Bologna training","Older side"
"R_8gRUcrdDrHuJmKO",38,"E. Primaria",16,"1","9","3",0.625,0.171585410908963,"Primary teachers",34,4,"Pre-Bologna training","Older side"
"R_8Gv2rfoPeFyo7Sq",47,"E. Primaria",20,"1","2","2",0.444444444444444,-0.0896822386516923,"Primary teachers",34,13,"Pre-Bologna training","Older side"
"R_2QGqNh5cv51PaV4",47,"E. Primaria",4,"1","7","2",0.444444444444444,-0.0913711865100316,"Primary teachers",34,13,"Pre-Bologna training","Older side"
"R_8n8EE3xUus10fFe",45,"E. Primaria",15,"1","10","1",0.444444444444444,-0.060368510298339,"Primary teachers",34,11,"Pre-Bologna training","Older side"
"R_8eZQl53qNtMxFOV",55,"E. Secundaria",30,"0","2","3",0.444444444444444,-0.067045589290615,"Secondary teachers",39,16,"Pre-Bologna training","Older side"
"R_84ehdLTfyE5hFM2",45,"E. Primaria",19,"1","2","2",0.666666666666667,0.154440895111986,"Primary teachers",34,11,"Pre-Bologna training","Older side"
"R_2f2TeFtIfwHCtIK",45,"E. Primaria",20,"1","8","2",0.444444444444444,-0.0785515020607456,"Primary teachers",34,11,"Pre-Bologna training","Older side"
"R_8ZOBjW8FvoEtzfx",46,"E. Primaria",21,"1","4","1",0.285714285714286,-0.122991908641557,"Primary teachers",34,12,"Pre-Bologna training","Older side"
"R_8wn10OKhj4ie3zg",43,"E. Primaria",20,"1","1","2",0.75,0.295387576902378,"Primary teachers",34,9,"Pre-Bologna training","Older side"
"R_2MG940QHQp1VFUh",45,"E. Primaria",12,"1","9","2",0.777777777777778,0.244414783916848,"Primary teachers",34,11,"Pre-Bologna training","Older side"
"R_8PUHTY0n4RZEZSP",57,"E. Secundaria",27,"0","3","1",0.444444444444444,0.0322457922127985,"Secondary teachers",39,18,"Pre-Bologna training","Older side"
"R_2hQjI3kpH74Tgw5",59,"E. Primaria",34,"0","10","3",0.444444444444444,-0.079973520824586,"Primary teachers",34,25,"Pre-Bologna training","Older side"
"R_2m7QvM4HkDpL4VK",27,"E. Primaria",6,"1","9","2",0.555555555555556,0.0200860651341359,"Primary teachers",34,-7,"Bologna-era training","Younger side"
"R_8VMSvMdwPNeVX7X",40,"E. Primaria",17,"1","3","3",0.333333333333333,-0.0792191759400678,"Primary teachers",34,6,"Pre-Bologna training","Older side"
"R_2Bg5LMOQbHZrj3Q",35,"E. Secundaria",8,"1","1","2",0.666666666666667,0.162583507724861,"Secondary teachers",39,-4,"Bologna-era training","Younger side"
"R_8qqSWWzqHgUZZms",40,"E. Secundaria",11,"0","9","2",0.375,0.0188307167814037,"Secondary teachers",39,1,"Pre-Bologna training","Older side"
"R_8Iq4YMBq07V68Rr",46,"E. Primaria",22,"0","6","2",0.555555555555556,0.0444053111511112,"Primary teachers",34,12,"Pre-Bologna training","Older side"
"R_8fuF37vf9myKMWe",44,"E. Primaria",20,"0","1","1",0.555555555555556,0.0200860651341359,"Primary teachers",34,10,"Pre-Bologna training","Older side"
"R_2FKIMNg0x6Kwlqv",46,"E. Secundaria",24,"1","4","3",0.444444444444444,-0.0799678608401575,"Secondary teachers",39,7,"Pre-Bologna training","Older side"
"R_8LHwr54lql3v6g1",62,"E. Secundaria",38,"0","8","3",0.777777777777778,0.267304010502846,"Secondary teachers",39,23,"Pre-Bologna training","Older side"
"R_2ZKRMS75KC6Nfdn",37,"E. Secundaria",2,"1","7","2",0.75,0.296980980529216,"Secondary teachers",39,-2,"Bologna-era training","Younger side"
"R_2sSZLfQtN89bg3J",27,"E. Secundaria",2,"1","4","2",0.555555555555556,0.133277124727474,"Secondary teachers",39,-12,"Bologna-era training","Younger side"
"R_82QpXTRjRxlBgqC",44,"E. Secundaria",5,"0","6","3",0.666666666666667,0.142960952109887,"Secondary teachers",39,5,"Pre-Bologna training","Older side"
"R_8n6hIA2ch1mNhaR",44,"E. Primaria",20,"0","6","3",0.333333333333333,-0.0792191759400678,"Primary teachers",34,10,"Pre-Bologna training","Older side"
"R_8qTZNSUqL1T56hh",58,"E. Secundaria",30,"0","10","3",0.222222222222222,-0.291363748953479,"Secondary teachers",39,19,"Pre-Bologna training","Older side"
"R_2n93oFzclwCZSuO",46,"E. Primaria",23,"1","6","1",0.111111111111111,-0.412950943148085,"Primary teachers",34,12,"Pre-Bologna training","Older side"
"R_2qxKHmV2h5PMl3P",40,"E. Primaria",17,"0","4","1",0.428571428571429,0.0199620208977385,"Primary teachers",34,6,"Pre-Bologna training","Older side"
"R_8BWthhebhYtebAn",50,"E. Primaria",10,"1","1","1",0.111111111111111,-0.412950943148085,"Primary teachers",34,16,"Pre-Bologna training","Older side"
"R_2sbk0EifRtHkiEw",49,"E. Primaria",27,"1","4","2",0.444444444444444,0.0218187913941409,"Primary teachers",34,15,"Pre-Bologna training","Older side"
"R_8DvEozyRWshKLsE",57,"E. Primaria",33,"1","6","1",0,-0.40960327637477,"Primary teachers",34,23,"Pre-Bologna training","Older side"
"R_2wiY5PXVPeJ9jI2",54,"E. Primaria",27,"0","2","3",0.625,0.171585410908963,"Primary teachers",34,20,"Pre-Bologna training","Older side"
"R_8nVmWbLOJCThwit",50,"E. Primaria",25,"0","9","3",0.5,0.0461910891424012,"Primary teachers",34,16,"Pre-Bologna training","Older side"
"R_2GWHUztASODcjDh",43,"E. Primaria",20,"1","3","1",0.555555555555556,0.0329134660921206,"Primary teachers",34,9,"Pre-Bologna training","Older side"
"R_2uw2lpmjOhdaPi9",61,"E. Secundaria",29,"0","9","1",0.142857142857143,-0.266295480070128,"Secondary teachers",39,22,"Pre-Bologna training","Older side"
"R_8S9NzMmGE5MQH0B",42,"E. Primaria",15,"1","3","2",0.125,-0.329681640064909,"Primary teachers",34,8,"Pre-Bologna training","Older side"
"R_2rAGcOyjigyYXVk",47,"E. Primaria",20,"1","2","3",0.777777777777778,0.244414783916848,"Primary teachers",34,13,"Pre-Bologna training","Older side"
"R_2pfKFIBIaz2FtsJ",31,"E. Secundaria",3,"1","1","3",0.777777777777778,0.267307118390042,"Secondary teachers",39,-8,"Bologna-era training","Younger side"
"R_2pDrrREFOSiHvTn",39,"E. Secundaria",2,"1","10","1",0.555555555555556,0.0317756930018924,"Secondary teachers",39,0,"Bologna-era training","Younger side"
"R_2K3TB2cHolMMkjf",50,"E. Primaria",23,"1","4","1",0.444444444444444,-0.0684619480700268,"Primary teachers",34,16,"Pre-Bologna training","Older side"
"R_2foNHc0yq5RFB1a",40,"E. Primaria",18,NA,"5","3",0.625,0.161897820900135,"Primary teachers",34,6,"Pre-Bologna training","Older side"
"R_2QFX7koLSX8Ow9a",44,"E. Secundaria",19,"1","7","2",0.444444444444444,-0.0913711865100316,"Secondary teachers",39,5,"Pre-Bologna training","Older side"
"R_2ygvE4X0reYm1V3",63,"E. Secundaria",32,"0","6","3",0.5,0.0445976855155629,"Secondary teachers",39,24,"Pre-Bologna training","Older side"
"R_8xIXpwR69LhtGdY",44,"E. Secundaria",20,"1","1","2",0,-0.357040788341808,"Secondary teachers",39,5,"Pre-Bologna training","Older side"
"R_85TREQhxKu0lwGt",30,"E. Primaria",6,"1","6","2",0.555555555555556,0.134693483506886,"Primary teachers",34,-4,"Bologna-era training","Younger side"
"R_23jOWTQllP0Mcjq",45,"E. Secundaria",20,"1","6","1",0.666666666666667,0.155857253891397,"Secondary teachers",39,6,"Pre-Bologna training","Older side"
"R_2O3vzYAcdm37S0p",50,"E. Primaria",28,"0","5","3",0.666666666666667,0.155857253891397,"Primary teachers",34,16,"Pre-Bologna training","Older side"
"R_8NLnDe7LegMOHuy",45,"E. Primaria",20,"1","2","1",0.666666666666667,0.161167148945449,"Primary teachers",34,11,"Pre-Bologna training","Older side"
"R_2TC1u6HTyQsOPad",43,"E. Primaria",8,"1","9","1",0.444444444444444,-0.0913711865100316,"Primary teachers",34,9,"Pre-Bologna training","Older side"
"R_2xKS3unMMTKHBbV",42,"E. Primaria",20,"1","2","3",0.777777777777778,0.254425920262753,"Primary teachers",34,8,"Pre-Bologna training","Older side"
"R_8QlUcikGlRxBsVe",40,"E. Primaria",17,"1","2","1",0.333333333333333,-0.202557576151706,"Primary teachers",34,6,"Pre-Bologna training","Older side"
"R_2ePQmMliCJRQIw6",45,"E. Primaria",21,"1","8","1",0.5,0.0445976855155629,"Primary teachers",34,11,"Pre-Bologna training","Older side"
"R_2LeegbJ3IbyBP21",48,"E. Primaria",19,"1","6","3",0.333333333333333,-0.0792191759400678,"Primary teachers",34,14,"Pre-Bologna training","Older side"
"R_8KhsllIDBgjOmfT",46,"E. Secundaria",17,"1","1","3",0.5,0.0365059713703541,"Secondary teachers",39,7,"Pre-Bologna training","Older side"
"R_2tcaC8bIpLgFqVb",54,"E. Primaria",28,"0","7","1",0.444444444444444,-0.0913711865100316,"Primary teachers",34,20,"Pre-Bologna training","Older side"
"R_8QQaSuCIrZCx8oX",38,"E. Secundaria",5,"1","7","3",0.666666666666667,0.162583507724861,"Secondary teachers",39,-1,"Bologna-era training","Younger side"
"R_8ib9luDHzE0Rqem",43,"E. Primaria",18,"1","10","1",0.666666666666667,0.132957532272681,"Primary teachers",34,9,"Pre-Bologna training","Older side"
"R_26mzu3gBK0ZntYI",28,"E. Secundaria",2,"1","3","1",0.25,-0.106562364979603,"Secondary teachers",39,-11,"Bologna-era training","Younger side"
"R_2d14b3SC6t5SAyd",49,"E. Primaria",23,"1","9","3",0.625,0.161896603999823,"Primary teachers",34,15,"Pre-Bologna training","Older side"
"R_8VdvDfQQwGCoNu9",51,"E. Secundaria",24,"1","10","1",0.333333333333333,-0.0882231831597806,"Secondary teachers",39,12,"Pre-Bologna training","Older side"
"R_2afPOhllhv0KOfY",51,"E. Primaria",28,"1","4","2",0.666666666666667,0.162582317206152,"Primary teachers",34,17,"Pre-Bologna training","Older side"
"R_872MNgmna30LqZI",57,"E. Primaria",36,"1","5","1",0.25,-0.214278975396207,"Primary teachers",34,23,"Pre-Bologna training","Older side"
"R_2oX7hwCiDrqVNOf",58,"E. Primaria",34,"0","10","3",0.428571428571429,0.0199620208977385,"Primary teachers",34,24,"Pre-Bologna training","Older side"
"R_2Fb7dqgPFPOPxal",52,"E. Primaria",28,"1","10","2",0.555555555555556,0.0429899946702595,"Primary teachers",34,18,"Pre-Bologna training","Older side"
"R_2DC14QdCV23IhOo",43,"E. Primaria",16,"0","8","1",0.666666666666667,0.142962082643567,"Primary teachers",34,9,"Pre-Bologna training","Older side"
"R_2gOcYweq4QdKJTw",51,"E. Secundaria",18,"0","9","2",0.375,0.0188307167814037,"Secondary teachers",39,12,"Pre-Bologna training","Older side"
"R_2p8PcyBXmrjXpcS",49,"E. Secundaria",11,"0","5","2",0.666666666666667,0.162583507724861,"Secondary teachers",39,10,"Pre-Bologna training","Older side"
"R_8lGduYhfLJju3HX",41,"E. Primaria",20,"0","1","1",0.428571428571429,0.0199620208977385,"Primary teachers",34,7,"Pre-Bologna training","Older side"
"R_2qNYup7VPmmIBaY",27,"E. Secundaria",2,"0","7","3",0.666666666666667,0.16287759663179,"Secondary teachers",39,-12,"Bologna-era training","Younger side"
"R_8RU1aK3PVxC03G8",56,"E. Primaria",30,"1","6","2",0.444444444444444,-0.0684619480700268,"Primary teachers",34,22,"Pre-Bologna training","Older side"
"R_2N3q4K8dXu5Fiwb",54,"E. Primaria",31,"1","6","2",0.25,-0.106567372390571,"Primary teachers",34,20,"Pre-Bologna training","Older side"
"R_8ZCeYoDJj6emlkO",39,"E. Secundaria",7,"0","3","3",0.666666666666667,0.132959675557715,"Secondary teachers",39,0,"Bologna-era training","Younger side"
"R_8ZBQX9C3J7YReYk",51,"E. Primaria",29,"1","4","1",0.444444444444444,0.0220907350858,"Primary teachers",34,17,"Pre-Bologna training","Older side"
"R_2G8JWVLpyviK4ct",41,"E. Secundaria",15,"1","6","3",0.625,0.171585410908963,"Secondary teachers",39,2,"Pre-Bologna training","Older side"
"R_8obzHqQhGeY8u7b",49,"E. Secundaria",6,"0","4","2",0.666666666666667,0.131543316778303,"Secondary teachers",39,10,"Pre-Bologna training","Older side"
"R_2pQ7C9Y9UWCbEdx",54,"E. Secundaria",10,"0","1","2",0.444444444444444,-0.060368510298339,"Secondary teachers",39,15,"Pre-Bologna training","Older side"
"R_2NysV63Fe9TiB8J",37,"E. Secundaria",4,"1","4","3",0.777777777777778,0.265890759610631,"Secondary teachers",39,-2,"Bologna-era training","Younger side"
"R_8tmsEFIM1lgiDAm",24,"E. Secundaria",1,"0","7","3",0.666666666666667,0.255171256358031,"Secondary teachers",39,-15,"Bologna-era training","Younger side"
"R_2Huzcjk8GWUOVZr",45,"E. Primaria",20,NA,"7","2",0.625,0.17158415513239,"Primary teachers",34,11,"Pre-Bologna training","Older side"
"R_8NL0iiAiASbNuto",43,"E. Primaria",18,"1","5","1",0.666666666666667,0.162582317206152,"Primary teachers",34,9,"Pre-Bologna training","Older side"
"R_8jwRlycfPSpeu8v",38,"E. Primaria",8,"1","5","2",0.111111111111111,-0.31086403577332,"Primary teachers",34,4,"Pre-Bologna training","Older side"
"R_8eJcLKMlFqF1pgS",49,"E. Primaria",25,"1","5","3",0.666666666666667,0.131543316778303,"Primary teachers",34,15,"Pre-Bologna training","Older side"
"R_29yFR8hyNyf9Y41",47,"E. Secundaria",19,"0","8","2",0.444444444444444,0.0218187913941409,"Secondary teachers",39,8,"Pre-Bologna training","Older side"
"R_2VedZlDKPII5wAE",27,"E. Secundaria",3,"1","4","2",0.555555555555556,0.134691326847121,"Secondary teachers",39,-12,"Bologna-era training","Younger side"
"R_84DQQbVA2GexCg1",53,"E. Secundaria",5,"0","4","3",0,-0.422320212446887,"Secondary teachers",39,14,"Pre-Bologna training","Older side"
"R_8FXU6yVlfv2Zn6y",37,"E. Primaria",9,"1","10","3",0.555555555555556,0.133274968067709,"Primary teachers",34,3,"Pre-Bologna training","Older side"
"R_8eryj4wxF3Bjx7Q",55,"E. Secundaria",32,NA,"3","1",0,-0.413048601982842,"Secondary teachers",39,16,"Pre-Bologna training","Older side"
"R_2NvVYV2ZpunSc7h",41,"E. Secundaria",17,"1","8","1",0.222222222222222,-0.31259786413172,"Secondary teachers",39,2,"Pre-Bologna training","Older side"
"R_8PuaNPXGBsc0wHD",48,"E. Primaria",8,"1","1","3",0.555555555555556,0.0200860651341359,"Primary teachers",34,14,"Pre-Bologna training","Older side"
"R_2rSMiHZnuiwFLUN",28,"E. Secundaria",8,"1","4","3",0.375,-0.0792057362544242,"Secondary teachers",39,-11,"Bologna-era training","Younger side"
"R_8zMCvYyP95AMAft",44,"E. Secundaria",5,"0","9","2",0.333333333333333,-0.171551029578545,"Secondary teachers",39,5,"Pre-Bologna training","Older side"
"R_83vfDb5oVPGUSeH",47,"E. Secundaria",21,"1","2","2",0.666666666666667,0.162583507724861,"Secondary teachers",39,8,"Pre-Bologna training","Older side"
"R_85sivlLDgmBWgtS",38,"E. Secundaria",5,"1","3","2",0.333333333333333,-0.173259088395107,"Secondary teachers",39,-1,"Bologna-era training","Younger side"
"R_2ds7wLAkK28Uks7",39,"E. Primaria",7,"1","10","2",0.5,0.144227542178229,"Primary teachers",34,5,"Pre-Bologna training","Older side"
"R_2B0I14CWdMFSrct",31,"E. Secundaria",7,"1","7","1",0.666666666666667,0.131541173493269,"Secondary teachers",39,-8,"Bologna-era training","Younger side"
"R_8pf3YmuOvm1Mfj3",43,"E. Secundaria",1,"1","5","3",0.555555555555556,0.0514009884446554,"Secondary teachers",39,4,"Pre-Bologna training","Older side"
"R_8D8OIuG29pLNIIl",40,"E. Primaria",17,"1","10","3",0.333333333333333,-0.178496489732341,"Primary teachers",34,6,"Pre-Bologna training","Older side"
"R_2ZJIFfXCBFkTmQb",58,"E. Secundaria",30,"1","7","1",0.555555555555556,0.04440427520803,"Secondary teachers",39,19,"Pre-Bologna training","Older side"
"R_2QAaizatBkgifw7",40,"E. Primaria",15,"0","3","1",0.555555555555556,0.0314937156426504,"Primary teachers",34,6,"Pre-Bologna training","Older side"
"R_2dvkTXfrrrwm7zL",49,"E. Secundaria",24,"0","2","1",0.375,-0.0792057362544242,"Secondary teachers",39,10,"Pre-Bologna training","Older side"
"R_8MgStTeH3MuKLzw",45,"E. Primaria",19,"1","8","3",0.5,0.0365059713703541,"Primary teachers",34,11,"Pre-Bologna training","Older side"
"R_89mI6VvPHgo48W8",46,"E. Primaria",24,"1","2","3",0.571428571428571,0.163264201583097,"Primary teachers",34,12,"Pre-Bologna training","Older side"
"R_8JgQv7XD4tgoQjh",50,"E. Secundaria",9,"1","1","3",0.555555555555556,0.133277124727474,"Secondary teachers",39,11,"Pre-Bologna training","Older side"
"R_8KpCJO7GDtcimSF",46,"E. Primaria",25,"1","2","1",0.285714285714286,-0.123341550530833,"Primary teachers",34,12,"Pre-Bologna training","Older side"
"R_2PZk4xLKpqvKCan",60,"E. Secundaria",25,"0","10","1",0.285714285714286,-0.123341550530833,"Secondary teachers",39,21,"Pre-Bologna training","Older side"
"R_86qvnFSmvRyNO4p",31,"E. Primaria",1,"1","2","1",0.625,0.171585410908963,"Primary teachers",34,-3,"Bologna-era training","Younger side"
"R_8C1soTFccilEfqV",39,"E. Primaria",18,"1","8","1",0.111111111111111,-0.425479712620655,"Primary teachers",34,5,"Pre-Bologna training","Older side"
"R_2L4GbYAycJvD0D8",37,"E. Secundaria",7,"1","7","3",0.5,0.0461910891424012,"Secondary teachers",39,-2,"Bologna-era training","Younger side"
"R_2bK7iARFslMvxJn",50,"E. Primaria",25,"0","10","3",0.625,0.171585410908963,"Primary teachers",34,16,"Pre-Bologna training","Older side"
"R_8n8Ewyl0ApZCmK2",32,"E. Primaria",3,"1","1","3",0.5,0.144225038547965,"Primary teachers",34,-2,"Bologna-era training","Younger side"
"R_834LVOBAyKUwqsx",59,"E. Secundaria",38,"1","5","3",0.777777777777778,0.255842279042165,"Secondary teachers",39,20,"Pre-Bologna training","Older side"
"R_2fiLJ6v5hBw0H2h",32,"E. Primaria",10,"1","2","1",0.375,0.0188307167814037,"Primary teachers",34,-2,"Bologna-era training","Younger side"
"R_2OAySrDUAezeDWI",42,"E. Primaria",5,"0","4","1",0.555555555555556,0.133277124727474,"Primary teachers",34,8,"Pre-Bologna training","Older side"
"R_2wp0HmydyoE7cRj",56,"E. Secundaria",35,"1","2","2",0.5,0.0445976855155629,"Secondary teachers",39,17,"Pre-Bologna training","Older side"
"R_8o7P4pMEUHykCsh",55,"E. Secundaria",30,"1","7","3",0.777777777777778,0.255842279042165,"Secondary teachers",39,16,"Pre-Bologna training","Older side"
"R_8kTX3b6vINozwPh",41,"E. Primaria",18,"1","10","2",0.5,0.0445976855155629,"Primary teachers",34,7,"Pre-Bologna training","Older side"
"R_2qxGANKoL0Bhnmo",43,"E. Primaria",5,"1","3","1",0.555555555555556,0.0444032455624752,"Primary teachers",34,9,"Pre-Bologna training","Older side"
"R_8PA6tVvP85KO9yz",45,"E. Primaria",15,"1","2","3",0.555555555555556,0.0215002806285133,"Primary teachers",34,11,"Pre-Bologna training","Older side"
"R_8l4eInJEQmqeFTs",49,"E. Primaria",24,"0","6","3",0.571428571428571,0.163268400053174,"Primary teachers",34,15,"Pre-Bologna training","Older side"
"R_8lD6BD8KfbGZMvT",54,"E. Secundaria",28,"0","3","2",0.666666666666667,0.142960952109887,"Secondary teachers",39,15,"Pre-Bologna training","Older side"
"R_8V855v9p75GHuMm",47,"E. Primaria",22,"1","7","2",0.375,-0.0807991398812625,"Primary teachers",34,13,"Pre-Bologna training","Older side"
"R_2NyaAe5xzTtql4V",51,"E. Primaria",30,"1","6","3",0.571428571428571,0.163265601045703,"Primary teachers",34,17,"Pre-Bologna training","Older side"
"R_2b1NyR8BUV0qZ5z",46,"E. Secundaria",3,"1","3","3",0.428571428571429,0.0199591954842746,"Secondary teachers",39,7,"Pre-Bologna training","Older side"
"R_2kNgCHTKsoj9zr8",50,"E. Primaria",25,"1","4","2",0.5,0.144223774772816,"Primary teachers",34,16,"Pre-Bologna training","Older side"
"R_2ovF7p5uCcwioWG",50,"E. Primaria",24,"0","7","2",0.666666666666667,0.154440895111986,"Primary teachers",34,16,"Pre-Bologna training","Older side"
"R_2TBjnRhvzFfrS3a",48,"E. Primaria",19,"1","2","2",0.222222222222222,-0.31259786413172,"Primary teachers",34,14,"Pre-Bologna training","Older side"
"R_8MlO9Kd5yQlb2vS",38,"E. Secundaria",3,"0","3","2",0.666666666666667,0.162583507724861,"Secondary teachers",39,-1,"Bologna-era training","Younger side"
"R_2QusNc2pBiCXNvj",44,"E. Secundaria",8,"1","2","1",0.555555555555556,0.04440427520803,"Secondary teachers",39,5,"Pre-Bologna training","Older side"
"R_2Gy3HER7x4oa1tN",33,"E. Secundaria",6,"0","2","3",0.5,0.144227542178229,"Secondary teachers",39,-6,"Bologna-era training","Younger side"
"R_2N2rCZvnGrwx60Z",38,"E. Secundaria",10,"1","7","3",0.666666666666667,0.144377310889299,"Secondary teachers",39,-1,"Bologna-era training","Younger side"
"R_8FXtumFtVqSj8Mn",38,"E. Secundaria",16,"1","10","1",0.5,0.144227542178229,"Secondary teachers",39,-1,"Bologna-era training","Younger side"
"R_8Qy7Iccq4GyyJxf",47,"E. Primaria",19,"1","3","3",0.111111111111111,-0.3122842649142,"Primary teachers",34,13,"Pre-Bologna training","Older side"
"R_2PhMqWrxdCoCIXv",47,"E. Primaria",21,"1","1","2",0.5,0.0461910891424012,"Primary teachers",34,13,"Pre-Bologna training","Older side"
"R_2cWAQZx9OS520tb",32,"E. Primaria",3,"1","7","1",0.5,0.0445976855155629,"Primary teachers",34,-2,"Bologna-era training","Younger side"
"R_2hu8kwWwVZtI5Z3",47,"E. Primaria",11,"1","9","1",0.444444444444444,0.0218187913941409,"Primary teachers",34,13,"Pre-Bologna training","Older side"
"R_2XVA6LJscsvEdBT",41,"E. Primaria",15,"1","5","2",0.25,-0.106567372390571,"Primary teachers",34,7,"Pre-Bologna training","Older side"
"R_2f2TkGvoz44Log8",34,"E. Primaria",5,"0","6","2",0.777777777777778,0.267307118390042,"Primary teachers",34,0,"Bologna-era training","Younger side"
"R_2l4wCBPuCSZb2fb",52,"E. Secundaria",19,"1","2","2",0.555555555555556,0.0444053111511112,"Secondary teachers",39,13,"Pre-Bologna training","Older side"
"R_8SqOnixdFBj2LVz",57,"E. Secundaria",32,"0","6","3",0.444444444444444,0.0218166347343756,"Secondary teachers",39,18,"Pre-Bologna training","Older side"
"R_8aA0UI3LamqjReY",47,"E. Primaria",20,"1","9","1",0.333333333333333,-0.202834949143121,"Primary teachers",34,13,"Pre-Bologna training","Older side"
"R_8mOMnLyvUSiON21",57,"E. Primaria",25,"1","3","1",0.125,-0.329995627641239,"Primary teachers",34,23,"Pre-Bologna training","Older side"
"R_8pzzRtGYiHNBlHe",47,"E. Primaria",26,"1","10","2",0,-0.507398702320959,"Primary teachers",34,13,"Pre-Bologna training","Older side"
"R_2qvz90vEc77KFdR",38,"E. Primaria",3,"1","7","2",0.375,-0.0885743628198772,"Primary teachers",34,4,"Pre-Bologna training","Older side"
"R_2hwfwfbTTeuLU7n",46,"E. Primaria",21,"1","9","2",0.666666666666667,0.144377310889299,"Primary teachers",34,12,"Pre-Bologna training","Older side"
"R_8rp6JaNtTP1Oksp",41,"E. Primaria",15,"1","1","2",0.25,-0.214278975396207,"Primary teachers",34,7,"Pre-Bologna training","Older side"
"R_8PhuY3lFDUBdALK",41,"E. Secundaria",12,"1","6","1",0.333333333333333,-0.0879473691066529,"Secondary teachers",39,2,"Pre-Bologna training","Older side"
"R_8oR0PRsDm7CMYj7",49,"E. Secundaria",22,"1","9","1",0.666666666666667,0.154440895111986,"Secondary teachers",39,10,"Pre-Bologna training","Older side"
"R_8dGeuACcCQaZMiO",40,"E. Primaria",6,"1","4","2",0.555555555555556,0.0215002806285133,"Primary teachers",34,6,"Pre-Bologna training","Older side"
"R_2N3mIK2a34dfpXQ",48,"E. Primaria",25,"1","6","2",0.666666666666667,0.162583507724861,"Primary teachers",34,14,"Pre-Bologna training","Older side"
"R_2B1OGiAExSawZix",56,"E. Secundaria",28,NA,"9","2",0.555555555555556,0.134693483506886,"Secondary teachers",39,17,"Pre-Bologna training","Older side"
"R_2al2rIxsKRPSNH3",36,"E. Secundaria",9,"0","7","1",0.444444444444444,0.0322457922127985,"Secondary teachers",39,-3,"Bologna-era training","Younger side"
"R_2DA005cJ2DhNIdj",51,"E. Secundaria",5,"0","2","1",0,-0.357040788341808,"Secondary teachers",39,12,"Pre-Bologna training","Older side"
"R_22WE9lRelDodoet",58,"E. Primaria",33,"0","2","3",0.777777777777778,0.272641368262806,"Primary teachers",34,24,"Pre-Bologna training","Older side"
"R_2Ok0yA4ivCkbPhj",47,"E. Primaria",23,"1","9","3",0.444444444444444,0.0322457922127985,"Primary teachers",34,13,"Pre-Bologna training","Older side"
"R_2VPxRRKmP8xAwLh",43,"E. Secundaria",20,"1","8","2",0.444444444444444,-0.078269053188085,"Secondary teachers",39,4,"Pre-Bologna training","Older side"
"R_8hAVPO0Lk2iXs3X",41,"E. Secundaria",7,"0","10","3",0.666666666666667,0.162582317206152,"Secondary teachers",39,2,"Pre-Bologna training","Older side"
"R_2MS8q97cLfDmAEK",31,"E. Secundaria",2,"0","7","1",0.444444444444444,-0.0799678608401575,"Secondary teachers",39,-8,"Bologna-era training","Younger side"
"R_2CxlC1LwY9H1jCD",50,"E. Secundaria",10,"0","9","3",0.714285714285714,0.306574788093558,"Secondary teachers",39,11,"Pre-Bologna training","Older side"
"R_2ISUWK0XAoxalVL",50,"E. Primaria",5,"1","7","3",0.111111111111111,-0.401129909454273,"Primary teachers",34,16,"Pre-Bologna training","Older side"
"R_84C7aBWCChbpK4m",37,"E. Secundaria",5,"0","2","2",0.5,0.0445976855155629,"Secondary teachers",39,-2,"Bologna-era training","Younger side"
"R_8ZKzy0dl1akJzCU",40,"E. Primaria",8,"1","3","2",0.625,0.169990751505552,"Primary teachers",34,6,"Pre-Bologna training","Older side"
"R_2qjv1CoLx5BSHyk",38,"E. Primaria",10,NA,"2","3",0.333333333333333,-0.173260294656084,"Primary teachers",34,4,"Pre-Bologna training","Older side"
"R_8FE2KSM5fgthQ53",56,"E. Secundaria",23,"1","8","1",0,-0.535516735123942,"Secondary teachers",39,17,"Pre-Bologna training","Older side"
"R_8OeDaPDc1gvvlJv",48,"E. Primaria",24,"1","7","3",0.666666666666667,0.132959675557715,"Primary teachers",34,14,"Pre-Bologna training","Older side"
"R_2kVqp2ufQXHLAI1",46,"E. Primaria",17,NA,"3","1",0,-0.525553691569171,"Primary teachers",34,12,"Pre-Bologna training","Older side"
"R_29sRm8I2efdPpm1",42,"E. Primaria",14,"1","10","2",0.428571428571429,0.0199620208977385,"Primary teachers",34,8,"Pre-Bologna training","Older side"
"R_2N7ZRzWn1TBazwA",33,"E. Primaria",5,"1","4","3",0.666666666666667,0.132959675557715,"Primary teachers",34,-1,"Bologna-era training","Younger side"
"R_8SBLQwgNFS2l9nq",44,"E. Primaria",14,"0","8","2",0.375,-0.0888846536296459,"Primary teachers",34,10,"Pre-Bologna training","Older side"
"R_8CBRa1aKXvPvSng",46,"E. Secundaria",1,"1","7","2",0.555555555555556,0.0203569271366292,"Secondary teachers",39,7,"Pre-Bologna training","Older side"
"R_8cu9SoQSvgjcETx",42,"E. Secundaria",7,"1","9","2",0.375,-0.0792057362544242,"Secondary teachers",39,3,"Pre-Bologna training","Older side"
"R_8lVNbBhFEh46XpN",52,"E. Primaria",27,"1","7","2",0.375,-0.0792057362544242,"Primary teachers",34,18,"Pre-Bologna training","Older side"
"R_8B9vvDN0sxu5D97",63,"E. Secundaria",30,"1","6","2",0.333333333333333,-0.0896395419391924,"Secondary teachers",39,24,"Pre-Bologna training","Older side"
"R_2YPycvaSZyYthMx",56,"E. Primaria",29,"1","7","2",0.666666666666667,0.154440895111986,"Primary teachers",34,22,"Pre-Bologna training","Older side"
"R_8wn5pe4hX2Ubmfm",63,"E. Secundaria",30,NA,"10","3",0,-0.45507596183147,"Secondary teachers",39,24,"Pre-Bologna training","Older side"
"R_8qVWTQa9ZDnDWDg",31,"E. Primaria",4,"1","8","3",0.444444444444444,0.0218187913941409,"Primary teachers",34,-3,"Bologna-era training","Younger side"
"R_2Rwq9IylD5rYmTu",59,"E. Primaria",33,"0","4","1",0.555555555555556,0.133274968067709,"Primary teachers",34,25,"Pre-Bologna training","Older side"
"R_2QlyBnWhEddWFY2",28,"E. Primaria",3,"0","9","2",0.111111111111111,-0.414367301927497,"Primary teachers",34,-6,"Bologna-era training","Younger side"
"R_8XLFOSKVpgXaaOJ",41,"E. Primaria",18,"0","5","2",0.777777777777778,0.244414783916848,"Primary teachers",34,7,"Pre-Bologna training","Older side"
"R_2JI3zdBOWbqGVtw",51,"E. Primaria",30,"1","1","1",0.666666666666667,0.132959675557715,"Primary teachers",34,17,"Pre-Bologna training","Older side"
"R_8JCOh96l7erF56x",59,"E. Primaria",32,"0","5","1",0.714285714285714,0.306573370944352,"Primary teachers",34,25,"Pre-Bologna training","Older side"
"R_2kXE7VnxBKojdPr",48,"E. Primaria",15,"1","4","1",0.555555555555556,0.0329134660921206,"Primary teachers",34,14,"Pre-Bologna training","Older side"
"R_8nI9IP0sfwY7awV",35,"E. Primaria",7,"1","2","3",0.111111111111111,-0.312554051946094,"Primary teachers",34,1,"Pre-Bologna training","Older side"
"R_8M5nPbre8o7GRk0",43,"E. Secundaria",10,"1","3","2",0.333333333333333,-0.0792191759400678,"Secondary teachers",39,4,"Pre-Bologna training","Older side"
"R_2YY2ijxp69rlg9X",34,"E. Primaria",5,"1","4","2",0.111111111111111,-0.424334215843736,"Primary teachers",34,0,"Bologna-era training","Younger side"
"R_86kK1sAj6W5Vbb9",43,"E. Primaria",18,"1","4","2",0.5,0.0445976855155629,"Primary teachers",34,9,"Pre-Bologna training","Older side"
"R_2PAu7IQUzjZd2Wy",60,"E. Primaria",33,"0","7","2",0.25,-0.213964987819877,"Primary teachers",34,26,"Pre-Bologna training","Older side"
"R_8MuO87zYaAS4FDX",42,"E. Secundaria",20,"0","10","2",0.555555555555556,0.0496893502396057,"Secondary teachers",39,3,"Pre-Bologna training","Older side"
"R_2nACRsDJYQhT3bh",59,"E. Secundaria",34,"0","5","2",0.666666666666667,0.132959675557715,"Secondary teachers",39,20,"Pre-Bologna training","Older side"
"R_8IX1VamFbcYEkfe",50,"E. Secundaria",23,"1","7","1",0.428571428571429,0.0199620208977385,"Secondary teachers",39,11,"Pre-Bologna training","Older side"
"R_246o8Q4u1jXIQ0D",50,"E. Primaria",25,"0","2","3",0.555555555555556,0.0215002806285133,"Primary teachers",34,16,"Pre-Bologna training","Older side"
"R_8ALJdVHn12GP3YQ",52,"E. Secundaria",25,"0","6","3",0.555555555555556,0.0329134660921206,"Secondary teachers",39,13,"Pre-Bologna training","Older side"
"R_8DbBMsm5TBV78Dx",46,"E. Secundaria",16,NA,"4","3",0.571428571428571,0.163266991788916,"Secondary teachers",39,7,"Pre-Bologna training","Older side"
"R_81NA1nFqjDleCGd",48,"E. Primaria",19,"0","9","1",0.25,-0.106567372390571,"Primary teachers",34,14,"Pre-Bologna training","Older side"
"R_2Dwl5dMTd29BHwZ",66,"E. Secundaria",20,"1","8","3",0.333333333333333,-0.0789367270674072,"Secondary teachers",39,27,"Pre-Bologna training","Older side"
"R_891il9pbrMy7lKj",55,"E. Primaria",30,"1","6","3",0.555555555555556,0.133274968067709,"Primary teachers",34,21,"Pre-Bologna training","Older side"
"R_882OGuF47PsGpm9",29,"E. Primaria",5,"1","3","3",0.555555555555556,0.133274968067709,"Primary teachers",34,-5,"Bologna-era training","Younger side"
"R_2PEU2P3ZFFRlX7V",30,"E. Secundaria",1,"0","3","2",0.444444444444444,-0.0782701765437731,"Secondary teachers",39,-9,"Bologna-era training","Younger side"
"R_8ERyg0i2P8ioYBF",42,"E. Secundaria",4,"0","4","1",0.125,-0.331276894218135,"Secondary teachers",39,3,"Pre-Bologna training","Older side"
"R_2o0uJ2YoWuRMf34",49,"E. Primaria",22,"0","3","1",0.555555555555556,0.0429879164286182,"Primary teachers",34,15,"Pre-Bologna training","Older side"
"R_8diqYz5oDa8Oi6J",30,"E. Secundaria",5,"0","5","3",0.375,0.0188307167814037,"Secondary teachers",39,-9,"Bologna-era training","Younger side"
"R_2im8Zi2DXPDHTGv",53,"E. Secundaria",4,"0","5","2",0.5,0.0461910891424012,"Secondary teachers",39,14,"Pre-Bologna training","Older side"
"R_8r0scWpRYsZTVjd",47,"E. Secundaria",20,"1","9","2",0.555555555555556,0.133277124727474,"Secondary teachers",39,8,"Pre-Bologna training","Older side"
"R_8l4X33FncgqmoUN",51,"E. Secundaria",14,"1","2","1",0.111111111111111,-0.311137693166682,"Secondary teachers",39,12,"Pre-Bologna training","Older side"
"R_8VF6IHoHFvtOzLW",41,"E. Secundaria",8,"0","10","2",0.555555555555556,0.0203569271366292,"Secondary teachers",39,2,"Pre-Bologna training","Older side"
"R_86hTDtBiFPjGD3O",50,"E. Secundaria",17,"1","4","3",0.375,-0.0792057362544242,"Secondary teachers",39,11,"Pre-Bologna training","Older side"
"R_8UAgGkU0qG2sXK1",48,"E. Secundaria",25,"1","4","3",0.777777777777778,0.242998425137437,"Secondary teachers",39,9,"Pre-Bologna training","Older side"
"R_2S3qp1J8taq2UEf",55,"E. Secundaria",19,"1","2","3",0.444444444444444,-0.0684619480700268,"Secondary teachers",39,16,"Pre-Bologna training","Older side"
"R_8e33YJcOBAnSVzU",52,"E. Secundaria",24,"1","3","2",0.444444444444444,-0.0617848690777509,"Secondary teachers",39,13,"Pre-Bologna training","Older side"
"R_8qUvEKvwpzravKu",48,"E. Primaria",18,"1","9","1",0.5,0.0461910891424012,"Primary teachers",34,14,"Pre-Bologna training","Older side"
"R_2n8GVdAPekIyr8M",42,"E. Secundaria",5,"1","9","1",0.555555555555556,0.0429879164286182,"Secondary teachers",39,3,"Pre-Bologna training","Older side"
"R_2Dune4oTJD2Eefp",34,"E. Secundaria",9,"1","10","2",0.666666666666667,0.144377310889299,"Secondary teachers",39,-5,"Bologna-era training","Younger side"
"R_8HzagH7LQgpfqNw",45,"E. Primaria",12,"1","5","3",0.666666666666667,0.155857253891397,"Primary teachers",34,11,"Pre-Bologna training","Older side"
"R_8pKMIJ9iuloisD1",55,"E. Primaria",30,"0","7","2",0.666666666666667,0.132959675557715,"Primary teachers",34,21,"Pre-Bologna training","Older side"
"R_81WCbh3APtAHn8Z",42,"E. Secundaria",15,"0","4","1",0.333333333333333,-0.19001986188367,"Secondary teachers",39,3,"Pre-Bologna training","Older side"
"R_2O18T5JjUtDIxlW",52,"E. Primaria",20,"1","4","2",0.25,-0.213964987819877,"Primary teachers",34,18,"Pre-Bologna training","Older side"
"R_8ieAStahzCcuyiB",54,"E. Secundaria",27,"0","8","2",0.444444444444444,-0.0684619480700268,"Secondary teachers",39,15,"Pre-Bologna training","Older side"
"R_8XmU8IXkKBUMvat",59,"E. Primaria",34,"0","2","3",0,-0.357040788341808,"Primary teachers",34,25,"Pre-Bologna training","Older side"
"R_8n9J3gLKp4epKcP",35,"E. Primaria",8,"0","1","1",0.444444444444444,-0.0785515020607456,"Primary teachers",34,1,"Pre-Bologna training","Older side"
"R_8ir3XQBaeARwfuS",51,"E. Secundaria",18,"0","6","3",0.428571428571429,0.0199606301545253,"Secondary teachers",39,12,"Pre-Bologna training","Older side"
"R_8TtVgCHwgZ4THkB",47,"E. Secundaria",15,"1","3","3",0.666666666666667,0.162583507724861,"Secondary teachers",39,8,"Pre-Bologna training","Older side"
"R_8S8fF44rqxBVakG",30,"E. Secundaria",5,"0","7","2",0.25,-0.106567372390571,"Secondary teachers",39,-9,"Bologna-era training","Younger side"
"R_82xalOaEmMoOU5b",33,"E. Secundaria",5,"0","2","3",0.285714285714286,-0.123341550530833,"Secondary teachers",39,-6,"Bologna-era training","Younger side"
"R_872yluKl39q80r4",40,"E. Primaria",18,"1","2","3",0.666666666666667,0.162583507724861,"Primary teachers",34,6,"Pre-Bologna training","Older side"
"R_2qfdY3i0MS7jmw8",49,"E. Secundaria",3,"1","6","1",0.777777777777778,0.255842279042165,"Secondary teachers",39,10,"Pre-Bologna training","Older side"
"R_8MLPoysjHwQOw9S",48,"E. Secundaria",20,"1","9","1",0.375,0.0188307167814037,"Secondary teachers",39,9,"Pre-Bologna training","Older side"
"R_2DTd0EEzylmJFc1",42,"E. Secundaria",17,"0","4","1",0.333333333333333,-0.179912848511753,"Secondary teachers",39,3,"Pre-Bologna training","Older side"
"R_8tJ4i1WzxkLMivV",25,"E. Secundaria",2,"1","2","2",0.666666666666667,0.246149660180454,"Secondary teachers",39,-14,"Bologna-era training","Younger side"
"R_2MRI1vshZvCLYKO",32,"E. Primaria",5,"0","9","3",0.375,0.0188307167814037,"Primary teachers",34,-2,"Bologna-era training","Younger side"
"R_2vvyquCjrYyNdsZ",48,"E. Primaria",23,"0","1","1",0.375,0.0188307167814037,"Primary teachers",34,14,"Pre-Bologna training","Older side"
"R_2OAG0ngCO9YPRKr",30,"E. Primaria",5,"0","5","1",0.625,0.169993255135816,"Primary teachers",34,-4,"Bologna-era training","Younger side"
"R_2IQc4pD3onuinrf",59,"E. Secundaria",30,"1","6","3",0.375,-0.0792057362544242,"Secondary teachers",39,20,"Pre-Bologna training","Older side"
"R_8SHSEp734kZV7Vk",30,"E. Secundaria",5,"1","4","1",0.888888888888889,0.467649968067709,"Secondary teachers",39,-9,"Bologna-era training","Younger side"
"R_2amNwkSKdT44Oeo",32,"E. Primaria",8,"1","9","2",0.555555555555556,0.0215024239135477,"Primary teachers",34,-2,"Bologna-era training","Younger side"
"R_85RghVav6aaw2d3",48,"E. Primaria",19,"1","2","2",0.625,0.269621863944791,"Primary teachers",34,14,"Pre-Bologna training","Older side"
"R_8kLgdMl56hsyAyR",30,"E. Primaria",3,"1","3","2",0.222222222222222,-0.30290233377463,"Primary teachers",34,-4,"Bologna-era training","Younger side"
"R_8EE6huaK1XFEVii",56,"E. Secundaria",27,"1","4","3",0.666666666666667,0.131543316778303,"Secondary teachers",39,17,"Pre-Bologna training","Older side"
"R_8jCVIFFIiKkBbhT",54,"E. Secundaria",33,"1","10","3",0.444444444444444,-0.060368510298339,"Secondary teachers",39,15,"Pre-Bologna training","Older side"
"R_8M5NeICUbolWIDL",45,"E. Secundaria",15,"1","6","2",0.777777777777778,0.274057727042218,"Secondary teachers",39,6,"Pre-Bologna training","Older side"
"R_2TmExBdBSMvqF0F",53,"E. Secundaria",22,"0","5","3",0.777777777777778,0.254425920262753,"Secondary teachers",39,14,"Pre-Bologna training","Older side"
"R_2nYUCGutNYp59UR",53,"E. Secundaria",22,"0","1","3",0.555555555555556,0.04440427520803,"Secondary teachers",39,14,"Pre-Bologna training","Older side"
"R_8qWmgCSS9d1D6oO",33,"E. Secundaria",6,"1","3","1",0.5,0.0445976855155629,"Secondary teachers",39,-6,"Bologna-era training","Younger side"
"R_2DOygul1zbP6CDk",56,"E. Secundaria",23,"0","7","2",0.777777777777778,0.265890759610631,"Secondary teachers",39,17,"Pre-Bologna training","Older side"
"R_24f64SWpVot7E6B",35,"E. Secundaria",6,"1","8","3",0.444444444444444,0.0232351501735528,"Secondary teachers",39,-4,"Bologna-era training","Younger side"
"R_8MKBfpX1ZiN6WZG",56,"E. Secundaria",33,"1","5","2",0.555555555555556,0.0329134660921206,"Secondary teachers",39,17,"Pre-Bologna training","Older side"
"R_83DzhmeXHXKOGS1",48,"E. Secundaria",24,"1","7","2",0.444444444444444,-0.0899548277306198,"Secondary teachers",39,9,"Pre-Bologna training","Older side"
"R_8IQxNQNpwlGbWgC",60,"E. Primaria",34,"0","8","2",0.285714285714286,-0.123341550530833,"Primary teachers",34,26,"Pre-Bologna training","Older side"
"R_8a9Xaq7iHfdaXqb",43,"E. Primaria",20,"1","3","3",0.375,0.0188294530062546,"Primary teachers",34,9,"Pre-Bologna training","Older side"
"R_8h5OASUALQomFNO",46,"E. Primaria",21,"1","9","2",0.444444444444444,0.0232351501735528,"Primary teachers",34,12,"Pre-Bologna training","Older side"
"R_2ORvVSIZYZrFlVD",42,"E. Secundaria",16,"1","8","1",0.222222222222222,-0.289947390174067,"Secondary teachers",39,3,"Pre-Bologna training","Older side"
"R_2aLDbdddPCIhZ33",55,"E. Secundaria",30,"1","9","1",0.125,-0.331279397848399,"Secondary teachers",39,16,"Pre-Bologna training","Older side"
"R_8E0yhr7u6mCYsNl",51,"E. Primaria",23,"1","4","3",0.444444444444444,-0.0782724448581434,"Primary teachers",34,17,"Pre-Bologna training","Older side"
"R_8QGxVVmroUZHJcv",27,"E. Secundaria",3,"0","4","2",0.666666666666667,0.155857253891397,"Secondary teachers",39,-12,"Bologna-era training","Younger side"
"R_8vU59HUdSyjSEI9",62,"E. Primaria",27,"1","10","3",0.428571428571429,0.0199620208977385,"Primary teachers",34,28,"Pre-Bologna training","Older side"
"R_22hG4u9mUaRxIF5",41,"E. Primaria",10,"0","10","1",0.5,0.144227542178229,"Primary teachers",34,7,"Pre-Bologna training","Older side"
"R_2fMHXyv0DcWxgyZ",40,"E. Secundaria",10,"0","1","3",0.555555555555556,0.0314959839570207,"Secondary teachers",39,1,"Pre-Bologna training","Older side"
"R_2uTLCOe82Zf8K6o",31,"E. Secundaria",7,"1","1","3",0.555555555555556,0.0203547838515948,"Secondary teachers",39,-8,"Bologna-era training","Younger side"
"R_2sXR1krDzOH3Pal",37,"E. Secundaria",30,"1","6","3",0.375,-0.0807991398812625,"Secondary teachers",39,-2,"Bologna-era training","Younger side"
"R_2Or8v09pfFX43gn",45,"E. Secundaria",21,"1","7","2",0.428571428571429,0.0199634203603449,"Secondary teachers",39,6,"Pre-Bologna training","Older side"
"R_2RqoK2zfwRTU4EG",36,"E. Secundaria",6,"1","10","1",0.333333333333333,-0.178496489732341,"Secondary teachers",39,-3,"Bologna-era training","Younger side"
"R_8xchyLjol7VCmmB",30,"E. Secundaria",4,"0","9","1",0.5,0.0365059713703541,"Secondary teachers",39,-9,"Bologna-era training","Younger side"
"R_2NOC5jp64xtQsxj",51,"E. Secundaria",23,"1","1","3",0.125,-0.339049676166761,"Secondary teachers",39,12,"Pre-Bologna training","Older side"
"R_86aMj5Ufly08FZX",32,"E. Secundaria",3,"0","4","1",0.444444444444444,-0.0899548277306198,"Secondary teachers",39,-7,"Bologna-era training","Younger side"
"R_83f3Kadq0vvksCY",36,"E. Primaria",4,"1","10","2",0.666666666666667,0.162583507724861,"Primary teachers",34,2,"Pre-Bologna training","Older side"
"R_8omkKTihMyoA8V3",55,"E. Secundaria",27,"1","3","3",0.111111111111111,-0.312282108254435,"Secondary teachers",39,16,"Pre-Bologna training","Older side"
"R_8QNwkWDxPu29G2l",49,"E. Secundaria",20,"1","7","1",0.555555555555556,0.133277124727474,"Secondary teachers",39,10,"Pre-Bologna training","Older side"
"R_2G9TdKqzo9ERinK",44,"E. Secundaria",15,"1","6","2",0.444444444444444,0.0218187913941409,"Secondary teachers",39,5,"Pre-Bologna training","Older side"
"R_8n2wOKEdx1eRyxI",50,"E. Primaria",27,"1","10","1",0.666666666666667,0.144377310889299,"Primary teachers",34,16,"Pre-Bologna training","Older side"
"R_8S6mPbNUDzUQrXg",44,"E. Secundaria",5,"1","5","2",0.555555555555556,0.0496893502396057,"Secondary teachers",39,5,"Pre-Bologna training","Older side"
"R_8oCqILQgdcdDF6x",47,"E. Secundaria",19,"1","1","3",0.444444444444444,0.0232351501735528,"Secondary teachers",39,8,"Pre-Bologna training","Older side"
"R_8sMjITeDNk4GRY5",49,"E. Primaria",21,"1","4","3",0.5,0.044595181885299,"Primary teachers",34,15,"Pre-Bologna training","Older side"
"R_8MTLn3GCJjRTszL",47,"E. Secundaria",19,"1","8","2",0.222222222222222,-0.200825931580867,"Secondary teachers",39,8,"Pre-Bologna training","Older side"
"R_2NsvxhYwVlzKFTI",46,"E. Primaria",22,"1","4","2",0.222222222222222,-0.301483706680848,"Primary teachers",34,12,"Pre-Bologna training","Older side"
"R_8KxVI36mnxvayVS",46,"E. Secundaria",5,"0","2","3",0.625,0.161895379470043,"Secondary teachers",39,7,"Pre-Bologna training","Older side"
"R_2ziNIUNtQboLUFN",47,"E. Primaria",23,"0","5","3",0.555555555555556,0.0200839218491015,"Primary teachers",34,13,"Pre-Bologna training","Older side"
"R_8KGtdR9jo8WxzBh",32,"E. Primaria",5,"1","1","1",0.25,-0.106567372390571,"Primary teachers",34,-2,"Bologna-era training","Younger side"
"R_8zSecO0100NMkDr",50,"E. Primaria",20,"1","1","2",0.5,0.0461910891424012,"Primary teachers",34,16,"Pre-Bologna training","Older side"
"R_2niQGW0rM6A02vp",32,"E. Primaria",6,"1","3","1",0.625,0.161897820900135,"Primary teachers",34,-2,"Bologna-era training","Younger side"
"R_8fp46IxP0lgrvn9",49,"E. Secundaria",18,"0","4","3",0.666666666666667,0.246425474233582,"Secondary teachers",39,10,"Pre-Bologna training","Older side"
"R_20Shgf0J3MiErSZ",39,"E. Primaria",9,"1","8","2",0.375,-0.0807991398812625,"Primary teachers",34,5,"Pre-Bologna training","Older side"
"R_8pPCIj9KtdMxLlV",34,"E. Primaria",10,"1","6","2",0.444444444444444,-0.0911024677925727,"Primary teachers",34,0,"Bologna-era training","Younger side"
"R_8fAyDtw9DbAKxoz",36,"E. Secundaria",5,"1","6","2",0.333333333333333,-0.0792191759400678,"Secondary teachers",39,-3,"Bologna-era training","Younger side"
"R_2G2Ifr2yWXiKeFw",49,"E. Secundaria",10,"1","4","3",0.25,-0.106567372390571,"Secondary teachers",39,10,"Pre-Bologna training","Older side"
"R_84sX4LAro9JV0xH",44,"E. Primaria",21,"1","5","1",0.333333333333333,-0.178228108570821,"Primary teachers",34,10,"Pre-Bologna training","Older side"
"R_2rxlKCuzZZGqtpv",49,"E. Primaria",22,"1","3","2",0.555555555555556,0.134691326847121,"Primary teachers",34,15,"Pre-Bologna training","Older side"
"R_2wEyyuYnGeTMxPx",54,"E. Secundaria",28,"1","8","3",0.5,0.144227542178229,"Secondary teachers",39,15,"Pre-Bologna training","Older side"
"R_2wLaJnrZ3hjNc6B",59,"E. Secundaria",33,"0","7","1",0.444444444444444,-0.0684619480700268,"Secondary teachers",39,20,"Pre-Bologna training","Older side"
"R_81vlMoz1zMOfs9J",38,"E. Secundaria",10,"0","8","3",0.444444444444444,-0.067045589290615,"Secondary teachers",39,-1,"Bologna-era training","Younger side"
"R_8QuihEv2lLTowVI",38,"E. Primaria",17,"1","6","2",0.666666666666667,0.161167148945449,"Primary teachers",34,4,"Pre-Bologna training","Older side"
"R_2vlkdXE9VR4ji6d",56,"E. Secundaria",18,"0","1","3",0.428571428571429,0.0199634203603449,"Secondary teachers",39,17,"Pre-Bologna training","Older side"
"R_2GN361VIxXQlJw1",33,"E. Secundaria",5,"0","1","1",0.666666666666667,0.142960952109887,"Secondary teachers",39,-6,"Bologna-era training","Younger side"
"R_2niT9SMKsPA0RZN",32,"E. Secundaria",4,"1","1","2",0.375,-0.0807978841046903,"Secondary teachers",39,-7,"Bologna-era training","Younger side"
"R_85EV4fy0TDPwAVz",58,"E. Primaria",33,NA,"9","1",0.444444444444444,-0.0899548277306198,"Primary teachers",34,24,"Pre-Bologna training","Older side"
"R_8fVvTq256nlxqEh",31,"E. Secundaria",1,"0","5","3",0.625,0.269621863944791,"Secondary teachers",39,-8,"Bologna-era training","Younger side"
"R_2hzkexs7RP8zJw4",28,"E. Secundaria",5,"1","8","3",0.444444444444444,0.0322446688571103,"Secondary teachers",39,-11,"Bologna-era training","Younger side"
"R_8nCK4JDoqliNziy",59,"E. Primaria",35,"0","10","1",0.555555555555556,0.0511080978887955,"Primary teachers",34,25,"Pre-Bologna training","Older side"
"R_2mUfhZEdF3ShzLP",40,"E. Secundaria",12,"0","7","1",0.142857142857143,-0.266649346835475,"Secondary teachers",39,1,"Pre-Bologna training","Older side"
"R_2fjhNzn96Vyfwz8",28,"E. Primaria",5,"1","5","3",0.5,0.0445976855155629,"Primary teachers",34,-6,"Bologna-era training","Younger side"
"R_2aFsNaZF27GJzKU",53,"E. Primaria",24,"1","5","1",0.444444444444444,-0.067045589290615,"Primary teachers",34,19,"Pre-Bologna training","Older side"
"R_2uNyFh7g7bul1r9",45,"E. Primaria",15,"1","8","3",0.555555555555556,0.0329134660921206,"Primary teachers",34,11,"Pre-Bologna training","Older side"
"R_2jhlmxfXfDKcmGJ",34,"E. Primaria",1,"1","9","1",0.333333333333333,-0.0896395419391924,"Primary teachers",34,0,"Bologna-era training","Younger side"
"R_8UclTTse745qHIj",32,"E. Secundaria",5,"0","5","2",0.666666666666667,0.142960952109887,"Secondary teachers",39,-7,"Bologna-era training","Younger side"
"R_8EYxpXeL4ibOj1s",30,"E. Secundaria",4,"0","5","1",0,-0.505978473180078,"Secondary teachers",39,-9,"Bologna-era training","Younger side"
"R_8Q0bAcXzXUdFx84",23,"E. Primaria",23,"1","4","1",0.666666666666667,0.154440895111986,"Primary teachers",34,-11,"Bologna-era training","Younger side"
"R_2iM0jADsZWDVzup",40,"E. Secundaria",5,"1","4","2",0.666666666666667,0.155857253891397,"Secondary teachers",39,1,"Pre-Bologna training","Older side"
"R_8DT2NkHLlo6zu22",45,"E. Secundaria",15,"0","10","2",0.666666666666667,0.131543316778303,"Secondary teachers",39,6,"Pre-Bologna training","Older side"
"R_2g1kRGQdKxIz5Gl",30,"E. Secundaria",2,"0","5","1",0.333333333333333,-0.202831703630926,"Secondary teachers",39,-9,"Bologna-era training","Younger side"
"R_8GpTQohLHsLNqrd",40,"E. Secundaria",15,"0","7","1",0.333333333333333,-0.190018738527982,"Secondary teachers",39,1,"Pre-Bologna training","Older side"
"R_2g13do2YCqT42lL",50,"E. Secundaria",4,"1","3","2",0,-0.456673719614961,"Secondary teachers",39,11,"Pre-Bologna training","Older side"
"R_8zwNNJLFsGCsgpp",56,"E. Secundaria",6,"1","7","2",0.888888888888889,0.467649968067709,"Secondary teachers",39,17,"Pre-Bologna training","Older side"
"R_8gdbEuFfnHTfMhm",35,"E. Secundaria",8,"1","4","3",0.375,-0.0792057362544242,"Secondary teachers",39,-4,"Bologna-era training","Younger side"
"R_271t7lnskTlBSqB",55,"E. Secundaria",10,"0","8","3",0.777777777777778,0.267307118390042,"Secondary teachers",39,16,"Pre-Bologna training","Older side"
"R_8B5JJifAt1vqJeO",45,"E. Primaria",17,"0","5","2",0.5,0.0365071959001347,"Primary teachers",34,11,"Pre-Bologna training","Older side"
"R_28rmSaNrQtoREC5",44,"E. Primaria",15,"1","10","2",0.777777777777778,0.244414783916848,"Primary teachers",34,10,"Pre-Bologna training","Older side"
"R_2MhAII2A9letOhj",50,"E. Secundaria",12,"1","3","2",0.444444444444444,-0.060368510298339,"Secondary teachers",39,11,"Pre-Bologna training","Older side"
"R_8EEtnAqnCArjxcQ",49,"E. Secundaria",15,"0","1","3",0.444444444444444,0.0232351501735528,"Secondary teachers",39,10,"Pre-Bologna training","Older side"
"R_8jDhg5iiiWMsBd5",47,"E. Primaria",20,"1","8","1",0.111111111111111,-0.3122842649142,"Primary teachers",34,13,"Pre-Bologna training","Older side"
"R_8D0TdWBn8d6RGKJ",49,"E. Secundaria",21,"0","7","1",0.666666666666667,0.154440895111986,"Secondary teachers",39,10,"Pre-Bologna training","Older side"
"R_8y4oFxwY6d8VZ9q",49,"E. Primaria",28,"1","7","1",0.666666666666667,0.144377310889299,"Primary teachers",34,15,"Pre-Bologna training","Older side"
"R_2lgJx9cGycSvXy1",29,"E. Primaria",6,"0","3","2",0.777777777777778,0.274058925393287,"Primary teachers",34,-5,"Bologna-era training","Younger side"
"R_2auczXCE9bv6SFH",45,"E. Secundaria",20,"0","3","3",0.222222222222222,-0.30290006546026,"Secondary teachers",39,6,"Pre-Bologna training","Older side"
"R_8M8FaNOMiTqyHvP",52,"E. Primaria",25,"1","5","1",0.555555555555556,0.143709637009977,"Primary teachers",34,18,"Pre-Bologna training","Older side"
"R_8V1q1qUJQZt8iQ0",40,"E. Primaria",18,"1","1","1",0.444444444444444,0.0322457922127985,"Primary teachers",34,6,"Pre-Bologna training","Older side"
"R_8U4MqLQ4dD39PUo",45,"E. Primaria",20,"0","4","1",0.888888888888889,0.355874205721098,"Primary teachers",34,11,"Pre-Bologna training","Older side"
"R_2NyusIpkwQRmU06",57,"E. Secundaria",30,"1","1","1",0.555555555555556,0.0200860651341359,"Secondary teachers",39,18,"Pre-Bologna training","Older side"
"R_8rHEWwuFiUi29K1",48,"E. Secundaria",22,"1","1","2",0.666666666666667,0.154440895111986,"Secondary teachers",39,9,"Pre-Bologna training","Older side"
"R_8JavANf7mK23FCf",56,"E. Secundaria",19,"0","1","1",0.777777777777778,0.274057727042218,"Secondary teachers",39,17,"Pre-Bologna training","Older side"
"R_2TY4CtRhySVXdeQ",44,"E. Primaria",22,"1","5","2",0.444444444444444,-0.0684619480700268,"Primary teachers",34,10,"Pre-Bologna training","Older side"
"R_82nnfPLBlzurJG8",44,"E. Secundaria",8,NA,"6","3",0.5,0.0445976855155629,"Secondary teachers",39,5,"Pre-Bologna training","Older side"
"R_8duDLcf7r647mZd",27,"E. Secundaria",2,"1","4","1",0.625,0.169992007282124,"Secondary teachers",39,-12,"Bologna-era training","Younger side"
"R_26fhpIVZmZs4wnC",32,"E. Secundaria",2,"1","1","1",0.666666666666667,0.132959675557715,"Secondary teachers",39,-7,"Bologna-era training","Younger side"
"R_8RxTCWr0nhLFygk",44,"E. Secundaria",10,"1","3","2",0.666666666666667,0.154440895111986,"Secondary teachers",39,5,"Pre-Bologna training","Older side"
"R_8poNpiVFJ2G82Up",47,"E. Primaria",21,"0","5","2",0.444444444444444,-0.060368510298339,"Primary teachers",34,13,"Pre-Bologna training","Older side"
"R_2iXfeml588nyr2J",46,"E. Primaria",23,"1","8","2",0.777777777777778,0.254425920262753,"Primary teachers",34,12,"Pre-Bologna training","Older side"
"R_2EbMpORXmIGIYGp",49,"E. Primaria",17,"1","2","3",0.111111111111111,-0.394795953899873,"Primary teachers",34,15,"Pre-Bologna training","Older side"
"R_8dQG7GjHOc1JTvc",51,"E. Secundaria",22,"0","3","1",0,-0.357040788341808,"Secondary teachers",39,12,"Pre-Bologna training","Older side"
"R_2siZrDvHs0CPbil",39,"E. Primaria",12,"1","10","1",0.285714285714286,-0.123341550530833,"Primary teachers",34,5,"Pre-Bologna training","Older side"
"R_2K1L35LXUSPPy6K",46,"E. Secundaria",5,"1","9","2",0.666666666666667,0.161167148945449,"Secondary teachers",39,7,"Pre-Bologna training","Older side"
"R_8V03pHJAFFsCQNP",48,"E. Secundaria",7,"1","9","3",0.777777777777778,0.272641368262806,"Secondary teachers",39,9,"Pre-Bologna training","Older side"
"R_8394MWR2fRRGDbH",27,"E. Secundaria",1,"1","3","3",0.666666666666667,0.144377310889299,"Secondary teachers",39,-12,"Bologna-era training","Younger side"
"R_2v63Cp7SjEb9une",61,"E. Primaria",36,"0","10","2",0.125,-0.331278149994708,"Primary teachers",34,27,"Pre-Bologna training","Older side"
"R_2tfvOGPLj3qX8jL",57,"E. Secundaria",34,"0","9","2",0.444444444444444,-0.067045589290615,"Secondary teachers",39,18,"Pre-Bologna training","Older side"
"R_8BWowI5qqoaLO2y",33,"E. Secundaria",6,"0","1","3",0.555555555555556,0.133277124727474,"Secondary teachers",39,-6,"Bologna-era training","Younger side"
"R_2hF6NZfGSsxTXkI",55,"E. Secundaria",31,"0","5","3",0.333333333333333,-0.0882231831597806,"Secondary teachers",39,16,"Pre-Bologna training","Older side"
"R_2jSCI9F5g1g9CrD",52,"E. Primaria",27,"1","2","1",0.555555555555556,0.0215002806285133,"Primary teachers",34,18,"Pre-Bologna training","Older side"
"R_8FXitXDvGetcPgR",51,"E. Primaria",30,"1","3","1",0.666666666666667,0.142962075465575,"Primary teachers",34,17,"Pre-Bologna training","Older side"
"R_8BeAljVhdBKmBjj",30,"E. Secundaria",5,"1","4","3",0.444444444444444,0.0218187913941409,"Secondary teachers",39,-9,"Bologna-era training","Younger side"
"R_2v5gFlvLiM7MopP",45,"E. Primaria",23,"1","4","2",0.5,0.0365059713703541,"Primary teachers",34,11,"Pre-Bologna training","Older side"
"R_83daVoy57PhXgUT",31,"E. Primaria",8,"1","2","1",0.555555555555556,0.0429889523716993,"Primary teachers",34,-3,"Bologna-era training","Younger side"
"R_2cIthqks2W4pySZ",44,"E. Primaria",16,"1","9","1",0.5,0.0445964297389906,"Primary teachers",34,10,"Pre-Bologna training","Older side"
"R_2yn6ooy7HBu7s7D",42,"E. Primaria",15,"0","10","1",0.625,0.161897820900135,"Primary teachers",34,8,"Pre-Bologna training","Older side"
"R_8oEkS7jY2f7P8gp",34,"E. Secundaria",9,"1","3","3",0.777777777777778,0.244414783916848,"Secondary teachers",39,-5,"Bologna-era training","Younger side"
"R_8tJrMCW6MDlX5hY",44,"E. Primaria",20,"1","6","2",0.333333333333333,-0.0792191759400678,"Primary teachers",34,10,"Pre-Bologna training","Older side"
"R_2cYq70d7s4Cf7k1",31,"E. Secundaria",3,"1","2","3",0.555555555555556,0.0511057090190175,"Secondary teachers",39,-8,"Bologna-era training","Younger side"
"R_8kLgqLKMc4PUcWs",32,"E. Secundaria",6,"0","1","2",0.75,0.296980980529216,"Secondary teachers",39,-7,"Bologna-era training","Younger side"
"R_2CUZol74Z3EzBX1",45,"E. Secundaria",10,"1","3","2",0.444444444444444,0.0322457922127985,"Secondary teachers",39,6,"Pre-Bologna training","Older side"
"R_8QSeijHGGpdYMvW",45,"E. Primaria",21,"1","7","3",0.5,0.0445976855155629,"Primary teachers",34,11,"Pre-Bologna training","Older side"
"R_8LizFjDLdABG7Mq",51,"E. Secundaria",23,"1","8","2",0.333333333333333,-0.201412079374787,"Secondary teachers",39,12,"Pre-Bologna training","Older side"
"R_2zdtQC5fgJSwvo5",46,"E. Primaria",22,"1","10","3",0,-0.413048601982842,"Primary teachers",34,12,"Pre-Bologna training","Older side"
"R_2VeSeG8VsJVG23j",46,"E. Secundaria",20,"1","9","1",0.444444444444444,0.0232351501735528,"Secondary teachers",39,7,"Pre-Bologna training","Older side"
"R_2gSDpPwkRCD7L6C",43,"E. Primaria",19,"1","8","2",0.444444444444444,-0.0799678608401575,"Primary teachers",34,9,"Pre-Bologna training","Older side"
"R_21O8XlxJod6Iz0B",36,"E. Secundaria",8,"0","9","1",0.666666666666667,0.155857253891397,"Secondary teachers",39,-3,"Bologna-era training","Younger side"
"R_2nXN5zyaWVNurUl",55,"E. Secundaria",30,"1","6","2",0.428571428571429,0.0199620208977385,"Secondary teachers",39,16,"Pre-Bologna training","Older side"
"R_2HpisYLHApZDPlI",41,"E. Primaria",9,"1","9","2",0.285714285714286,-0.123341550530833,"Primary teachers",34,7,"Pre-Bologna training","Older side"
"R_8p3iK23nv94VBmr",59,"E. Secundaria",30,"0","4","1",0,-0.357040788341808,"Secondary teachers",39,20,"Pre-Bologna training","Older side"
"R_8uwXTnpDhTBRBBd",32,"E. Secundaria",2,"0","5","1",0.666666666666667,0.154440895111986,"Secondary teachers",39,-7,"Bologna-era training","Younger side"
"R_8qexzyWRqofeeAH",39,"E. Secundaria",6,"1","3","2",0.777777777777778,0.254425920262753,"Secondary teachers",39,0,"Bologna-era training","Younger side"
"R_8MbTzbT8xTvUPnV",51,"E. Primaria",27,"1","7","2",0.444444444444444,0.0232351501735528,"Primary teachers",34,17,"Pre-Bologna training","Older side"
"R_8TdSlvS029YeKpr",51,"E. Primaria",26,"0","5","2",0.5,0.0461910891424012,"Primary teachers",34,17,"Pre-Bologna training","Older side"
"R_8punwFmkVB7BPeU",45,"E. Secundaria",18,"0","6","3",0.5,0.144223774772816,"Secondary teachers",39,6,"Pre-Bologna training","Older side"
"R_8MbURzTxSRjKwZR",41,"E. Secundaria",3,"0","10","3",0.777777777777778,0.272641368262806,"Secondary teachers",39,2,"Pre-Bologna training","Older side"
"R_8WJkXnQWcg90CPf",50,"E. Primaria",21,"1","2","2",0.222222222222222,-0.289679009012547,"Primary teachers",34,16,"Pre-Bologna training","Older side"
"R_2ijONFXOtqF09Iu",50,"E. Primaria",25,"1","5","2",0.777777777777778,0.242998425137437,"Primary teachers",34,16,"Pre-Bologna training","Older side"
"R_8Jy8U3JbFVeJvkB",44,"E. Primaria",18,"1","6","3",0.666666666666667,0.144377310889299,"Primary teachers",34,10,"Pre-Bologna training","Older side"
"R_8KusmWrX6Cgpit6",36,"E. Secundaria",11,"1","2","3",0.444444444444444,0.0235109642266804,"Secondary teachers",39,-3,"Bologna-era training","Younger side"
"R_82VOxLz4B2bGo6s",50,"E. Secundaria",24,"0","8","1",0.555555555555556,0.143709637009977,"Secondary teachers",39,11,"Pre-Bologna training","Older side"
"R_8fBNdBFD4265pap",47,"E. Secundaria",24,"1","7","2",0.222222222222222,-0.20109571861276,"Secondary teachers",39,8,"Pre-Bologna training","Older side"
"R_8ImHz072NiJEbnb",41,"E. Primaria",20,NA,"3","3",0.625,0.169992007282124,"Primary teachers",34,7,"Pre-Bologna training","Older side"
"R_8M5nnziPjm5XTK6",43,"E. Secundaria",6,"1","7","1",0.444444444444444,0.0322457922127985,"Secondary teachers",39,4,"Pre-Bologna training","Older side"
"R_2gezsilSC8vyP2b",49,"E. Primaria",23,"1","7","3",0.222222222222222,-0.30290233377463,"Primary teachers",34,15,"Pre-Bologna training","Older side"
"R_2dophSPK1gVCSNI",39,"E. Primaria",19,"1","9","3",0.777777777777778,0.267307118390042,"Primary teachers",34,5,"Pre-Bologna training","Older side"
"R_2Xndqph4pzC7jpL",55,"E. Primaria",33,"1","1","3",0.444444444444444,0.0322457922127985,"Primary teachers",34,21,"Pre-Bologna training","Older side"
"R_2uZY49Ig3t55LtB",48,"E. Secundaria",20,"0","7","1",0.333333333333333,-0.178496489732341,"Secondary teachers",39,9,"Pre-Bologna training","Older side"
"R_2dtpN7rPltRp9mM",30,"E. Primaria",4,"1","5","1",0.5,0.0461910891424012,"Primary teachers",34,-4,"Bologna-era training","Younger side"
"R_8BUXNSLitRYm8aJ",55,"E. Primaria",34,"1","2","2",0.666666666666667,0.255171256358031,"Primary teachers",34,21,"Pre-Bologna training","Older side"
"R_206weV6wUg92rZX",33,"E. Primaria",7,"0","3","2",0.666666666666667,0.131543316778303,"Primary teachers",34,-1,"Bologna-era training","Younger side"
"R_2pl6tWD54NnmdbW",36,"E. Primaria",10,"1","8","1",0.444444444444444,0.0218187913941409,"Primary teachers",34,2,"Pre-Bologna training","Older side"
"R_8Hm7MsAHZh87YMp",46,"E. Primaria",20,"1","7","2",0.444444444444444,-0.0785515020607456,"Primary teachers",34,12,"Pre-Bologna training","Older side"
"R_8zMIefqkwJicTnK",42,"E. Primaria",19,"1","6","1",0.555555555555556,0.134691326847121,"Primary teachers",34,8,"Pre-Bologna training","Older side"
"R_8UbgQEbNVwsohi1",60,"E. Primaria",35,"0","7","2",0,-0.507398702320959,"Primary teachers",34,26,"Pre-Bologna training","Older side"
"R_8WMBAjxK71xghJT",40,"E. Primaria",17,"1","7","3",0.666666666666667,0.154440895111986,"Primary teachers",34,6,"Pre-Bologna training","Older side"
"R_8oARb0gwUAI1O4T",63,"E. Primaria",35,"1","3","2",0,-0.464443997933322,"Primary teachers",34,29,"Pre-Bologna training","Older side"
"R_20SfJ6JDe8LBCWm",52,"E. Secundaria",19,"1","7","2",0,-0.464443997933322,"Secondary teachers",39,13,"Pre-Bologna training","Older side"
"R_8e5yg2zpeV7obCL",41,"E. Primaria",18,"1","8","3",0.666666666666667,0.131543316778303,"Primary teachers",34,7,"Pre-Bologna training","Older side"
"R_8S4MbBGPNjFf0pb",46,"E. Primaria",17,"1","6","3",0.444444444444444,-0.060368510298339,"Primary teachers",34,12,"Pre-Bologna training","Older side"
"R_2zb3reDWM4lv4rv",56,"E. Secundaria",33,"1","1","3",0.875,0.412681550766385,"Secondary teachers",39,17,"Pre-Bologna training","Older side"
"R_8Fyz8vaEJBE0Mus",57,"E. Primaria",35,"1","6","1",0.555555555555556,0.0317745624682127,"Primary teachers",34,23,"Pre-Bologna training","Older side"
"R_8xIBuvGbnJeWmeB",37,"E. Secundaria",14,"1","2","1",0.444444444444444,0.0232351501735528,"Secondary teachers",39,-2,"Bologna-era training","Younger side"
"R_8WYGZepqjvOh3Ub",40,"E. Secundaria",3,"0","4","1",0.888888888888889,0.38411797644994,"Secondary teachers",39,1,"Pre-Bologna training","Older side"
"R_8E9HDSCyiMGrjSR",52,"E. Secundaria",20,"1","8","1",0.75,0.295387576902378,"Secondary teachers",39,13,"Pre-Bologna training","Older side"
"R_8162Pb1QOhQNzra",58,"E. Primaria",28,"1","6","2",0.444444444444444,0.0322446688571103,"Primary teachers",34,24,"Pre-Bologna training","Older side"
"R_8FLhyi9pKBWTSnX",41,"E. Secundaria",10,"1","6","2",0.5,0.0461910891424012,"Secondary teachers",39,2,"Pre-Bologna training","Older side"
"R_2EbR6ygj3IWM12O",45,"E. Primaria",25,"0","1","2",0.555555555555556,0.0215002806285133,"Primary teachers",34,11,"Pre-Bologna training","Older side"
"R_8QEL20JmdG9xK00",41,"E. Secundaria",17,"1","1","3",0.666666666666667,0.142960952109887,"Secondary teachers",39,2,"Pre-Bologna training","Older side"
"R_8YgVx3J1QLGVJ1D",50,"E. Secundaria",23,"1","4","1",0,-0.357040788341808,"Secondary teachers",39,11,"Pre-Bologna training","Older side"
"R_2ZTXsWP7aY3IgOo",41,"E. Primaria",18,"1","8","3",0.5,0.0365059713703541,"Primary teachers",34,7,"Pre-Bologna training","Older side"
"R_8YXiuPqO1cqSiYr",44,"E. Primaria",22,"1","1","1",0.333333333333333,-0.0882231831597806,"Primary teachers",34,10,"Pre-Bologna training","Older side"
"R_2KpNIfAdQDHY58t",45,"E. Primaria",2,"1","5","2",0.666666666666667,0.131543316778303,"Primary teachers",34,11,"Pre-Bologna training","Older side"
"R_2y8cLt2Es4FJJEI",45,"E. Secundaria",16,"0","8","1",0.666666666666667,0.142960952109887,"Secondary teachers",39,6,"Pre-Bologna training","Older side"
"R_8qqNpeXSgxNtTRX",34,"E. Primaria",12,"1","6","2",0.428571428571429,0.0199620208977385,"Primary teachers",34,0,"Bologna-era training","Younger side"
"R_8hdCRIZq2OYCTAJ",56,"E. Secundaria",30,"1","8","1",0.555555555555556,0.0217750129924752,"Secondary teachers",39,17,"Pre-Bologna training","Older side"
"R_26zc9YqDilrCJZT",49,"E. Secundaria",23,"1","9","1",0.333333333333333,-0.0882231831597806,"Secondary teachers",39,10,"Pre-Bologna training","Older side"
"R_8dgdHSfXe5GYCG1",55,"E. Primaria",32,"0","5","3",0.375,-0.0807991398812625,"Primary teachers",34,21,"Pre-Bologna training","Older side"
"R_2pVv7otPQ1xsDKp",48,"E. Primaria",24,"1","6","3",0.444444444444444,0.0232351501735528,"Primary teachers",34,14,"Pre-Bologna training","Older side"
"R_2PAvM9iaaDe1AvO",47,"E. Primaria",26,"1","8","2",0.777777777777778,0.274057727042218,"Primary teachers",34,13,"Pre-Bologna training","Older side"
"R_8qNiyhg9EWcmzE5",43,"E. Primaria",12,"1","10","1",0.555555555555556,0.143709637009977,"Primary teachers",34,9,"Pre-Bologna training","Older side"
"R_2rGFHiveLGeHWCI",51,"E. Primaria",30,"1","6","2",0,-0.357040788341808,"Primary teachers",34,17,"Pre-Bologna training","Older side"
"R_28yBt2GRvZ27aZr",36,"E. Secundaria",7,"1","2","1",0.625,0.161900293136916,"Secondary teachers",39,-3,"Bologna-era training","Younger side"
"R_84pxdYTld6tBgoB",44,"E. Primaria",20,"1","9","3",0.444444444444444,0.0218187913941409,"Primary teachers",34,10,"Pre-Bologna training","Older side"
"R_2ClJhJKdxX1NP3s",47,"E. Primaria",22,"1","8","1",0.333333333333333,-0.0896395419391924,"Primary teachers",34,13,"Pre-Bologna training","Older side"
"R_8mmWliTDJxdCS0n",40,"E. Primaria",2,"1","9","1",0.444444444444444,-0.067045589290615,"Primary teachers",34,6,"Pre-Bologna training","Older side"
"R_22zhQs8GZO7isxY",39,"E. Primaria",11,"0","4","2",0.444444444444444,-0.0899526575705379,"Primary teachers",34,5,"Pre-Bologna training","Older side"
"R_2rSx7eUPiIvw8ZX",57,"E. Primaria",30,"1","6","1",0.444444444444444,-0.0617848690777509,"Primary teachers",34,23,"Pre-Bologna training","Older side"
"R_2DdXvkzT1w4Wnbz",46,"E. Secundaria",21,"1","5","1",0.222222222222222,-0.30290233377463,"Secondary teachers",39,7,"Pre-Bologna training","Older side"
"R_8YmpYlvRWg3FcD0",45,"E. Secundaria",19,"1","5","3",0.222222222222222,-0.291099238153427,"Secondary teachers",39,6,"Pre-Bologna training","Older side"
"R_8YLfZxMJISLrJj9",43,"E. Secundaria",5,"0","9","3",0.5,0.0365059713703541,"Secondary teachers",39,4,"Pre-Bologna training","Older side"
"R_8mK0kNRqtGmxtN1",43,"E. Primaria",22,"1","6","3",0.444444444444444,0.0322457922127985,"Primary teachers",34,9,"Pre-Bologna training","Older side"
"R_2I5oiM9Ytq8FFx3",25,"E. Primaria",3,"1","7","2",0.666666666666667,0.142960952109887,"Primary teachers",34,-9,"Bologna-era training","Younger side"
"R_8YmHmCEKFHObOkW",31,"E. Primaria",6,"1","3","2",0.444444444444444,-0.0684619480700268,"Primary teachers",34,-3,"Bologna-era training","Younger side"
"R_2pMPfd3RzTdFo9c",50,"E. Primaria",29,"1","8","1",0.5,0.0461910891424012,"Primary teachers",34,16,"Pre-Bologna training","Older side"
"R_8waSMozjkMglKxt",32,"E. Primaria",5,"1","1","3",0.625,0.161897820900135,"Primary teachers",34,-2,"Bologna-era training","Younger side"
"R_2wFbxwvbAcOfwUR",32,"E. Primaria",3,"1","1","2",0.25,-0.204286070444656,"Primary teachers",34,-2,"Bologna-era training","Younger side"
"R_2X0Yn3kErXhXxPr",39,"E. Primaria",15,"1","10","1",0.777777777777778,0.274057727042218,"Primary teachers",34,5,"Pre-Bologna training","Older side"
"R_2tLK7NIygRHL573",30,"E. Secundaria",2,"0","8","1",0.555555555555556,0.0429889523716993,"Secondary teachers",39,-9,"Bologna-era training","Younger side"
"R_82yTDLjLuPjfCnW",29,"E. Primaria",4,"1","1","1",0.625,0.171582907278699,"Primary teachers",34,-5,"Bologna-era training","Younger side"
"R_838OPMNsaHSQMJt",42,"E. Primaria",18,"0","5","3",0.777777777777778,0.265890759610631,"Primary teachers",34,8,"Pre-Bologna training","Older side"
"R_2R1OSQBznhd8k5H",58,"E. Primaria",36,"1","6","2",0.375,-0.0807991398812625,"Primary teachers",34,24,"Pre-Bologna training","Older side"
"R_2Q5TrJKib4Ick6J",58,"E. Primaria",33,"0","5","2",0.333333333333333,-0.201412079374787,"Primary teachers",34,24,"Pre-Bologna training","Older side"
"R_2FxfdkKVXjlzFGT",32,"E. Primaria",1,"1","4","1",0.666666666666667,0.142958683795517,"Primary teachers",34,-2,"Bologna-era training","Younger side"
"R_8ARV6QtKxBUBf2J",48,"E. Primaria",23,"1","3","1",0.555555555555556,0.133277124727474,"Primary teachers",34,14,"Pre-Bologna training","Older side"
"R_8Kqyy5U7zHbBMSc",51,"E. Primaria",30,"1","3","2",0.625,0.16189905313136,"Primary teachers",34,17,"Pre-Bologna training","Older side"
"R_2AzSv6ajRX6xZRf",57,"E. Secundaria",30,"1","2","3",0.625,0.171585410908963,"Secondary teachers",39,18,"Pre-Bologna training","Older side"
"R_2DIOoDIHyWRQRMG",46,"E. Secundaria",19,"0","3","3",0.444444444444444,-0.0799678608401575,"Secondary teachers",39,7,"Pre-Bologna training","Older side"
"R_2JEngDzGK5fa6VH",58,"E. Secundaria",25,"1","8","2",0.777777777777778,0.274057727042218,"Secondary teachers",39,19,"Pre-Bologna training","Older side"
"R_2VvAM6RhPWVVKbL",59,"E. Secundaria",1,NA,"1","1",0.777777777777778,0.254425920262753,"Secondary teachers",39,20,"Pre-Bologna training","Older side"
"R_2lxXZmtYfvEDd3G",45,"E. Primaria",17,"1","6","3",0.555555555555556,0.0496893502396057,"Primary teachers",34,11,"Pre-Bologna training","Older side"
"R_8MRuifMOg5WIRpp",50,"E. Primaria",15,"1","5","3",0.555555555555556,0.0329123427364325,"Primary teachers",34,16,"Pre-Bologna training","Older side"
"R_8lsJkEm0qLn82Ne",58,"E. Primaria",27,"1","7","2",0.125,-0.339359309586439,"Primary teachers",34,24,"Pre-Bologna training","Older side"
"R_2qWZiK9E7McEdH7",43,"E. Primaria",15,"1","9","1",0.111111111111111,-0.3122842649142,"Primary teachers",34,9,"Pre-Bologna training","Older side"
"R_2fVSO4ZQJTdTxXY",43,"E. Secundaria",7,"1","8","3",0.444444444444444,0.0322457922127985,"Secondary teachers",39,4,"Pre-Bologna training","Older side"
"R_2nRQtJVnO4mSYLf",29,"E. Secundaria",5,"1","10","1",0.571428571428571,0.163266991788916,"Secondary teachers",39,-10,"Bologna-era training","Younger side"
"R_8zSEFP7cGUbsird",46,"E. Secundaria",4,"1","7","3",0.375,-0.0792057362544242,"Secondary teachers",39,7,"Pre-Bologna training","Older side"
"R_8mhhD0URU0dzPvb",54,"E. Primaria",30,"1","2","1",0.333333333333333,-0.0882231831597806,"Primary teachers",34,20,"Pre-Bologna training","Older side"
"R_2OJu7R7fISSgC9s",40,"E. Primaria",12,"1","9","3",0.777777777777778,0.244414783916848,"Primary teachers",34,6,"Pre-Bologna training","Older side"
"R_8rpfEPHy7Rhnmtf",51,"E. Secundaria",25,"1","5","2",0.555555555555556,0.0215002806285133,"Secondary teachers",39,12,"Pre-Bologna training","Older side"
"R_2k4Fje7yWK25zS1",46,"E. Primaria",20,"1","5","1",0.333333333333333,-0.0789367270674072,"Primary teachers",34,12,"Pre-Bologna training","Older side"
"R_2RlDx66sGUkEITf",44,"E. Primaria",20,"1","9","2",0.444444444444444,-0.0617848690777509,"Primary teachers",34,10,"Pre-Bologna training","Older side"
"R_8EXzNa2RDe2yrn4",55,"E. Primaria",26,"1","4","2",0.428571428571429,0.0199620208977385,"Primary teachers",34,21,"Pre-Bologna training","Older side"
"R_8eRZcGucgBuXyrn",36,"E. Primaria",6,"1","4","3",0.666666666666667,0.162582317206152,"Primary teachers",34,2,"Pre-Bologna training","Older side"
"R_8gNk2lKUcdBg1qY",55,"E. Primaria",28,"1","9","2",0.666666666666667,0.142960952109887,"Primary teachers",34,21,"Pre-Bologna training","Older side"
"R_8oFR0WbzbfwQtNS",47,"E. Secundaria",20,"1","2","2",0.444444444444444,0.0322457922127985,"Secondary teachers",39,8,"Pre-Bologna training","Older side"
"R_2ElQehvVastKqWS",60,"E. Primaria",28,"0","9","1",0.375,-0.0792057362544242,"Primary teachers",34,26,"Pre-Bologna training","Older side"
"R_8Tz1r3FdmCbs7QF",60,"E. Secundaria",32,"1","8","3",0.375,-0.0888846536296459,"Secondary teachers",39,21,"Pre-Bologna training","Older side"
"R_2RUuBr18fiC7Xgt",46,"E. Secundaria",23,"1","10","1",0.555555555555556,0.134691326847121,"Secondary teachers",39,7,"Pre-Bologna training","Older side"
"R_2G6OFkzEMQ0Ksxj",34,"E. Primaria",6,"1","1","2",0.444444444444444,0.0232351501735528,"Primary teachers",34,0,"Bologna-era training","Younger side"
"R_8HY1L19rzdaq3md",44,"E. Primaria",20,"1","5","2",0.555555555555556,0.0511057090190175,"Primary teachers",34,10,"Pre-Bologna training","Older side"
"R_2OMFsdDNOJRyv7v",39,"E. Primaria",15,"0","10","3",0.444444444444444,0.0322457922127985,"Primary teachers",34,5,"Pre-Bologna training","Older side"
"R_8JPsQagPjx2O2MV",44,"E. Primaria",18,"0","8","3",0.444444444444444,-0.0670466252336961,"Primary teachers",34,10,"Pre-Bologna training","Older side"
"R_2NLep87Vnf6XawB",57,"E. Primaria",34,NA,"7","2",0.444444444444444,-0.067045589290615,"Primary teachers",34,23,"Pre-Bologna training","Older side"
"R_8mUvhMtGExstlNk",51,"E. Secundaria",18,"1","2","2",0.444444444444444,-0.0785526398414361,"Secondary teachers",39,12,"Pre-Bologna training","Older side"
"R_8QdJP57JpcjeXUl",50,"E. Primaria",25,"0","8","3",0.857142857142857,0.449876968778916,"Primary teachers",34,16,"Pre-Bologna training","Older side"
"R_8GMCUxRHDXf46Ix",32,"E. Primaria",5,"1","7","1",0.25,-0.106567372390571,"Primary teachers",34,-2,"Bologna-era training","Younger side"
"R_22CVKJHx76Ia9u1",57,"E. Secundaria",23,"1","5","3",0.444444444444444,0.0232351501735528,"Secondary teachers",39,18,"Pre-Bologna training","Older side"
"R_22AgHX30cglSUGw",46,"E. Primaria",20,"1","8","1",0.444444444444444,-0.0614970394020685,"Primary teachers",34,12,"Pre-Bologna training","Older side"
"R_8wcSD1fkupuIOia",41,"E. Secundaria",2,"1","2","1",0.111111111111111,-0.424334215843736,"Secondary teachers",39,2,"Pre-Bologna training","Older side"
"R_82VKLSWc9SicwBe",31,"E. Primaria",4,"1","1","3",0.888888888888889,0.354457846941686,"Primary teachers",34,-3,"Bologna-era training","Younger side"
"R_2qTEfEA5E5UbugN",41,"E. Primaria",15,"1","8","3",0.444444444444444,-0.060368510298339,"Primary teachers",34,7,"Pre-Bologna training","Older side"
"R_83fIruLlWRPJ5dM",50,"E. Primaria",26,"1","2","3",0.555555555555556,0.0215002806285133,"Primary teachers",34,16,"Pre-Bologna training","Older side"
"R_2k0NHsRutUMEOYh",50,"E. Primaria",25,"1","10","3",0.5,0.044595181885299,"Primary teachers",34,16,"Pre-Bologna training","Older side"
"R_25Aw7riSMWebWdX",33,"E. Primaria",5,"1","5","3",0.625,0.161896603999823,"Primary teachers",34,-1,"Bologna-era training","Younger side"
"R_2fpd9HQvfT6Buo5",48,"E. Primaria",24,"0","5","1",0.375,-0.0807991398812625,"Primary teachers",34,14,"Pre-Bologna training","Older side"
"R_2P8pEkyBqkuf0f7",56,"E. Primaria",34,"1","3","1",0.5,0.0445976855155629,"Primary teachers",34,22,"Pre-Bologna training","Older side"
"R_8dyp0tYdMoL8Qrx",64,"E. Primaria",42,"0","9","1",0.125,-0.231960454151577,"Primary teachers",34,30,"Pre-Bologna training","Older side"
"R_8vY3kYzR8fK0n5l",52,"E. Primaria",27,"0","10","1",0.555555555555556,0.133274968067709,"Primary teachers",34,18,"Pre-Bologna training","Older side"
"R_8CZGba5Y543wPtP",37,"E. Secundaria",4,"0","10","2",0.5,0.0461910891424012,"Secondary teachers",39,-2,"Bologna-era training","Younger side"
"R_2oNUupdpXIUlUJP",38,"E. Primaria",10,"0","3","1",0.25,-0.214278975396207,"Primary teachers",34,4,"Pre-Bologna training","Older side"
"R_8vQURPRFB3xyQql",29,"E. Secundaria",5,"1","5","1",0.444444444444444,0.0232351501735528,"Secondary teachers",39,-10,"Bologna-era training","Younger side"
"R_8iZda9gqhtZaSLT",46,"E. Primaria",24,"0","4","3",0.444444444444444,0.0232351501735528,"Primary teachers",34,12,"Pre-Bologna training","Older side"
"R_8mnhFOovlKFP9ip",51,"E. Primaria",20,"1","4","3",0.444444444444444,0.0232351501735528,"Primary teachers",34,17,"Pre-Bologna training","Older side"
"R_2fjHXOSfSFAJtdf",46,"E. Secundaria",20,"0","8","3",0.444444444444444,-0.0913711865100316,"Secondary teachers",39,7,"Pre-Bologna training","Older side"
"R_8oZts5IfUvSPwOi",56,"E. Secundaria",11,"1","3","3",0.666666666666667,0.255171256358031,"Secondary teachers",39,17,"Pre-Bologna training","Older side"
"R_28Jh5KsH4uLYTbX",49,"E. Primaria",24,"1","3","3",0,-0.413048601982842,"Primary teachers",34,15,"Pre-Bologna training","Older side"
"R_2mKDldDoSPub7Et",28,"E. Secundaria",6,"1","10","2",0.555555555555556,0.0496893502396057,"Secondary teachers",39,-11,"Bologna-era training","Younger side"
"R_2Io37ce8OQsAu5I",47,"E. Secundaria",10,"0","7","3",0.444444444444444,-0.0913711865100316,"Secondary teachers",39,8,"Pre-Bologna training","Older side"
"R_86sKow76AXxP4qt",35,"E. Secundaria",3,"0","1","3",0.444444444444444,0.0322457922127985,"Secondary teachers",39,-4,"Bologna-era training","Younger side"
"R_2w6LlbHBODo9JAF",45,"E. Primaria",22,"1","7","3",0.333333333333333,-0.191438488977452,"Primary teachers",34,11,"Pre-Bologna training","Older side"
"R_8s1iLbh4xd6anqG",33,"E. Primaria",5,"1","5","3",0.375,0.0188307167814037,"Primary teachers",34,-1,"Bologna-era training","Younger side"
"R_8CBhI24hNZE3zcY",48,"E. Primaria",24,"1","10","3",0.666666666666667,0.144377310889299,"Primary teachers",34,14,"Pre-Bologna training","Older side"
"R_8dB4dJXhQavWQ9P",37,"E. Primaria",18,"1","2","2",0.444444444444444,-0.0617848690777509,"Primary teachers",34,3,"Pre-Bologna training","Older side"
"R_8QlXRZwt2rbqHAX",44,"E. Primaria",18,"1","5","2",0.5,0.0445976855155629,"Primary teachers",34,10,"Pre-Bologna training","Older side"
"R_8drZNXcfkMJjOA0",55,"E. Primaria",33,"1","6","1",0.222222222222222,-0.283320544063807,"Primary teachers",34,21,"Pre-Bologna training","Older side"
"R_2lEXVVHEcrOCDL3",30,"E. Primaria",3,"1","4","1",0.285714285714286,-0.123341550530833,"Primary teachers",34,-4,"Bologna-era training","Younger side"
"R_2AR4a4KnR91tEXy",34,"E. Primaria",5,"1","6","3",0.222222222222222,-0.20109571861276,"Primary teachers",34,0,"Bologna-era training","Younger side"
"R_8jTEmXbLqfpgtc5",48,"E. Primaria",20,"0","2","2",0.333333333333333,-0.189734021340951,"Primary teachers",34,14,"Pre-Bologna training","Older side"
"R_2deaIEzh1va9EYN",42,"E. Primaria",18,"1","6","2",0.571428571428571,0.163620858554263,"Primary teachers",34,8,"Pre-Bologna training","Older side"
"R_2dsROFmsJ1s9blr",54,"E. Primaria",28,"1","2","2",0.25,-0.106567372390571,"Primary teachers",34,20,"Pre-Bologna training","Older side"
"R_8IvRxMnFIXmhpOp",44,"E. Primaria",22,"1","9","1",0.555555555555556,0.0200860651341359,"Primary teachers",34,10,"Pre-Bologna training","Older side"
"R_2VkUYKdJLyMH03w",51,"E. Primaria",15,"1","8","1",0.285714285714286,-0.123341550530833,"Primary teachers",34,17,"Pre-Bologna training","Older side"
"R_2z7J8xWV9jzPb6Y",42,"E. Secundaria",9,"0","9","1",0.444444444444444,-0.0684640136586628,"Secondary teachers",39,3,"Pre-Bologna training","Older side"
"R_8wnlfMAC7ou5X4l",48,"E. Primaria",20,"1","7","2",0.444444444444444,-0.0614970394020685,"Primary teachers",34,14,"Pre-Bologna training","Older side"
"R_2tcaBGtmFFGGbpq",32,"E. Secundaria",6,"1","2","2",0.625,0.169993255135816,"Secondary teachers",39,-7,"Bologna-era training","Younger side"
"R_2qlnP6qUAeoEF0s",41,"E. Secundaria",8,"0","5","2",0.666666666666667,0.132957532272681,"Secondary teachers",39,2,"Pre-Bologna training","Older side"
"R_2S7SE6BTzePtAGU",47,"E. Primaria",20,"1","5","2",0.5,0.0365059713703541,"Primary teachers",34,13,"Pre-Bologna training","Older side"
"R_2hEYpnKID580bqU",46,"E. Secundaria",6,"1","3","2",0.666666666666667,0.161167148945449,"Secondary teachers",39,7,"Pre-Bologna training","Older side"
"R_2N8qbc2SiFEMTfw",31,"E. Secundaria",2,"1","1","1",0.5,0.0445976855155629,"Secondary teachers",39,-8,"Bologna-era training","Younger side"
"R_2rDC06L7ogbUhfX",30,"E. Secundaria",12,"0","5","3",0.666666666666667,0.142960952109887,"Secondary teachers",39,-9,"Bologna-era training","Younger side"
"R_2MR5LaXiRpvJ4fU",61,"E. Secundaria",37,"0","5","3",0.333333333333333,-0.0882231831597806,"Secondary teachers",39,22,"Pre-Bologna training","Older side"
"R_2EtHxc5AF8MrMTF",40,"E. Primaria",14,"1","4","3",0.444444444444444,-0.0899548277306198,"Primary teachers",34,6,"Pre-Bologna training","Older side"
"R_2D5ijDwL9jCpa0w",31,"E. Secundaria",7,"0","3","3",0.333333333333333,-0.171551029578545,"Secondary teachers",39,-8,"Bologna-era training","Younger side"
"R_2D8gX4DURSfpTiK",53,"E. Secundaria",8,"1","3","1",0.666666666666667,0.132957532272681,"Secondary teachers",39,14,"Pre-Bologna training","Older side"
"R_8TxUtTmgaUcR4Nb",32,"E. Secundaria",2,"1","2","2",0.5,0.0461910891424012,"Secondary teachers",39,-7,"Bologna-era training","Younger side"
"R_84dtyXWauXnDtEl",50,"E. Primaria",28,"0","1","3",0.444444444444444,-0.0899548277306198,"Primary teachers",34,16,"Pre-Bologna training","Older side"
"R_274yIJHftHj4NCF",60,"E. Primaria",36,"0","1","2",0.285714285714286,-0.123341550530833,"Primary teachers",34,26,"Pre-Bologna training","Older side"
"R_8nurEHVrH9G8B8H",45,"E. Secundaria",20,"1","1","1",0.222222222222222,-0.289679009012547,"Secondary teachers",39,6,"Pre-Bologna training","Older side"
"R_81u3ZvsQvB3hJWH",45,"E. Primaria",22,"0","8","2",0,-0.535516735123942,"Primary teachers",34,11,"Pre-Bologna training","Older side"
"R_8MRS9AzlYCBOsEj",55,"E. Primaria",32,"1","1","1",0,-0.525553691569171,"Primary teachers",34,21,"Pre-Bologna training","Older side"
"R_8k0yCNZjpCmv24G",55,"E. Secundaria",32,"0","3","3",0.625,0.161897820900135,"Secondary teachers",39,16,"Pre-Bologna training","Older side"
"R_2vBiO9ZqKCUFly9",53,"E. Secundaria",29,"0","3","3",0.666666666666667,0.154440895111986,"Secondary teachers",39,14,"Pre-Bologna training","Older side"
"R_2HuGWTiBRzhOFql",49,"E. Primaria",22,"1","10","2",0.375,-0.0792057362544242,"Primary teachers",34,15,"Pre-Bologna training","Older side"
"R_2ohVwOZzA6xXvpp",26,"E. Secundaria",2,"0","1","1",0.333333333333333,-0.0882231831597806,"Secondary teachers",39,-13,"Bologna-era training","Younger side"
"R_8S2AO0pjOxbT8SQ",47,"E. Secundaria",6,"0","8","1",0.444444444444444,-0.078554893730804,"Secondary teachers",39,8,"Pre-Bologna training","Older side"
"R_1DAPUoP01DXl8PZ",53,"E. Primaria",27,"1","7","3",0.25,-0.106567372390571,"Primary teachers",34,19,"Pre-Bologna training","Older side"
"R_8sTutW05euY5oMt",56,"E. Secundaria",33,"1","8","3",0.666666666666667,0.161454978621132,"Secondary teachers",39,17,"Pre-Bologna training","Older side"
"R_8jQdtuqqRz2bemR",25,"E. Primaria",1,"1","2","2",0.555555555555556,0.133277124727474,"Primary teachers",34,-9,"Bologna-era training","Younger side"
"R_2UfPuEmn5I0XXGh",59,"E. Primaria",30,"1","1","3",0.444444444444444,-0.0600768102611881,"Primary teachers",34,25,"Pre-Bologna training","Older side"
"R_8g6f8RwjmsukT86",52,"E. Secundaria",20,"1","4","1",0.375,0.0188307167814037,"Secondary teachers",39,13,"Pre-Bologna training","Older side"
"R_2BGooH6h3xVjE3v",49,"E. Primaria",21,"1","5","3",0.444444444444444,-0.0684619480700268,"Primary teachers",34,15,"Pre-Bologna training","Older side"
"R_8lbH2aLLCtyBPDC",41,"E. Primaria",18,"1","9","2",0.444444444444444,-0.067045589290615,"Primary teachers",34,7,"Pre-Bologna training","Older side"
"R_81apWz6rYcNw9MG",42,"E. Secundaria",17,"0","6","2",0.444444444444444,0.0218187913941409,"Secondary teachers",39,3,"Pre-Bologna training","Older side"
"R_2LGw5AItO96sKGt",52,"E. Primaria",25,"0","2","3",0.777777777777778,0.244414783916848,"Primary teachers",34,18,"Pre-Bologna training","Older side"
"R_8hpzx4v0BENz8dj",31,"E. Primaria",9,"1","9","2",0.555555555555556,0.134691326847121,"Primary teachers",34,-3,"Bologna-era training","Younger side"
"R_2ttxMsOaixt0MDL",32,"E. Secundaria",1,"0","4","1",0.5,0.0461898412887096,"Secondary teachers",39,-7,"Bologna-era training","Younger side"
"R_2dFE6JdFsW73zyN",51,"E. Primaria",20,"1","7","1",0.444444444444444,-0.060368510298339,"Primary teachers",34,17,"Pre-Bologna training","Older side"
"R_8HOJbGgWLUUAR7d",36,"E. Primaria",6,"1","7","3",0.666666666666667,0.132959675557715,"Primary teachers",34,2,"Pre-Bologna training","Older side"
"R_8XddNcvK6wMP3j3",47,"E. Primaria",23,"0","1","3",0.444444444444444,-0.0913711865100316,"Primary teachers",34,13,"Pre-Bologna training","Older side"
"R_8PbgYRvHsx69gC1",47,"E. Secundaria",5,"1","9","2",0.444444444444444,0.0218187913941409,"Secondary teachers",39,8,"Pre-Bologna training","Older side"
"R_8Kz7Wmxl7b34RZ7",28,"E. Secundaria",6,"1","10","3",0.444444444444444,-0.0603721054290939,"Secondary teachers",39,-11,"Bologna-era training","Younger side"
"R_8ZNq5kvVNURWsoh",32,"E. Primaria",8,"1","5","1",0.5,0.0461910891424012,"Primary teachers",34,-2,"Bologna-era training","Younger side"
"R_2r1xIrTYT0xMlWZ",57,"E. Secundaria",31,"0","6","2",0.285714285714286,-0.12299329938477,"Secondary teachers",39,18,"Pre-Bologna training","Older side"
"R_8I5yBqzBkkSPq2g",53,"E. Secundaria",18,"1","7","3",0.666666666666667,0.142960952109887,"Secondary teachers",39,14,"Pre-Bologna training","Older side"
"R_8YPzS1xNU4Pd1OT",42,"E. Secundaria",2,"0","8","2",0.777777777777778,0.265889729965076,"Secondary teachers",39,3,"Pre-Bologna training","Older side"
"R_2qZEKqIhJbVwh4J",57,"E. Primaria",34,"1","7","3",0,-0.40960327637477,"Primary teachers",34,23,"Pre-Bologna training","Older side"
"R_2sQNfwPCFA5wjfF",41,"E. Primaria",16,"0","6","1",0,-0.357040788341808,"Primary teachers",34,7,"Pre-Bologna training","Older side"
"R_2TOcXhS3wVdxrfq",34,"E. Primaria",4,"1","8","1",0.444444444444444,0.0322457922127985,"Primary teachers",34,0,"Bologna-era training","Younger side"
"R_2nIVFLUWW1VAMjC",45,"E. Primaria",19,"1","3","3",0.222222222222222,-0.301485974995219,"Primary teachers",34,11,"Pre-Bologna training","Older side"
"R_8lsCyJ7SEESTpzb",43,"E. Primaria",22,NA,"4","1",0.666666666666667,0.162583507724861,"Primary teachers",34,9,"Pre-Bologna training","Older side"
"R_2dn2v5Vhtpkyu9r",24,"E. Secundaria",1,"1","7","3",0.333333333333333,-0.201416447078674,"Secondary teachers",39,-15,"Bologna-era training","Younger side"
"R_8PXOjmUv2ACNhUk",46,"E. Primaria",20,"0","3","3",0.444444444444444,-0.0799678608401575,"Primary teachers",34,12,"Pre-Bologna training","Older side"
"R_201ZYLr5OVMSjtN",51,"E. Primaria",25,"1","1","2",0.333333333333333,-0.0792191759400678,"Primary teachers",34,17,"Pre-Bologna training","Older side"
"R_8FLBiLOHEA3ancA",36,"E. Primaria",7,"1","8","3",0.75,0.295387576902378,"Primary teachers",34,2,"Pre-Bologna training","Older side"
"R_8c9iPdA4kVaJusV",39,"E. Secundaria",1,"0","2","2",0.666666666666667,0.154440895111986,"Secondary teachers",39,0,"Bologna-era training","Younger side"
"R_8EgpnuAeQ2J7W1t",57,"E. Secundaria",28,"0","8","1",0.75,0.287287228999823,"Secondary teachers",39,18,"Pre-Bologna training","Older side"
"R_8rZNTX7MjeLLceY",32,"E. Primaria",3,"0","7","3",0.333333333333333,-0.0896395419391924,"Primary teachers",34,-2,"Bologna-era training","Younger side"
"R_2bVQGCmQk9wrwF4",58,"E. Secundaria",13,"1","2","1",0.555555555555556,0.0314971073127088,"Secondary teachers",39,19,"Pre-Bologna training","Older side"
"R_837vpKabFDxk1d8",34,"E. Primaria",4,"0","8","2",0.444444444444444,-0.0899548277306198,"Primary teachers",34,0,"Bologna-era training","Younger side"
"R_2MhDjpGWuJYliy6",32,"E. Secundaria",6,"0","7","2",0.555555555555556,0.0314971073127088,"Secondary teachers",39,-7,"Bologna-era training","Younger side"
"R_2pMszGyJTr2Rdgu",42,"E. Secundaria",8,"1","2","2",0.555555555555556,0.143709637009977,"Secondary teachers",39,3,"Pre-Bologna training","Older side"
"R_8vk9qHsmpUGrqSn",33,"E. Primaria",2,"1","8","1",0.444444444444444,0.0322457922127985,"Primary teachers",34,-1,"Bologna-era training","Younger side"
"R_8thde0sh4Wa5y9z",57,"E. Secundaria",33,"0","9","1",0.444444444444444,-0.0684619480700268,"Secondary teachers",39,18,"Pre-Bologna training","Older side"
"R_2Leg0ge9Mem5YNU",53,"E. Secundaria",24,"0","10","3",0,-0.456673719614961,"Secondary teachers",39,14,"Pre-Bologna training","Older side"
"R_2qPh0qCCuQ5N0oY",29,"E. Secundaria",5,"0","10","2",0,-0.536936964264823,"Secondary teachers",39,-10,"Bologna-era training","Younger side"
"R_8uE9KT9XDZNmXX2",60,"E. Secundaria",18,"1","1","2",0.5,0.0365059713703541,"Secondary teachers",39,21,"Pre-Bologna training","Older side"
"R_2sBxpioeYFe3BCx",57,"E. Secundaria",26,"1","10","1",0.5,0.0365059713703541,"Secondary teachers",39,18,"Pre-Bologna training","Older side"
"R_8QmpymVA1SEaK2O",46,"E. Primaria",24,"1","3","1",0.444444444444444,-0.0617848690777509,"Primary teachers",34,12,"Pre-Bologna training","Older side"
"R_2nOvg12sdisB6gb",32,"E. Primaria",2,"1","10","1",0.333333333333333,-0.190018738527982,"Primary teachers",34,-2,"Bologna-era training","Younger side"
"R_8XZmdfsedLDtN3H",46,"E. Primaria",20,"0","10","2",0.111111111111111,-0.401129909454273,"Primary teachers",34,12,"Pre-Bologna training","Older side"
"R_8xlB2uugcKL8XUB",49,"E. Primaria",25,"1","10","1",0.333333333333333,-0.171842729615696,"Primary teachers",34,15,"Pre-Bologna training","Older side"
"R_8eRJlLTKOHZUy8b",51,"E. Primaria",27,"1","5","1",0.375,-0.0792057362544242,"Primary teachers",34,17,"Pre-Bologna training","Older side"
"R_8GUF6l6afZ1P83w",50,"E. Primaria",27,"1","2","1",0.375,-0.0792057362544242,"Primary teachers",34,16,"Pre-Bologna training","Older side"
"R_8OimaW9lwpEMhEZ",40,"E. Primaria",7,"1","7","2",0.777777777777778,0.242998425137437,"Primary teachers",34,6,"Pre-Bologna training","Older side"
"R_8GpN59VCPcwr809",39,"E. Primaria",4,"1","1","2",0.666666666666667,0.154440895111986,"Primary teachers",34,5,"Pre-Bologna training","Older side"
"R_2CIsSJeiusy6Rf3",29,"E. Primaria",2,"0","6","3",0.125,-0.339359309586439,"Primary teachers",34,-5,"Bologna-era training","Younger side"
"R_2B8SqYNIgf0676h",38,"E. Secundaria",9,"1","2","1",0.333333333333333,-0.0882231831597806,"Secondary teachers",39,-1,"Bologna-era training","Younger side"
"R_8R7VNdAcbh6p3hV",49,"E. Primaria",22,"1","10","3",0.428571428571429,0.0199620208977385,"Primary teachers",34,15,"Pre-Bologna training","Older side"
"R_840XgHfGhDvAfxD",45,"E. Primaria",19,"0","9","1",0.444444444444444,0.0232373068333181,"Primary teachers",34,11,"Pre-Bologna training","Older side"
"R_8eS6wDYbp5dxQ4Z",30,"E. Secundaria",4,"1","4","2",0.444444444444444,-0.0899548277306198,"Secondary teachers",39,-9,"Bologna-era training","Younger side"
"R_89rL5QtGPQO0Tq9",48,"E. Primaria",21,"1","1","2",0.666666666666667,0.142960952109887,"Primary teachers",34,14,"Pre-Bologna training","Older side"
"R_2MGou8cWlQcDgKo",60,"E. Primaria",33,"1","6","2",0.777777777777778,0.265890759610631,"Primary teachers",34,26,"Pre-Bologna training","Older side"
"R_8Le9aGgHfKg5QPf",55,"E. Primaria",29,"1","5","1",0.555555555555556,0.143706288205165,"Primary teachers",34,21,"Pre-Bologna training","Older side"
"R_8r00BjKfjJd8ZI0",37,"E. Primaria",14,"1","9","2",0.25,-0.204286070444656,"Primary teachers",34,3,"Pre-Bologna training","Older side"
"R_8kAkPFjMfPcXSYI",52,"E. Secundaria",4,"0","6","1",0.666666666666667,0.144377310889299,"Secondary teachers",39,13,"Pre-Bologna training","Older side"
"R_2YW1nKPm27dsWtj",53,"E. Primaria",29,"1","6","1",0.666666666666667,0.142960952109887,"Primary teachers",34,19,"Pre-Bologna training","Older side"
"R_8EJV2qcMR7NxOw5",50,"E. Secundaria",2,"1","1","3",0.625,0.171585410908963,"Secondary teachers",39,11,"Pre-Bologna training","Older side"
"R_2I6PpRsLwYbd7qk",34,"E. Secundaria",7,"1","4","2",0.444444444444444,-0.060368510298339,"Secondary teachers",39,-5,"Bologna-era training","Younger side"
"R_8OwuublGa3T3MTx",44,"E. Secundaria",18,"1","1","3",0.555555555555556,0.0511057090190175,"Secondary teachers",39,5,"Pre-Bologna training","Older side"
"R_8rim7qiILy3cb12",39,"E. Primaria",12,"1","6","2",0.666666666666667,0.155857253891397,"Primary teachers",34,5,"Pre-Bologna training","Older side"
"R_2rYZtWgbUwW28kD",54,"E. Secundaria",23,"1","4","2",0.444444444444444,0.0232351501735528,"Secondary teachers",39,15,"Pre-Bologna training","Older side"
"R_8D1ClREKTvPLj5K",42,"E. Primaria",16,"0","7","2",0.444444444444444,0.0322457922127985,"Primary teachers",34,8,"Pre-Bologna training","Older side"
"R_8nA8dAaZ5fsfO2L",51,"E. Primaria",27,"0","7","2",0.666666666666667,0.162583507724861,"Primary teachers",34,17,"Pre-Bologna training","Older side"
"R_2thI1bPs3FD6lKV",40,"E. Primaria",5,"1","9","2",0.625,0.169990751505552,"Primary teachers",34,6,"Pre-Bologna training","Older side"
"R_8DcBXBC4ga4QDPb",44,"E. Secundaria",6,"1","1","3",0,-0.505978473180078,"Secondary teachers",39,5,"Pre-Bologna training","Older side"
"R_2R8fFANlXtWXdoB",43,"E. Secundaria",1,"1","3","3",0.555555555555556,0.143709637009977,"Secondary teachers",39,4,"Pre-Bologna training","Older side"
"R_8ebq0GFnvkGs71I",55,"E. Primaria",31,"1","3","1",0.125,-0.339363663743091,"Primary teachers",34,21,"Pre-Bologna training","Older side"
"R_29tzqwfVQMvqVc5",46,"E. Primaria",22,"1","8","2",0.333333333333333,-0.0896395419391924,"Primary teachers",34,12,"Pre-Bologna training","Older side"
"R_2eDxAcvRm9iQxOU",63,"E. Secundaria",37,"0","4","3",0.285714285714286,-0.123341550530833,"Secondary teachers",39,24,"Pre-Bologna training","Older side"
"R_2dWFoQn3FdD4NW8",51,"E. Secundaria",8,"1","1","1",0.444444444444444,-0.078554893730804,"Secondary teachers",39,12,"Pre-Bologna training","Older side"
"R_8HkPQSmHzCf2qSh",64,"E. Primaria",37,"1","2","3",0,-0.524133462428291,"Primary teachers",34,30,"Pre-Bologna training","Older side"
"R_2LHmgAEk6wvxuff",53,"E. Secundaria",8,"1","8","1",0.444444444444444,-0.0670466252336961,"Secondary teachers",39,14,"Pre-Bologna training","Older side"
"R_8NqJxDAQVc3K5kB",27,"E. Secundaria",1,"0","10","2",0.444444444444444,0.0322457922127985,"Secondary teachers",39,-12,"Bologna-era training","Younger side"
"R_8Oo4UAsaIVZjYmR",34,"E. Primaria",7,"1","7","2",0.444444444444444,0.0232351501735528,"Primary teachers",34,0,"Bologna-era training","Younger side"
"R_8Y3uxaVcecEI79D",54,"E. Primaria",18,"1","2","2",0.444444444444444,-0.0667772081290945,"Primary teachers",34,20,"Pre-Bologna training","Older side"
"R_80NmVLRtHJJSrJd",57,"E. Secundaria",25,"1","5","1",0.111111111111111,-0.425750574623148,"Secondary teachers",39,18,"Pre-Bologna training","Older side"
"R_2tx7EmocdPNEWoF",29,"E. Primaria",3,"1","4","2",0.555555555555556,0.0314959839570207,"Primary teachers",34,-5,"Bologna-era training","Younger side"
"R_2Y5oNbP1RDePzJG",29,"E. Secundaria",4,"1","6","2",0.5,0.0461910891424012,"Secondary teachers",39,-10,"Bologna-era training","Younger side"
"R_80dbM2q1o56WL1D",45,"E. Secundaria",1,"1","5","1",0.375,-0.0888846536296459,"Secondary teachers",39,6,"Pre-Bologna training","Older side"
"R_2hzEuOyVaHwDYAU",52,"E. Primaria",27,"1","2","3",0.714285714285714,0.306569172474275,"Primary teachers",34,18,"Pre-Bologna training","Older side"
"R_2pihd5SoKerlkjq",47,"E. Primaria",15,"1","3","1",0.111111111111111,-0.424334215843736,"Primary teachers",34,13,"Pre-Bologna training","Older side"
"R_8bK63F7emMY8E82",42,"E. Primaria",20,"1","6","1",0.333333333333333,-0.0792191759400678,"Primary teachers",34,8,"Pre-Bologna training","Older side"
"R_8UYJJiNAocdSU4i",61,"E. Primaria",32,"1","3","3",0,-0.456673719614961,"Primary teachers",34,27,"Pre-Bologna training","Older side"
"R_2D22AtnVjkvqMsX",50,"E. Primaria",13,"1","6","1",0.444444444444444,-0.060368510298339,"Primary teachers",34,16,"Pre-Bologna training","Older side"
"R_8aKdfNqRq9wGJLT",46,"E. Primaria",15,"1","9","2",0.375,-0.0888846536296459,"Primary teachers",34,12,"Pre-Bologna training","Older side"
"R_8Uu3rV89i6ysmjv",51,"E. Secundaria",2,"1","6","2",0.444444444444444,-0.0799678608401575,"Secondary teachers",39,12,"Pre-Bologna training","Older side"
"R_8wvtXpYoLnfqiHi",49,"E. Primaria",27,"1","4","3",0.666666666666667,0.255171256358031,"Primary teachers",34,15,"Pre-Bologna training","Older side"
"R_2s53TLdAveN1N7c",57,"E. Secundaria",33,"1","4","3",0.555555555555556,0.0511080978887955,"Secondary teachers",39,18,"Pre-Bologna training","Older side"
"R_8dT86UFKCjomYQH",39,"E. Primaria",17,"1","4","3",0.444444444444444,0.0218187913941409,"Primary teachers",34,5,"Pre-Bologna training","Older side"
"R_8QVRyDyeBe2LT6X",45,"E. Primaria",17,"0","10","3",0.333333333333333,-0.0896395419391924,"Primary teachers",34,11,"Pre-Bologna training","Older side"
"R_8IPJC052YYi8ebv",46,"E. Primaria",8,"1","4","2",0.333333333333333,-0.178496489732341,"Primary teachers",34,12,"Pre-Bologna training","Older side"
"R_8g5T3zZQNYZaWF0",37,"E. Secundaria",8,"1","7","2",0.333333333333333,-0.0882231831597806,"Secondary teachers",39,-2,"Bologna-era training","Younger side"
"R_2HZCcaux90inWWI",54,"E. Secundaria",22,"1","1","3",0.625,0.269619360314527,"Secondary teachers",39,15,"Pre-Bologna training","Older side"
"R_8xOUqwTriPhLRrl",50,"E. Secundaria",23,"1","4","2",0.555555555555556,0.133274968067709,"Secondary teachers",39,11,"Pre-Bologna training","Older side"
"R_2IschNGAKFZv1hU",48,"E. Secundaria",19,NA,"6","1",0.222222222222222,-0.289947390174067,"Secondary teachers",39,9,"Pre-Bologna training","Older side"
"R_2qkQ30NqBDj5Vzn",50,"E. Primaria",26,"0","1","3",0.555555555555556,0.13497038603093,"Primary teachers",34,16,"Pre-Bologna training","Older side"
"R_2Esjesqq19LCQk9",40,"E. Primaria",10,"1","5","3",0.285714285714286,-0.123341550530833,"Primary teachers",34,6,"Pre-Bologna training","Older side"
"R_2PdM36yp43UGgcp",49,"E. Primaria",17,"1","4","3",0.222222222222222,-0.314288955275094,"Primary teachers",34,15,"Pre-Bologna training","Older side"
"R_2pRiUWFn8xxLxkZ",31,"E. Secundaria",6,"0","8","2",0.375,0.0188307167814037,"Secondary teachers",39,-8,"Bologna-era training","Younger side"
"R_2G2F4gHW2cNv3sG",42,"E. Secundaria",15,"0","10","1",0.666666666666667,0.132957532272681,"Secondary teachers",39,3,"Pre-Bologna training","Older side"
"R_2HJxLPvliHkUN2N",42,"E. Primaria",18,"0","7","2",0.555555555555556,0.133277124727474,"Primary teachers",34,8,"Pre-Bologna training","Older side"
"R_8KXHiip4ZWA5jhf",34,"E. Primaria",5,"0","2","2",0.125,-0.339363663743091,"Primary teachers",34,0,"Bologna-era training","Younger side"
"R_2hAubaZ05cx6u8U",45,"E. Secundaria",19,"1","9","2",0.125,-0.329681640064909,"Secondary teachers",39,6,"Pre-Bologna training","Older side"
"R_8tDU2biPuXhIBHb",48,"E. Secundaria",20,"1","7","1",0.666666666666667,0.255171256358031,"Secondary teachers",39,9,"Pre-Bologna training","Older side"
"R_21FgAirLldW9MJ1",41,"E. Primaria",12,"1","3","2",0.625,0.169993255135816,"Primary teachers",34,7,"Pre-Bologna training","Older side"
"R_2oWT7ldrhV7GC6F",45,"E. Primaria",21,"1","5","1",0.777777777777778,0.272641368262806,"Primary teachers",34,11,"Pre-Bologna training","Older side"
"R_8WbS6jqKwkKJpKh",39,"E. Primaria",3,"1","1","3",0.25,-0.214278975396207,"Primary teachers",34,5,"Pre-Bologna training","Older side"
"R_2lgUZUINOoxTi7U",34,"E. Primaria",9,"0","9","2",0.875,0.412681550766385,"Primary teachers",34,0,"Bologna-era training","Younger side"
"R_8Ht37Ke9975mCVV",42,"E. Primaria",20,"1","9","2",0.666666666666667,0.144377310889299,"Primary teachers",34,8,"Pre-Bologna training","Older side"
"R_2IckJrWg22dYQY2",47,"E. Secundaria",2,"1","5","2",0.222222222222222,-0.289679009012547,"Secondary teachers",39,8,"Pre-Bologna training","Older side"
"R_8l96h4l4JeDVQiZ",50,"E. Secundaria",20,"0","3","1",0.777777777777778,0.255842279042165,"Secondary teachers",39,11,"Pre-Bologna training","Older side"
"R_8HoP3c47F0Ggl2c",55,"E. Secundaria",31,"1","10","3",0.666666666666667,0.154440895111986,"Secondary teachers",39,16,"Pre-Bologna training","Older side"
"R_83d1tDaxR3JKn82",46,"E. Primaria",18,"1","3","3",0.444444444444444,-0.0670445469920548,"Primary teachers",34,12,"Pre-Bologna training","Older side"
"R_8EBtvEw3qfdyPzG",59,"E. Secundaria",19,"0","10","2",0.375,0.0188307167814037,"Secondary teachers",39,20,"Pre-Bologna training","Older side"
"R_80JL2mNdlHYeA6g",46,"E. Secundaria",26,"1","8","1",0,-0.464443997933322,"Secondary teachers",39,7,"Pre-Bologna training","Older side"
"R_2NfVPlUy6wNdQRn",27,"E. Primaria",4,"1","7","1",0.625,0.162207454319813,"Primary teachers",34,-7,"Bologna-era training","Younger side"
"R_2DAmOFpNQFbf9Z0",34,"E. Primaria",11,"1","3","2",0.777777777777778,0.272641368262806,"Primary teachers",34,0,"Bologna-era training","Younger side"
"R_8z8diBklQf8t0Ql",47,"E. Primaria",24,"1","4","1",0.375,-0.0807991398812625,"Primary teachers",34,13,"Pre-Bologna training","Older side"
"R_8E52yAHwYlfVnMD",47,"E. Secundaria",13,"1","1","2",0.333333333333333,-0.202557576151706,"Secondary teachers",39,8,"Pre-Bologna training","Older side"
"R_80ehURY2CZSF1gO",49,"E. Primaria",20,"1","8","1",0.555555555555556,0.133274968067709,"Primary teachers",34,15,"Pre-Bologna training","Older side"
"R_2spgyPsqGlQH95T",26,"E. Secundaria",4,"1","4","2",0.444444444444444,-0.0899548277306198,"Secondary teachers",39,-13,"Bologna-era training","Younger side"
"R_82hghvRgRTjc6jZ",45,"E. Primaria",20,"1","4","1",0.555555555555556,0.0511080978887955,"Primary teachers",34,11,"Pre-Bologna training","Older side"
"R_2Pe7YWbN72MEkWs",47,"E. Secundaria",20,"0","7","1",0.111111111111111,-0.401398290615793,"Secondary teachers",39,8,"Pre-Bologna training","Older side"
"R_20B0hWnY4Ry4DnK",44,"E. Secundaria",20,"1","6","3",0.5,0.144227542178229,"Secondary teachers",39,5,"Pre-Bologna training","Older side"
"R_2NKrvxDiuH3tNCN",52,"E. Secundaria",23,"0","7","1",0.444444444444444,-0.0899548277306198,"Secondary teachers",39,13,"Pre-Bologna training","Older side"
"R_2CFRNv5CCsgOtrz",54,"E. Secundaria",30,"0","4","3",0.666666666666667,0.162583507724861,"Secondary teachers",39,15,"Pre-Bologna training","Older side"
"R_2KpqAtSab0LaWb3",41,"E. Secundaria",3,"0","2","2",0.777777777777778,0.267307118390042,"Secondary teachers",39,2,"Pre-Bologna training","Older side"
"R_8IXdDPAtZd7IXFc",59,"E. Secundaria",28,"1","2","2",0.375,-0.0888846536296459,"Secondary teachers",39,20,"Pre-Bologna training","Older side"
"R_8E4ko2XSacQvioX",54,"E. Secundaria",30,"0","9","3",0.777777777777778,0.244414783916848,"Secondary teachers",39,15,"Pre-Bologna training","Older side"
"R_2CsvpMysoS5nIDJ",31,"E. Secundaria",2,"0","3","1",0.555555555555556,0.0317745624682127,"Secondary teachers",39,-8,"Bologna-era training","Younger side"
"R_29PUVeHGScPpADD",39,"E. Secundaria",12,"0","9","1",0.428571428571429,0.0199620208977385,"Secondary teachers",39,0,"Bologna-era training","Younger side"
"R_8FkOZeanE12iB12",53,"E. Primaria",27,"0","8","1",0.444444444444444,-0.0799678608401575,"Primary teachers",34,19,"Pre-Bologna training","Older side"
"R_2Hq0f4DbapONFNB",32,"E. Primaria",5,"1","4","2",0.666666666666667,0.132959675557715,"Primary teachers",34,-2,"Bologna-era training","Younger side"
"R_2czOCfp3CpQgN2K",51,"E. Secundaria",25,"0","9","2",0.222222222222222,-0.283028844026656,"Secondary teachers",39,12,"Pre-Bologna training","Older side"
"R_8frE4J4WcENlJoq",46,"E. Secundaria",20,"1","5","1",0.333333333333333,-0.0896395419391924,"Secondary teachers",39,7,"Pre-Bologna training","Older side"
"R_2Oy3h4cgLivp2JS",42,"E. Primaria",20,"1","1","2",0.555555555555556,0.0444053111511112,"Primary teachers",34,8,"Pre-Bologna training","Older side"
"R_8rHXZVn66xmQ9BT",47,"E. Secundaria",17,"0","3","1",0.555555555555556,0.143709637009977,"Secondary teachers",39,8,"Pre-Bologna training","Older side"
"R_8aCz0zcVSf9zrPj",42,"E. Secundaria",17,"1","7","3",0.444444444444444,-0.0617836785590419,"Secondary teachers",39,3,"Pre-Bologna training","Older side"
"R_83lsFVLzbiDF7P5",58,"E. Primaria",35,"1","8","3",0.444444444444444,-0.0913711865100316,"Primary teachers",34,24,"Pre-Bologna training","Older side"
"R_8CxbA4T4rcH1TX8",44,"E. Primaria",20,"1","1","2",0.333333333333333,-0.171842729615696,"Primary teachers",34,10,"Pre-Bologna training","Older side"
"R_8zO6e4kcGFxsEFO",31,"E. Primaria",6,"0","10","2",0.444444444444444,-0.067045589290615,"Primary teachers",34,-3,"Bologna-era training","Younger side"
"R_2gjwc32NGet050Z",52,"E. Secundaria",28,"0","7","2",0.666666666666667,0.161167148945449,"Secondary teachers",39,13,"Pre-Bologna training","Older side"
"R_2GHxLQdtf8rLijT",39,"E. Secundaria",10,"1","10","3",0.111111111111111,-0.301862212341168,"Secondary teachers",39,0,"Bologna-era training","Younger side"
"R_8SvCYkuevS2p6BH",36,"E. Secundaria",7,"0","7","3",0.333333333333333,-0.0882231831597806,"Secondary teachers",39,-3,"Bologna-era training","Younger side"
"R_2Ov6dXJXLAW5Nt4",32,"E. Secundaria",4,"1","3","3",0.666666666666667,0.244733301401042,"Secondary teachers",39,-7,"Bologna-era training","Younger side"
"R_829oprZWhHJkd1F",37,"E. Secundaria",7,"1","6","1",0.555555555555556,0.143709637009977,"Secondary teachers",39,-2,"Bologna-era training","Younger side"
"R_8cnBvncYop5vMn7",57,"E. Primaria",31,"0","4","2",0.777777777777778,0.265890759610631,"Primary teachers",34,23,"Pre-Bologna training","Older side"
"R_2B9cozDSurWEiHL",51,"E. Primaria",29,"0","5","2",0.444444444444444,-0.0899548277306198,"Primary teachers",34,17,"Pre-Bologna training","Older side"
"R_8sb5pGvU2F8qFp2",38,"E. Secundaria",2,"0","7","3",0.5,0.0445976855155629,"Secondary teachers",39,-1,"Bologna-era training","Younger side"
"R_8Gm754GfvQISDoJ",57,"E. Secundaria",30,"1","10","2",0.333333333333333,-0.0896395419391924,"Secondary teachers",39,18,"Pre-Bologna training","Older side"
"R_8UvF6Euc6ZU5mcp",49,"E. Primaria",24,"1","9","2",0.25,-0.204598802244413,"Primary teachers",34,15,"Pre-Bologna training","Older side"
"R_82fGcl0UC9zHYue",42,"E. Primaria",20,"1","3","2",0.375,-0.0888846536296459,"Primary teachers",34,8,"Pre-Bologna training","Older side"
"R_2XiEFAUeBllHfkw",34,"E. Primaria",11,"1","2","1",0.75,0.295387576902378,"Primary teachers",34,0,"Bologna-era training","Younger side"
"R_8ONP2cfco5eIiHW",43,"E. Secundaria",5,"1","6","1",0.428571428571429,0.0199620208977385,"Secondary teachers",39,4,"Pre-Bologna training","Older side"
"R_2pmjJj6HiSYiGD7",39,"E. Primaria",9,"0","6","2",0.777777777777778,0.265890759610631,"Primary teachers",34,5,"Pre-Bologna training","Older side"
"R_8YmC4osbwyWJJqp",51,"E. Secundaria",25,"0","9","2",0.5,0.0365059713703541,"Secondary teachers",39,12,"Pre-Bologna training","Older side"
"R_2qmORD8RqadRbDb",52,"E. Primaria",25,"0","8","1",0.222222222222222,-0.284449073167537,"Primary teachers",34,18,"Pre-Bologna training","Older side"
"R_2dvtZ5qNa2KVl1D",47,"E. Secundaria",11,"0","4","2",0.555555555555556,0.133274968067709,"Secondary teachers",39,8,"Pre-Bologna training","Older side"
"R_8kMqYahdiaefNdl",61,"E. Secundaria",35,"0","4","3",0.444444444444444,-0.0617848690777509,"Secondary teachers",39,22,"Pre-Bologna training","Older side"
"R_8rCS9aB34hgOL46",36,"E. Secundaria",5,"1","4","2",0,-0.40960327637477,"Secondary teachers",39,-3,"Bologna-era training","Younger side"
"R_8sd0MTkd19MAV6d",43,"E. Primaria",20,"0","2","3",0.777777777777778,0.265890759610631,"Primary teachers",34,9,"Pre-Bologna training","Older side"
"R_27P8TjyQVFcY3Hr",29,"E. Secundaria",5,"0","5","3",0.625,0.161897820900135,"Secondary teachers",39,-10,"Bologna-era training","Younger side"
"R_8U41XuRx1UZBHyO",40,"E. Primaria",16,"1","5","1",0.555555555555556,0.0329123427364325,"Primary teachers",34,6,"Pre-Bologna training","Older side"
"R_82aP79xl8zEjgyd",58,"E. Primaria",18,"1","3","2",0.666666666666667,0.162583507724861,"Primary teachers",34,24,"Pre-Bologna training","Older side"
"R_8qWhdcM95ZOi6oI",56,"E. Secundaria",8,"0","3","2",0.666666666666667,0.142960952109887,"Secondary teachers",39,17,"Pre-Bologna training","Older side"
"R_8labo06TeLguwH5",42,"E. Primaria",19,"0","8","1",0.5,0.0461910891424012,"Primary teachers",34,8,"Pre-Bologna training","Older side"
"R_8He3Y9D1gk3xNiO",57,"E. Primaria",5,"1","2","3",0.333333333333333,-0.0882231831597806,"Primary teachers",34,23,"Pre-Bologna training","Older side"
"R_8K8bZhCBDIjyia7",38,"E. Primaria",5,"1","2","2",0.444444444444444,-0.0913711865100316,"Primary teachers",34,4,"Pre-Bologna training","Older side"
"R_81oLPAVrKdd3ejs",34,"E. Secundaria",8,"0","9","2",0.666666666666667,0.144377310889299,"Secondary teachers",39,-5,"Bologna-era training","Younger side"
"R_2EcnLrIjh9gkGg2",33,"E. Primaria",7,"0","4","1",0.333333333333333,-0.0896395419391924,"Primary teachers",34,-1,"Bologna-era training","Younger side"
"R_8rMvdqhFrSPledb",38,"E. Primaria",15,"1","8","3",0.666666666666667,0.154438816870344,"Primary teachers",34,4,"Pre-Bologna training","Older side"
"R_8WTKndpEb6UKNA5",32,"E. Secundaria",7,"1","1","3",0.555555555555556,0.134693483506886,"Secondary teachers",39,-7,"Bologna-era training","Younger side"
"R_2QEiuupVugoO7Eg",43,"E. Primaria",15,"0","10","3",0.666666666666667,0.131543316778303,"Primary teachers",34,9,"Pre-Bologna training","Older side"
"R_2n2vLDbS24uYhTS",39,"E. Primaria",9,"1","10","1",0.333333333333333,-0.0792191759400678,"Primary teachers",34,5,"Pre-Bologna training","Older side"
"R_8mRfjeUZghXgt9D",44,"E. Primaria",18,"0","7","1",0.625,0.269621863944791,"Primary teachers",34,10,"Pre-Bologna training","Older side"
"R_8rAfvthgrcxlT5X",34,"E. Primaria",13,"1","3","3",0.333333333333333,-0.178496489732341,"Primary teachers",34,0,"Bologna-era training","Younger side"
"R_2qU1oLkCox7rDTR",26,"E. Secundaria",2,"0","4","3",0.375,-0.0807978841046903,"Secondary teachers",39,-13,"Bologna-era training","Younger side"
"R_80JdofcSAFcCCEB",32,"E. Secundaria",6,"1","10","3",0.555555555555556,0.0200795541452143,"Secondary teachers",39,-7,"Bologna-era training","Younger side"
"R_8iswrOfwQEJaEZE",28,"E. Secundaria",2,"0","10","3",0.333333333333333,-0.0882231831597806,"Secondary teachers",39,-11,"Bologna-era training","Younger side"
"R_2doR9BL2IEMwlr7",31,"E. Secundaria",5,"1","4","2",0.5,0.0368119156529397,"Secondary teachers",39,-8,"Bologna-era training","Younger side"
"R_2JbP8RXKQ12aPtf",44,"E. Primaria",20,"1","9","3",0.333333333333333,-0.172971258719425,"Primary teachers",34,10,"Pre-Bologna training","Older side"
"R_2HJJFkeZApHIE9j",50,"E. Secundaria",25,"1","5","2",0.666666666666667,0.132959675557715,"Secondary teachers",39,11,"Pre-Bologna training","Older side"
"R_80bY60GvCTWIJHj",57,"E. Primaria",20,"1","3","2",0.666666666666667,0.132959675557715,"Primary teachers",34,23,"Pre-Bologna training","Older side"
"R_8gQGSITwttON5u1",35,"E. Primaria",1,"1","10","2",0.5,0.0461910891424012,"Primary teachers",34,1,"Pre-Bologna training","Older side"
"R_2z5UruoYRrUEqJ3",33,"E. Primaria",8,"1","6","3",0.75,0.287287228999823,"Primary teachers",34,-1,"Bologna-era training","Younger side"
"R_84OvQ0zrM2uexYN",36,"E. Secundaria",4,"1","1","1",0.666666666666667,0.154704369968956,"Secondary teachers",39,-3,"Bologna-era training","Younger side"
"R_2asGgCDYhnZ4Qoc",26,"E. Secundaria",3,"0","2","3",0.375,-0.0888846536296459,"Secondary teachers",39,-13,"Bologna-era training","Younger side"
"R_8La4uJLKpBW8sFP",39,"E. Primaria",9,"1","1","3",0.555555555555556,0.134693483506886,"Primary teachers",34,5,"Pre-Bologna training","Older side"
"R_2s6uNeH9scwJeoj",39,"E. Primaria",11,"1","8","3",0.555555555555556,0.0329123427364325,"Primary teachers",34,5,"Pre-Bologna training","Older side"
"R_8FUZEX9dwPFBuzn",60,"E. Secundaria",17,"0","9","2",0.777777777777778,0.244414783916848,"Secondary teachers",39,21,"Pre-Bologna training","Older side"
"R_8FQkYAVExD8HMhZ",32,"E. Primaria",7,"1","4","3",0.333333333333333,-0.173261493007153,"Primary teachers",34,-2,"Bologna-era training","Younger side"
"R_2OiwHIymT1cjmav",38,"E. Primaria",10,"0","5","3",0.333333333333333,-0.0792191759400678,"Primary teachers",34,4,"Pre-Bologna training","Older side"
"R_2PsVpTRljGp5ltH",52,"E. Secundaria",15,"1","9","1",0.333333333333333,-0.0792191759400678,"Secondary teachers",39,13,"Pre-Bologna training","Older side"
"R_2Gb26iXyYIo0Dcd",53,"E. Secundaria",4,"1","4","3",0.25,-0.106567372390571,"Secondary teachers",39,14,"Pre-Bologna training","Older side"
"R_8SDW9sSQSPj2797",48,"E. Primaria",23,"1","4","3",0.444444444444444,0.0322457922127985,"Primary teachers",34,14,"Pre-Bologna training","Older side"
"R_23p4HVqOJ1y4Q2B",47,"E. Secundaria",20,"0","4","1",0.555555555555556,0.0314971073127088,"Secondary teachers",39,8,"Pre-Bologna training","Older side"
"R_8fvOOjlq1oeBrIY",50,"E. Primaria",27,"1","2","1",0.555555555555556,0.0329123427364325,"Primary teachers",34,16,"Pre-Bologna training","Older side"
"R_8LNbzqTIOxzwqzv",35,"E. Secundaria",17,"1","1","3",0.25,-0.204600058020986,"Secondary teachers",39,-4,"Bologna-era training","Younger side"
"R_8NUrqizUyRMnd5G",43,"E. Secundaria",19,"1","7","1",0.555555555555556,0.0444053111511112,"Secondary teachers",39,4,"Pre-Bologna training","Older side"
"R_2mn1M6hiIdvkh5C",45,"E. Secundaria",20,"1","5","3",0.777777777777778,0.356191634734376,"Secondary teachers",39,6,"Pre-Bologna training","Older side"
"R_2ZWBvZM45dVeX6V",42,"E. Primaria",12,"1","7","3",0.666666666666667,0.142960952109887,"Primary teachers",34,8,"Pre-Bologna training","Older side"
"R_8Vr9nuW7Timkkxx",54,"E. Primaria",29,"0","7","1",0.666666666666667,0.132959675557715,"Primary teachers",34,20,"Pre-Bologna training","Older side"
"R_8NJha7sI0RJBvoZ",41,"E. Primaria",14,"1","4","1",0.222222222222222,-0.283028844026656,"Primary teachers",34,7,"Pre-Bologna training","Older side"
"R_8MQzcTTtnEDMqfe",48,"E. Primaria",24,"0","1","1",0.5,0.0461910891424012,"Primary teachers",34,14,"Pre-Bologna training","Older side"
"R_2mJ0bOYOeUFJldC",56,"E. Primaria",28,"0","1","2",0.555555555555556,0.143710739237137,"Primary teachers",34,22,"Pre-Bologna training","Older side"
"R_8G7DVt2IIJr75Wm",47,"E. Secundaria",8,"1","4","2",0.333333333333333,-0.0896395419391924,"Secondary teachers",39,8,"Pre-Bologna training","Older side"
"R_8fVI8NzhUkShSpL",46,"E. Secundaria",16,"0","9","2",0.428571428571429,0.0199634203603449,"Secondary teachers",39,7,"Pre-Bologna training","Older side"
"R_21Top2pIrBMCqMm",42,"E. Primaria",20,"1","3","3",0.375,-0.0792057362544242,"Primary teachers",34,8,"Pre-Bologna training","Older side"
"R_8d0I80d90XY5cqR",53,"E. Secundaria",30,"1","4","2",0.555555555555556,0.04440427520803,"Secondary teachers",39,14,"Pre-Bologna training","Older side"
"R_8P14dFCovdMwUCR",42,"E. Primaria",9,"1","2","1",0.444444444444444,0.0322424434079869,"Primary teachers",34,8,"Pre-Bologna training","Older side"
"R_8plRaGXYcAEWuFl",49,"E. Secundaria",24,"1","10","2",0.444444444444444,-0.060368510298339,"Secondary teachers",39,10,"Pre-Bologna training","Older side"
"R_8hX94vCcGkTzE6C",54,"E. Secundaria",30,"1","2","2",0.375,-0.0807991398812625,"Secondary teachers",39,15,"Pre-Bologna training","Older side"
"R_8OPpoOeMx9LNajM",48,"E. Secundaria",22,"1","3","3",0.666666666666667,0.131541173493269,"Secondary teachers",39,9,"Pre-Bologna training","Older side"
"R_2n0gWoQ6DytJ2Oa",30,"E. Secundaria",5,"0","1","1",0.444444444444444,-0.0785515020607456,"Secondary teachers",39,-9,"Bologna-era training","Younger side"
"R_8EbhScPj9KnC7rM",51,"E. Secundaria",17,"1","8","2",0.666666666666667,0.131543316778303,"Secondary teachers",39,12,"Pre-Bologna training","Older side"
"R_2HpoZPJIrFDTB9K",45,"E. Primaria",21,"1","10","2",0.777777777777778,0.255843409575845,"Primary teachers",34,11,"Pre-Bologna training","Older side"
"R_8VF2et0lyI6wVfZ",36,"E. Primaria",11,"0","5","3",0.777777777777778,0.274057727042218,"Primary teachers",34,2,"Pre-Bologna training","Older side"
"R_8QQFn32jWNQhiYF",40,"E. Secundaria",10,"0","5","2",0.428571428571429,0.019956405278455,"Secondary teachers",39,1,"Pre-Bologna training","Older side"
"R_262ZcwSUQSsTTrm",58,"E. Secundaria",35,"1","7","2",0.5,0.0445976855155629,"Secondary teachers",39,19,"Pre-Bologna training","Older side"
"R_8RxqhLizkkfgDkO",27,"E. Primaria",2,"1","1","1",0.444444444444444,-0.060368510298339,"Primary teachers",34,-7,"Bologna-era training","Younger side"
"R_2fJpOUEoqyrrgWC",45,"E. Secundaria",10,"0","2","3",0.666666666666667,0.244733301401042,"Secondary teachers",39,6,"Pre-Bologna training","Older side"
"R_8Di5xlW9JpemOLs",41,"E. Secundaria",2,"1","10","3",0.5,0.0461910891424012,"Secondary teachers",39,2,"Pre-Bologna training","Older side"
"R_2q6KPsWTL2z9fCV",42,"E. Primaria",9,"1","2","3",0.444444444444444,-0.060368510298339,"Primary teachers",34,8,"Pre-Bologna training","Older side"
"R_2hTq3LdkTNTsX8z",47,"E. Primaria",24,"1","3","1",0.444444444444444,-0.0617848690777509,"Primary teachers",34,13,"Pre-Bologna training","Older side"
"R_2K1tGqVwYOkArWV",33,"E. Primaria",9,"1","4","3",0.777777777777778,0.254425920262753,"Primary teachers",34,-1,"Bologna-era training","Younger side"
"R_26rcfZoiyEG26Xv",52,"E. Secundaria",24,"0","7","1",0,-0.535516735123942,"Secondary teachers",39,13,"Pre-Bologna training","Older side"
"R_8P7uavyLYs9aYDq",46,"E. Primaria",21,"1","2","2",0.444444444444444,-0.0684619480700268,"Primary teachers",34,12,"Pre-Bologna training","Older side"
"R_8XjkOWNK5TXxMiI",40,"E. Primaria",14,"1","1","2",0.571428571428571,0.163266991788916,"Primary teachers",34,6,"Pre-Bologna training","Older side"
"R_2LL9NUU9xkHxHVL",35,"E. Secundaria",5,"1","5","3",0.666666666666667,0.144377310889299,"Secondary teachers",39,-4,"Bologna-era training","Younger side"
"R_2dAiekiEdj32MPK",42,"E. Primaria",18,"1","3","2",0.444444444444444,-0.0799678608401575,"Primary teachers",34,8,"Pre-Bologna training","Older side"
"R_2rJByqytd0mR0D3",41,"E. Primaria",17,"1","2","2",0,-0.456673719614961,"Primary teachers",34,7,"Pre-Bologna training","Older side"
"R_2oor0pukhdosBjz",37,"E. Secundaria",5,NA,"9","1",0.555555555555556,0.0429889523716993,"Secondary teachers",39,-2,"Bologna-era training","Younger side"
"R_2n5kOx4Fxjn3oel",26,"E. Primaria",2,"1","1","2",0.25,-0.205883828228146,"Primary teachers",34,-8,"Bologna-era training","Younger side"
"R_2HiPCyxhQjP6jQz",45,"E. Primaria",19,"1","1","1",0.555555555555556,0.0429879164286182,"Primary teachers",34,11,"Pre-Bologna training","Older side"
"R_2e5d8aRliQw31p0",49,"E. Secundaria",18,"1","6","3",0.111111111111111,-0.401129909454273,"Secondary teachers",39,10,"Pre-Bologna training","Older side"
"R_86kvanrqhIbxm7v",45,"E. Secundaria",19,"1","3","2",0.666666666666667,0.132957532272681,"Secondary teachers",39,6,"Pre-Bologna training","Older side"
"R_83ChOU5hdioMOgN",49,"E. Secundaria",2,"1","10","3",0.5,0.144227542178229,"Secondary teachers",39,10,"Pre-Bologna training","Older side"
"R_8msCObrhPjBuNtS",56,"E. Secundaria",25,NA,"6","1",0.333333333333333,-0.0792191759400678,"Secondary teachers",39,17,"Pre-Bologna training","Older side"
"R_27PUYDMNGBBXv9p",49,"E. Secundaria",7,"1","2","3",0.444444444444444,-0.0684619480700268,"Secondary teachers",39,10,"Pre-Bologna training","Older side"
"R_21Z9voYB605enbo",52,"E. Primaria",26,"1","7","2",0,-0.45507596183147,"Primary teachers",34,18,"Pre-Bologna training","Older side"
"R_2lrhjF5b7pvxaTN",42,"E. Primaria",14,"1","3","3",0.555555555555556,0.143709637009977,"Primary teachers",34,8,"Pre-Bologna training","Older side"
"R_87DQQg8RQ1cymo0",47,"E. Secundaria",18,"1","7","2",0.333333333333333,-0.0896395419391924,"Secondary teachers",39,8,"Pre-Bologna training","Older side"
"R_2AMZ1eG8np6Q2Ov",50,"E. Secundaria",25,"0","10","3",0.111111111111111,-0.414367301927497,"Secondary teachers",39,11,"Pre-Bologna training","Older side"
"R_8BkRmNK0xYrkHmK",50,"E. Secundaria",10,"0","4","3",0.428571428571429,0.0199620208977385,"Secondary teachers",39,11,"Pre-Bologna training","Older side"
"R_81cBV2HvZev1TnX",41,"E. Primaria",12,"1","9","2",0.5,0.0365059713703541,"Primary teachers",34,7,"Pre-Bologna training","Older side"
"R_2VkKuEFzH6cEvJL",52,"E. Secundaria",28,"1","6","3",0.333333333333333,-0.0896395419391924,"Secondary teachers",39,13,"Pre-Bologna training","Older side"
"R_2sT6YFPPMxT6QNj",44,"E. Secundaria",21,"1","3","3",0.666666666666667,0.161167148945449,"Secondary teachers",39,5,"Pre-Bologna training","Older side"
"R_2PmZUOw7Wucb28s",53,"E. Secundaria",5,"0","3","3",0.555555555555556,0.0429868867830634,"Secondary teachers",39,14,"Pre-Bologna training","Older side"
"R_2DIHRop3dIKE8Yr",29,"E. Primaria",3,"1","4","1",0.5,0.0365059713703541,"Primary teachers",34,-5,"Bologna-era training","Younger side"
"R_8OlblvTUVNwcoRw",59,"E. Secundaria",26,"1","9","3",0.5,0.0461910891424012,"Secondary teachers",39,20,"Pre-Bologna training","Older side"
"R_8DUXcZnHUBd14w2",45,"E. Secundaria",20,"1","10","1",0.5,0.0465050767187314,"Secondary teachers",39,6,"Pre-Bologna training","Older side"
"R_290oeyJt7uIqf33",61,"E. Primaria",32,"1","6","3",0.444444444444444,0.0322446688571103,"Primary teachers",34,27,"Pre-Bologna training","Older side"
"R_2MS9sCIzvZvb2vH",39,"E. Secundaria",7,"1","4","2",0.777777777777778,0.254425920262753,"Secondary teachers",39,0,"Bologna-era training","Younger side"
"R_2Vra6V770KwHKni",30,"E. Primaria",5,"1","10","1",0.444444444444444,-0.0684619480700268,"Primary teachers",34,-4,"Bologna-era training","Younger side"
"R_2rI1m4XnD8Soy8p",47,"E. Secundaria",6,"1","3","1",0.555555555555556,0.0200839218491015,"Secondary teachers",39,8,"Pre-Bologna training","Older side"
"R_2JP0DdKxCZuG4TM",48,"E. Primaria",23,"1","4","2",0.555555555555556,0.0514009884446554,"Primary teachers",34,14,"Pre-Bologna training","Older side"
"R_8xEtv4Sz1XFBC21",53,"E. Secundaria",1,"1","5","3",0.888888888888889,0.365892018949299,"Secondary teachers",39,14,"Pre-Bologna training","Older side"
"R_21yTkB2qYOM0mAl",34,"E. Secundaria",10,"1","2","2",0.625,0.171585410908963,"Secondary teachers",39,-5,"Bologna-era training","Younger side"
"R_2ncnn3w0QKxZ6UE",35,"E. Primaria",3,"1","7","3",0.555555555555556,0.0200860651341359,"Primary teachers",34,1,"Pre-Bologna training","Older side"
"R_8Vg9Kh8FvziL8nT",57,"E. Secundaria",17,"1","6","1",0.444444444444444,-0.067045589290615,"Secondary teachers",39,18,"Pre-Bologna training","Older side"
"R_2pJoVnM3qPSf1Al",40,"E. Secundaria",9,"1","10","3",0.555555555555556,0.0314971073127088,"Secondary teachers",39,1,"Pre-Bologna training","Older side"
"R_8KVewIQuYNWRk73",49,"E. Secundaria",21,"0","9","1",0.666666666666667,0.162583507724861,"Secondary teachers",39,10,"Pre-Bologna training","Older side"
"R_8gEdRDDXa3rkWgp",44,"E. Secundaria",18,"1","3","2",0.5,0.0445976855155629,"Secondary teachers",39,5,"Pre-Bologna training","Older side"
"R_2S1At7vinyGo0pz",49,"E. Secundaria",10,"1","6","3",0.666666666666667,0.154440895111986,"Secondary teachers",39,10,"Pre-Bologna training","Older side"
"R_8zMToMboMKYeODz",39,"E. Secundaria",1,"0","9","2",0.555555555555556,0.0496917391093836,"Secondary teachers",39,0,"Bologna-era training","Younger side"
"R_8znHXUhihbvohhw",44,"E. Secundaria",19,"0","9","2",0.222222222222222,-0.199405702439986,"Secondary teachers",39,5,"Pre-Bologna training","Older side"
"R_2veHoYAmzzxGSHL",51,"E. Secundaria",23,"1","3","1",0.428571428571429,0.0199620208977385,"Secondary teachers",39,12,"Pre-Bologna training","Older side"
"R_2wy4y7geQjFoXhn",49,"E. Secundaria",18,"1","9","3",0.444444444444444,0.0322457922127985,"Secondary teachers",39,10,"Pre-Bologna training","Older side"
"R_8af9hkNPIJDGhD6",55,"E. Primaria",33,"1","5","1",0.444444444444444,0.0322457922127985,"Primary teachers",34,21,"Pre-Bologna training","Older side"
"R_8t4CUnDFPktqjCW",57,"E. Primaria",36,"1","1","2",0.777777777777778,0.255842279042165,"Primary teachers",34,23,"Pre-Bologna training","Older side"
"R_8Lj6TODXGI5ht3r",41,"E. Primaria",16,"1","3","2",0.666666666666667,0.155855175649756,"Primary teachers",34,7,"Pre-Bologna training","Older side"
"R_2LvOHqAUAb3kCcc",50,"E. Primaria",22,"1","5","3",0.333333333333333,-0.191154250481832,"Primary teachers",34,16,"Pre-Bologna training","Older side"
"R_2KwqiUABP58yCdM",24,"E. Secundaria",1,"0","2","1",0.555555555555556,0.0314959839570207,"Secondary teachers",39,-15,"Bologna-era training","Younger side"
"R_2k9a6NA2HeRu6S5",25,"E. Primaria",2,"1","8","3",0.5,0.0445964297389906,"Primary teachers",34,-9,"Bologna-era training","Younger side"
"R_83deIkIq5qV5Dhu",46,"E. Secundaria",4,"1","6","1",0.5,0.0365059713703541,"Secondary teachers",39,7,"Pre-Bologna training","Older side"
"R_2rzaKQyoflFDnbj",58,"E. Primaria",33,"1","4","1",0.444444444444444,0.0218187913941409,"Primary teachers",34,24,"Pre-Bologna training","Older side"
"R_8ejQ4VvkzUXE7lL",45,"E. Primaria",22,"1","7","3",0.5,0.0445976855155629,"Primary teachers",34,11,"Pre-Bologna training","Older side"
"R_2GxhAE8rHtk17Eo",42,"E. Secundaria",4,"0","10","1",0.666666666666667,0.144377310889299,"Secondary teachers",39,3,"Pre-Bologna training","Older side"
"R_2NziHIA4e5d6Thn",48,"E. Primaria",24,"1","9","1",0.125,-0.339053372933322,"Primary teachers",34,14,"Pre-Bologna training","Older side"
"R_8MmJyTt6CbWqVcV",52,"E. Secundaria",26,"0","10","2",0.444444444444444,-0.0899580932073468,"Secondary teachers",39,13,"Pre-Bologna training","Older side"
"R_8rYp2EdktB5wS9g",32,"E. Secundaria",0,"0","6","2",0.555555555555556,0.0429899946702595,"Secondary teachers",39,-7,"Bologna-era training","Younger side"
"R_2QDTUDZuX3Qb5uZ",58,"E. Secundaria",34,"0","3","1",0.222222222222222,-0.283025248895901,"Secondary teachers",39,19,"Pre-Bologna training","Older side"
"R_2D1EOJYTGu5hGMp",32,"E. Secundaria",7,"0","5","2",0.555555555555556,0.0215024239135477,"Secondary teachers",39,-7,"Bologna-era training","Younger side"
"R_8nJFL42FFd34vg6",39,"E. Primaria",4,"0","7","1",0.444444444444444,0.0218187913941409,"Primary teachers",34,5,"Pre-Bologna training","Older side"
"R_8FIOOgE8pELLub3",26,"E. Primaria",3,"1","10","1",0.777777777777778,0.255842279042165,"Primary teachers",34,-8,"Bologna-era training","Younger side"
"R_8RaLsRdKqr4mgMb",48,"E. Secundaria",8,"0","10","1",0.777777777777778,0.255842279042165,"Secondary teachers",39,9,"Pre-Bologna training","Older side"
"R_8rko8X1WzF3Rkvk",47,"E. Secundaria",24,"1","8","3",0.333333333333333,-0.0896395419391924,"Secondary teachers",39,8,"Pre-Bologna training","Older side"
"R_8PKYaVn7g12zYbt",45,"E. Secundaria",22,"0","9","2",0.666666666666667,0.161167148945449,"Secondary teachers",39,6,"Pre-Bologna training","Older side"
"R_81oXERfeZGJedEt",35,"E. Primaria",9,"0","10","2",0.333333333333333,-0.179912848511753,"Primary teachers",34,1,"Pre-Bologna training","Older side"
"R_2ohy1JqdXO8gf1o",46,"E. Primaria",20,"1","6","2",0.285714285714286,-0.123341550530833,"Primary teachers",34,12,"Pre-Bologna training","Older side"
"R_8EaTBSRFOuVPwVB",49,"E. Secundaria",5,"1","8","1",0.375,-0.0792057362544242,"Secondary teachers",39,10,"Pre-Bologna training","Older side"
"R_8giWErGL2qdlk1r",35,"E. Primaria",7,"1","7","3",0.777777777777778,0.255842279042165,"Primary teachers",34,1,"Pre-Bologna training","Older side"
"R_2QSimGYaYFaieid",55,"E. Primaria",28,"1","2","1",0.555555555555556,0.0314971073127088,"Primary teachers",34,21,"Pre-Bologna training","Older side"
"R_8GZdEuks00Wceld",34,"E. Primaria",9,"1","10","2",0.555555555555556,0.0429899946702595,"Primary teachers",34,0,"Bologna-era training","Younger side"
"R_8mCUUqY9wAgXdlw",48,"E. Primaria",20,"0","10","1",0.444444444444444,-0.0799701291545277,"Primary teachers",34,14,"Pre-Bologna training","Older side"
"R_810aeXCXf01mV2m",43,"E. Primaria",15,"1","10","3",0.375,0.0188307167814037,"Primary teachers",34,9,"Pre-Bologna training","Older side"
"R_8Dkdmmjkugpy7DB",49,"E. Primaria",28,"1","1","1",0.375,0.0188307167814037,"Primary teachers",34,15,"Pre-Bologna training","Older side"
"R_2WI8grCPR5lhnoj",44,"E. Primaria",20,"0","6","3",0.444444444444444,0.0322457922127985,"Primary teachers",34,10,"Pre-Bologna training","Older side"
"R_21EWmIawXp2cKAd",45,"E. Primaria",20,"1","2","3",0.666666666666667,0.162583507724861,"Primary teachers",34,11,"Pre-Bologna training","Older side"
"R_2ddUQ8Y1wGpyjex",47,"E. Primaria",24,"0","3","2",0.666666666666667,0.255171256358031,"Primary teachers",34,13,"Pre-Bologna training","Older side"
"R_2oiiPFT8XcV00xU",37,"E. Secundaria",4,"1","10","2",0.375,-0.0807991398812625,"Secondary teachers",39,-2,"Bologna-era training","Younger side"
"R_2yszSUCaMwUsIIm",37,"E. Primaria",14,"0","4","1",0.555555555555556,0.0429879164286182,"Primary teachers",34,3,"Pre-Bologna training","Older side"
"R_2q8ULJXIL01seeD",50,"E. Secundaria",24,"1","10","2",0.666666666666667,0.131543316778303,"Secondary teachers",39,11,"Pre-Bologna training","Older side"
"R_8sWQyIQzTBkf7kl",36,"E. Secundaria",2,"0","9","2",0.444444444444444,0.0218187913941409,"Secondary teachers",39,-3,"Bologna-era training","Younger side"
"R_2KxXsfK3AnOlZZI",57,"E. Primaria",35,"1","1","3",0.555555555555556,0.133274968067709,"Primary teachers",34,23,"Pre-Bologna training","Older side"
"R_8saBzuPiUb92nJw",49,"E. Secundaria",2,"1","10","1",0.625,0.269621863944791,"Secondary teachers",39,10,"Pre-Bologna training","Older side"
"R_8fvlGaN0O7K0nHH",39,"E. Primaria",17,"1","9","2",0.375,0.0188294530062546,"Primary teachers",34,5,"Pre-Bologna training","Older side"
"R_21iyO9ghbhr1OXr",41,"E. Secundaria",2,"1","10","2",0.444444444444444,0.0232351501735528,"Secondary teachers",39,2,"Pre-Bologna training","Older side"
"R_8XbMsi0435SfQAz",45,"E. Secundaria",11,"0","5","2",0.444444444444444,0.0232351501735528,"Secondary teachers",39,6,"Pre-Bologna training","Older side"
"R_8xzdgInLdRDPv8J",56,"E. Primaria",34,"0","3","2",0.444444444444444,-0.0913711865100316,"Primary teachers",34,22,"Pre-Bologna training","Older side"
"R_2kjGCRFikP5dKlY",45,"E. Secundaria",16,"1","7","3",0.111111111111111,-0.401129909454273,"Secondary teachers",39,6,"Pre-Bologna training","Older side"
"R_8OI6Trhg9nkaYUB",28,"E. Secundaria",5,"1","9","1",0.428571428571429,0.0199620208977385,"Secondary teachers",39,-11,"Bologna-era training","Younger side"
"R_8TLfxhpIqU8r6nI",34,"E. Secundaria",5,"0","8","3",0.666666666666667,0.155857253891397,"Secondary teachers",39,-5,"Bologna-era training","Younger side"
"R_82xpoYZTxqVtPpS",56,"E. Secundaria",24,"0","9","3",0.777777777777778,0.242998425137437,"Secondary teachers",39,17,"Pre-Bologna training","Older side"
"R_83av3QvFN9CabGU",58,"E. Primaria",35,"1","3","2",0.555555555555556,0.133277124727474,"Primary teachers",34,24,"Pre-Bologna training","Older side"
"R_2CkEj9LnAbCtI7s",48,"E. Primaria",25,"1","7","2",0.666666666666667,0.144377310889299,"Primary teachers",34,14,"Pre-Bologna training","Older side"
"R_8g81S3AbK5ZaAxz",47,"E. Secundaria",18,"0","1","2",0.428571428571429,0.0199620208977385,"Secondary teachers",39,8,"Pre-Bologna training","Older side"
"R_2MRuf6ihNre4NVH",53,"E. Secundaria",27,"0","2","1",0.555555555555556,0.0203569271366292,"Secondary teachers",39,14,"Pre-Bologna training","Older side"
"R_2lag7olu67hd6Cf",42,"E. Secundaria",4,"1","7","1",0.333333333333333,-0.202832805858086,"Secondary teachers",39,3,"Pre-Bologna training","Older side"
"R_8OMYtz9f59AcwBV",45,"E. Secundaria",15,"1","3","1",0.375,0.0188307167814037,"Secondary teachers",39,6,"Pre-Bologna training","Older side"
"R_8kuL6HvgWGjiB06",41,"E. Primaria",10,"1","9","3",0.777777777777778,0.272641368262806,"Primary teachers",34,7,"Pre-Bologna training","Older side"
"R_8TBo4879mQgF158",53,"E. Secundaria",24,"0","10","1",0.666666666666667,0.144377310889299,"Secondary teachers",39,14,"Pre-Bologna training","Older side"
"R_8WCk2cx7BseEG0r",57,"E. Secundaria",32,NA,"4","2",0.444444444444444,-0.060368510298339,"Secondary teachers",39,18,"Pre-Bologna training","Older side"
"R_8lhlH0UA2LvZ5hQ",47,"E. Secundaria",21,"1","1","1",0.625,0.169992007282124,"Secondary teachers",39,8,"Pre-Bologna training","Older side"
"R_83fctRAhZOcRY1v",46,"E. Secundaria",12,"1","6","3",0.666666666666667,0.161167148945449,"Secondary teachers",39,7,"Pre-Bologna training","Older side"
"R_8w7ZTpH1ahvbV97",46,"E. Secundaria",21,"1","8","2",0.5,0.0445964297389906,"Secondary teachers",39,7,"Pre-Bologna training","Older side"
"R_2Hn4WFeRI9sQxHk",46,"E. Primaria",15,"1","2","1",0.333333333333333,-0.0896395419391924,"Primary teachers",34,12,"Pre-Bologna training","Older side"
"R_8D1hL6zLiVClpll",43,"E. Secundaria",18,"1","9","1",0.666666666666667,0.131543316778303,"Secondary teachers",39,4,"Pre-Bologna training","Older side"
"R_2xNnfAMmJtdC11f",45,"E. Primaria",24,NA,"3","3",0.5,0.0365059713703541,"Primary teachers",34,11,"Pre-Bologna training","Older side"
"R_2jo14Hg7NRLXEIh",58,"E. Primaria",35,"1","2","3",0.666666666666667,0.155857253891397,"Primary teachers",34,24,"Pre-Bologna training","Older side"
"R_8RnY9WKMEe5ZRp7",43,"E. Primaria",18,"1","1","2",0.555555555555556,0.049980759303775,"Primary teachers",34,9,"Pre-Bologna training","Older side"
"R_8VD9qJn9XYMQqPQ",58,"E. Primaria",34,"1","4","3",0.375,-0.0792057362544242,"Primary teachers",34,24,"Pre-Bologna training","Older side"
"R_2zGXW3PYsby1Zqu",37,"E. Secundaria",2,"0","9","1",0.888888888888889,0.377339594463721,"Secondary teachers",39,-2,"Bologna-era training","Younger side"
"R_8gM8X6Uu6fs3Jbu",39,"E. Secundaria",8,"0","7","1",0.666666666666667,0.132959675557715,"Secondary teachers",39,0,"Bologna-era training","Younger side"
"R_8Vr9vG4QbrQ7riw",58,"E. Secundaria",27,"1","8","1",0.375,-0.0792057362544242,"Secondary teachers",39,19,"Pre-Bologna training","Older side"
"R_2QADGiJBrGxRQcM",46,"E. Primaria",24,"1","9","1",0.555555555555556,0.0496905407583147,"Primary teachers",34,12,"Pre-Bologna training","Older side"
"R_2sdozru2gAJWVWy",49,"E. Primaria",21,"1","1","1",0.444444444444444,0.0325232473683024,"Primary teachers",34,15,"Pre-Bologna training","Older side"
"R_2dAwyfuNEhXVz7c",46,"E. Primaria",21,"0","2","2",0.444444444444444,-0.0614970394020685,"Primary teachers",34,12,"Pre-Bologna training","Older side"
"R_2P4Z5gbOOMC161a",37,"E. Primaria",9,"0","7","2",0.5,0.0365059713703541,"Primary teachers",34,3,"Pre-Bologna training","Older side"
"R_8OZyfc2sJ6zkA5M",43,"E. Secundaria",17,"1","1","2",0.555555555555556,0.0215024239135477,"Secondary teachers",39,4,"Pre-Bologna training","Older side"
"R_8m4YlKWzmDnTvY9",48,"E. Primaria",24,NA,"1","3",0.777777777777778,0.255842279042165,"Primary teachers",34,14,"Pre-Bologna training","Older side"
"R_2OlwnS41C2ETatu",55,"E. Secundaria",30,"1","5","2",0.5,0.0365059713703541,"Secondary teachers",39,16,"Pre-Bologna training","Older side"
"R_8kcRGwwS8B6TRIn",36,"E. Secundaria",11,NA,"1","2",0,-0.512580809895999,"Secondary teachers",39,-3,"Bologna-era training","Younger side"
"R_24WptDHt5fcZwCB",51,"E. Secundaria",24,"1","9","2",0.444444444444444,0.0325232473683024,"Secondary teachers",39,12,"Pre-Bologna training","Older side"
"R_8YPhlc24tVIJkAh",58,"E. Secundaria",34,"0","10","3",0.555555555555556,0.0511080978887955,"Secondary teachers",39,19,"Pre-Bologna training","Older side"
"R_2aQQtTzkCt8qAyl",56,"E. Secundaria",1,"1","7","2",0.625,0.171585410908963,"Secondary teachers",39,17,"Pre-Bologna training","Older side"
"R_2PtM0nOOgEl6FDi",45,"E. Primaria",10,"0","1","2",0.555555555555556,0.0329134660921206,"Primary teachers",34,11,"Pre-Bologna training","Older side"
"R_235ghEii0yMuzKh",38,"E. Primaria",8,"1","4","1",0.666666666666667,0.132959675557715,"Primary teachers",34,4,"Pre-Bologna training","Older side"
"R_8iB6WoLG4mfyWzf",44,"E. Secundaria",6,"0","2","3",0.444444444444444,0.0232351501735528,"Secondary teachers",39,5,"Pre-Bologna training","Older side"
"R_2dHcVwek6mQGk66",58,"E. Secundaria",32,"0","3","2",0.555555555555556,0.04440427520803,"Secondary teachers",39,19,"Pre-Bologna training","Older side"
"R_8aFcEybjTwlpof2",35,"E. Primaria",12,"1","6","1",0.666666666666667,0.161167148945449,"Primary teachers",34,1,"Pre-Bologna training","Older side"
"R_8potU2rJbkfCeRl",39,"E. Primaria",6,"1","4","1",0.714285714285714,0.306574788093558,"Primary teachers",34,5,"Pre-Bologna training","Older side"
"R_2NWYjozOYHrpskd",58,"E. Secundaria",29,"0","9","2",1,0.593183347934352,"Secondary teachers",39,19,"Pre-Bologna training","Older side"
"R_2hZmsaLsePbknwB",50,"E. Secundaria",20,"0","7","1",0.666666666666667,0.131543316778303,"Secondary teachers",39,11,"Pre-Bologna training","Older side"
"R_8NM8rKtlCrgWCBP",57,"E. Secundaria",32,"0","2","2",0.5,0.144227542178229,"Secondary teachers",39,18,"Pre-Bologna training","Older side"
"R_2KkGJCxXV6lC1Lb",57,"E. Primaria",27,"1","9","2",0.375,0.0188307167814037,"Primary teachers",34,23,"Pre-Bologna training","Older side"
"R_2hmD4JRNRnri6oK",60,"E. Secundaria",30,"1","7","2",0.666666666666667,0.155855188302762,"Secondary teachers",39,21,"Pre-Bologna training","Older side"
"R_2jxDUeny2DMEtVq",41,"E. Primaria",10,"1","1","3",0.555555555555556,0.133274968067709,"Primary teachers",34,7,"Pre-Bologna training","Older side"
"R_2k0a54WC2QzaewS",45,"E. Primaria",18,"1","10","1",0.666666666666667,0.154440895111986,"Primary teachers",34,11,"Pre-Bologna training","Older side"
"R_8hoqjbfu5ncolGC",48,"E. Secundaria",12,"1","10","3",0.444444444444444,0.0218187913941409,"Secondary teachers",39,9,"Pre-Bologna training","Older side"
"R_8NjysNjPKXoGQc9",51,"E. Primaria",20,"1","10","2",0.625,0.17158415513239,"Primary teachers",34,17,"Pre-Bologna training","Older side"
"R_2BE4hIlqn3CVyp3",32,"E. Primaria",6,"1","7","1",0.625,0.269615624302597,"Primary teachers",34,-2,"Bologna-era training","Younger side"
"R_8e9UyIsoNuYRW1v",51,"E. Primaria",25,"1","6","1",0.333333333333333,-0.0896395419391924,"Primary teachers",34,17,"Pre-Bologna training","Older side"
"R_8MfH1RzXNjWJkJU",27,"E. Secundaria",3,"0","4","2",0.666666666666667,0.132959675557715,"Secondary teachers",39,-12,"Bologna-era training","Younger side"
"R_8dK6GCODfdPEclv",45,"E. Secundaria",21,"1","9","1",0.555555555555556,0.0317745624682127,"Secondary teachers",39,6,"Pre-Bologna training","Older side"
"R_2RCfWAxwOfEX4xX",39,"E. Secundaria",9,"0","8","2",0.285714285714286,-0.122991908641557,"Secondary teachers",39,0,"Bologna-era training","Younger side"
"R_2ZJowrtsKZP8g6d",56,"E. Secundaria",31,"0","2","1",0.777777777777778,0.272641368262806,"Secondary teachers",39,17,"Pre-Bologna training","Older side"
"R_2YhKHTTYcU92MMC",59,"E. Primaria",10,"1","6","2",0,-0.525553691569171,"Primary teachers",34,25,"Pre-Bologna training","Older side"
"R_2CGcgQJIWh0XW0x",64,"E. Primaria",30,"1","10","2",0.666666666666667,0.131541173493269,"Primary teachers",34,30,"Pre-Bologna training","Older side"
"R_2fyJ9veRUk6LB4t",51,"E. Primaria",22,"0","9","3",0,-0.536936964264823,"Primary teachers",34,17,"Pre-Bologna training","Older side"
"R_2cBMcjXqMurXRzH",45,"E. Secundaria",15,"1","4","3",0.428571428571429,0.0199620208977385,"Secondary teachers",39,6,"Pre-Bologna training","Older side"
"R_8n0HwJoU7NqMGlj",37,"E. Primaria",4,"0","1","1",0.5,0.144227542178229,"Primary teachers",34,3,"Pre-Bologna training","Older side"
"R_82RVxvKs9mCLZ6d",45,"E. Primaria",16,"1","8","3",0.444444444444444,0.0218187913941409,"Primary teachers",34,11,"Pre-Bologna training","Older side"
"R_2DhrS7n0flK5Z7j",31,"E. Secundaria",4,"0","7","2",0.444444444444444,-0.0684609057714666,"Secondary teachers",39,-8,"Bologna-era training","Younger side"
"R_21kiQD4JMzN6ABb",45,"E. Primaria",23,"1","8","1",0.555555555555556,0.0429879164286182,"Primary teachers",34,11,"Pre-Bologna training","Older side"
"R_2SwZpPjEDJVEVWN",37,"E. Secundaria",12,"0","8","3",0.333333333333333,-0.0792191759400678,"Secondary teachers",39,-2,"Bologna-era training","Younger side"
"R_83PZituXJYQunnj",50,"E. Secundaria",21,"0","8","1",0.222222222222222,-0.283318139451761,"Secondary teachers",39,11,"Pre-Bologna training","Older side"
"R_8K3bYaQswdg5L5C",50,"E. Secundaria",19,"1","10","2",0.333333333333333,-0.173259088395107,"Secondary teachers",39,11,"Pre-Bologna training","Older side"
"R_8D8tcewbjpiAWRn",49,"E. Primaria",29,"1","5","1",0.666666666666667,0.244733301401042,"Primary teachers",34,15,"Pre-Bologna training","Older side"
"R_8v87dvIqTuvM5jO",43,"E. Secundaria",19,"0","5","2",0.5,0.0461910891424012,"Secondary teachers",39,4,"Pre-Bologna training","Older side"
"R_8hBf6VqaJllRKzF",44,"E. Secundaria",19,"1","2","2",0.375,0.0188307167814037,"Secondary teachers",39,5,"Pre-Bologna training","Older side"
"R_8duHYtOpCE1VGYi",38,"E. Secundaria",1,"1","1","3",0.111111111111111,-0.396212312679285,"Secondary teachers",39,-1,"Bologna-era training","Younger side"
"R_8uOt8XQuyWUH8Io",60,"E. Primaria",37,"1","4","3",0.5,0.0445976855155629,"Primary teachers",34,26,"Pre-Bologna training","Older side"
"R_8c2vxXRfhVUJvSO",46,"E. Primaria",20,"1","4","2",0.444444444444444,-0.0799678608401575,"Primary teachers",34,12,"Pre-Bologna training","Older side"
"R_2zJbPmqy1afc8AF",50,"E. Secundaria",20,"0","9","3",0.714285714285714,0.306569172474275,"Secondary teachers",39,11,"Pre-Bologna training","Older side"
"R_2WO6UkKcwaAxZYt",43,"E. Primaria",13,"0","4","3",0.444444444444444,-0.067045589290615,"Primary teachers",34,9,"Pre-Bologna training","Older side"
"R_8EfP0mMU82K06J5",55,"E. Secundaria",25,"1","5","3",0.571428571428571,0.163266991788916,"Secondary teachers",39,16,"Pre-Bologna training","Older side"
"R_8HB8KMWi2q4VgU9",52,"E. Primaria",20,"1","1","2",0.555555555555556,0.0429879164286182,"Primary teachers",34,18,"Pre-Bologna training","Older side"
"R_8sZlv68M2qLThFi",31,"E. Primaria",6,"1","4","1",0.333333333333333,-0.0882231831597806,"Primary teachers",34,-3,"Bologna-era training","Younger side"
"R_8AyKL19Uawvo6jL",49,"E. Primaria",26,"1","9","1",0.444444444444444,-0.0913711865100316,"Primary teachers",34,15,"Pre-Bologna training","Older side"
"R_2dNoZT2JjXAK27D",48,"E. Primaria",20,"1","10","1",0.375,0.0188307167814037,"Primary teachers",34,14,"Pre-Bologna training","Older side"
"R_2BmvPLY77Xvlgyw",55,"E. Primaria",33,"1","9","2",0.444444444444444,0.0218166347343756,"Primary teachers",34,21,"Pre-Bologna training","Older side"
"R_8MQcuxZaRG2XN42",41,"E. Primaria",17,"1","1","1",0,-0.535516735123942,"Primary teachers",34,7,"Pre-Bologna training","Older side"
"R_8q8Z0HLl7CbFwLr",55,"E. Secundaria",28,"0","2","3",0.555555555555556,0.0444063534496713,"Secondary teachers",39,16,"Pre-Bologna training","Older side"
"R_8jJuDu7Gz9QgylW",35,"E. Secundaria",6,"1","5","1",0.666666666666667,0.131543316778303,"Secondary teachers",39,-4,"Bologna-era training","Younger side"
"R_8qDJzsJ4GnP0Osh",61,"E. Primaria",34,"0","7","2",0.25,-0.106567372390571,"Primary teachers",34,27,"Pre-Bologna training","Older side"
"R_8s08qdQRgR3ZAZB",39,"E. Secundaria",17,"0","3","3",0.666666666666667,0.131543316778303,"Secondary teachers",39,0,"Bologna-era training","Younger side"
"R_2y2YJPJE19Usp0R",45,"E. Secundaria",2,"0","2","2",0.5,0.0365059713703541,"Secondary teachers",39,6,"Pre-Bologna training","Older side"
"R_8rltIarAk503vmE",46,"E. Primaria",20,"1","5","2",0.222222222222222,-0.30290233377463,"Primary teachers",34,12,"Pre-Bologna training","Older side"
"R_8U3gfYM5MrsJnj3",30,"E. Primaria",4,"1","9","1",0.555555555555556,0.0200839218491015,"Primary teachers",34,-4,"Bologna-era training","Younger side"
"R_2ET5lbREoKFalzz",50,"E. Primaria",24,"0","8","1",0.555555555555556,0.0314971073127088,"Primary teachers",34,16,"Pre-Bologna training","Older side"
"R_28OELrFChLFbfeg",25,"E. Primaria",1,"1","5","2",0.111111111111111,-0.424055115775887,"Primary teachers",34,-9,"Bologna-era training","Younger side"
"R_8DwtLFt6rBaoKBm",42,"E. Primaria",20,"1","1","3",0.625,0.171582907278699,"Primary teachers",34,8,"Pre-Bologna training","Older side"
"R_2dgIqqADbBm1NFi",57,"E. Secundaria",33,"0","2","2",0.444444444444444,0.0322457922127985,"Secondary teachers",39,18,"Pre-Bologna training","Older side"
"R_2zYKzj3qmuasC6U",38,"E. Primaria",17,"1","9","2",0.375,-0.0792057362544242,"Primary teachers",34,4,"Pre-Bologna training","Older side"
"R_87GtrzvfuMmqCml",32,"E. Secundaria",7,"1","8","1",0.444444444444444,0.0218187913941409,"Secondary teachers",39,-7,"Bologna-era training","Younger side"
"R_2LUVqf5mlRYdzM3",22,"E. Secundaria",1,"0","9","3",0.75,0.287287228999823,"Secondary teachers",39,-17,"Bologna-era training","Younger side"
"R_8rfvkxtYBwnNOFE",57,"E. Secundaria",34,"0","4","1",0.666666666666667,0.162583507724861,"Secondary teachers",39,18,"Pre-Bologna training","Older side"
"R_22ngZksViDgMf49",55,"E. Secundaria",28,"0","8","3",0.333333333333333,-0.0792191759400678,"Secondary teachers",39,16,"Pre-Bologna training","Older side"
"R_8ARTIFPSyoQVOzm",38,"E. Primaria",10,"1","5","3",0.111111111111111,-0.394503063344013,"Primary teachers",34,4,"Pre-Bologna training","Older side"
"R_2qPtHrnTRwwb2Ds",53,"E. Secundaria",28,"1","5","1",0.111111111111111,-0.402814649395205,"Secondary teachers",39,14,"Pre-Bologna training","Older side"
"R_2oAYEowya8g6ipK",46,"E. Primaria",24,"0","1","1",0.5,0.0365059713703541,"Primary teachers",34,12,"Pre-Bologna training","Older side"
"R_8jps6roGQuYeFBe",45,"E. Primaria",25,"0","7","3",0.375,-0.0788892450478302,"Primary teachers",34,11,"Pre-Bologna training","Older side"
"R_8OpHkC4FauaD9Wt",43,"E. Secundaria",6,"1","9","3",0.444444444444444,-0.0799678608401575,"Secondary teachers",39,4,"Pre-Bologna training","Older side"
"R_8dG8pt4y0ZgdnKp",43,"E. Secundaria",14,"0","2","3",0.666666666666667,0.144377310889299,"Secondary teachers",39,4,"Pre-Bologna training","Older side"
"R_840qYx1YrB6l1iF",46,"E. Primaria",1,"1","2","2",0.75,0.296980980529216,"Primary teachers",34,12,"Pre-Bologna training","Older side"
"R_8aIWFeArfymxQLp",54,"E. Primaria",22,"1","2","2",0.444444444444444,-0.0911024677925727,"Primary teachers",34,20,"Pre-Bologna training","Older side"
"R_2f1rXuORwTPpTpR",35,"E. Secundaria",5,"1","4","1",0.571428571428571,0.163266991788916,"Secondary teachers",39,-4,"Bologna-era training","Younger side"
"R_2eXoO8yDVchCh8S",54,"E. Secundaria",26,"1","8","2",0.444444444444444,-0.0617848690777509,"Secondary teachers",39,15,"Pre-Bologna training","Older side"
"R_23qE79rw52PPLxn",43,"E. Primaria",4,"1","7","1",0.333333333333333,-0.0792191759400678,"Primary teachers",34,9,"Pre-Bologna training","Older side"
"R_2SkpZVaoI9hLTck",48,"E. Secundaria",24,"0","5","3",0.375,-0.0888846536296459,"Secondary teachers",39,9,"Pre-Bologna training","Older side"
"R_2N3LyZRNqvDP5cH",50,"E. Secundaria",5,"1","9","1",0.375,-0.0888846536296459,"Secondary teachers",39,11,"Pre-Bologna training","Older side"
"R_8GUrFSue39J8m3n",37,"E. Secundaria",10,"1","10","2",0.555555555555556,0.143709637009977,"Secondary teachers",39,-2,"Bologna-era training","Younger side"
"R_8wP9iNnB5gUIDgR",57,"E. Primaria",35,"0","9","1",0.444444444444444,-0.0617848690777509,"Primary teachers",34,23,"Pre-Bologna training","Older side"
"R_28TiiC5tejjTTkx",26,"E. Primaria",3,"1","5","3",0.625,0.161897820900135,"Primary teachers",34,-8,"Bologna-era training","Younger side"
"R_8rACVE4MrIj5IRv",45,"E. Primaria",21,"1","3","2",0.666666666666667,0.142960952109887,"Primary teachers",34,11,"Pre-Bologna training","Older side"
"R_8EWK9y8ATA32LMN",52,"E. Primaria",31,"1","3","2",0,-0.514001039036879,"Primary teachers",34,18,"Pre-Bologna training","Older side"
"R_22PvPD2vNcwWFPz",40,"E. Secundaria",10,"1","9","1",0.222222222222222,-0.199403545780221,"Secondary teachers",39,1,"Pre-Bologna training","Older side"
"R_8Zij4y95uTVSWM9",51,"E. Primaria",37,"1","2","1",0.444444444444444,0.0232351501735528,"Primary teachers",34,17,"Pre-Bologna training","Older side"
"R_2UgPwVJyQaQdkDT",52,"E. Secundaria",20,"1","4","1",0.666666666666667,0.162583507724861,"Secondary teachers",39,13,"Pre-Bologna training","Older side"
"R_872zB9kkNDiqDpT",48,"E. Primaria",27,"0","1","3",0.444444444444444,-0.067045589290615,"Primary teachers",34,14,"Pre-Bologna training","Older side"
"R_8hBbw1HSS5BORYq",35,"E. Secundaria",7,NA,"10","2",0.666666666666667,0.132957532272681,"Secondary teachers",39,-4,"Bologna-era training","Younger side"
"R_8jNBsutcSkLMgo2",47,"E. Primaria",22,"1","1","3",0.444444444444444,-0.0899548277306198,"Primary teachers",34,13,"Pre-Bologna training","Older side"
"R_87iaK1aLFyqia7D",57,"E. Secundaria",34,"1","8","1",0.75,0.295387576902378,"Secondary teachers",39,18,"Pre-Bologna training","Older side"
"R_8yi82byRIkBmnYd",35,"E. Secundaria",7,"1","9","2",0.444444444444444,-0.060368510298339,"Secondary teachers",39,-4,"Bologna-era training","Younger side"
"R_8M70UE38BLKzEa4",51,"E. Secundaria",22,"1","2","2",0.777777777777778,0.366632875706086,"Secondary teachers",39,12,"Pre-Bologna training","Older side"
"R_8SvEE7w4ZRu9pcL",44,"E. Primaria",22,"1","1","3",0.444444444444444,-0.060368510298339,"Primary teachers",34,10,"Pre-Bologna training","Older side"
"R_2zwLAzhK2dCVrwM",30,"E. Secundaria",1,"0","4","1",0.666666666666667,0.244733301401042,"Secondary teachers",39,-9,"Bologna-era training","Younger side"
"R_2NCDW1qdIfc2umA",37,"E. Primaria",8,"0","10","1",0.888888888888889,0.378755953243133,"Primary teachers",34,3,"Pre-Bologna training","Older side"
"R_8OBMyNEOTU2OwSy",33,"E. Primaria",5,"0","7","2",0.375,-0.0792057362544242,"Primary teachers",34,-1,"Bologna-era training","Younger side"
"R_8ew2fAitxY12ope",52,"E. Secundaria",27,"0","3","3",0.666666666666667,0.131543316778303,"Secondary teachers",39,13,"Pre-Bologna training","Older side"
"R_2eCYg2nnrVG8xUn",35,"E. Primaria",8,"0","9","1",0,-0.357040788341808,"Primary teachers",34,1,"Pre-Bologna training","Older side"
"R_4CqGtGGDtJJ0VSd",48,"E. Secundaria",20,"0","6","1",0.333333333333333,-0.171842729615696,"Secondary teachers",39,9,"Pre-Bologna training","Older side"
"R_8I5AqFoePdlwAXn",28,"E. Secundaria",2,"1","2","3",0.375,-0.0807991398812625,"Secondary teachers",39,-11,"Bologna-era training","Younger side"
"R_91YNhHXBpx45GIU",40,"E. Secundaria",10,NA,"7","1",0.666666666666667,0.142960952109887,"Secondary teachers",39,1,"Pre-Bologna training","Older side"
"R_9eXjZxOKRd5ZYzw",48,"E. Secundaria",25,"1","8","2",0.5,0.0445976855155629,"Secondary teachers",39,9,"Pre-Bologna training","Older side"
"R_2NEGZhm1v7X6KJj",52,"E. Primaria",25,"1","6","1",0.625,0.169990751505552,"Primary teachers",34,18,"Pre-Bologna training","Older side"
"R_2dmtDpZUsAnExAq",43,"E. Secundaria",19,"1","7","3",0.666666666666667,0.144377310889299,"Secondary teachers",39,4,"Pre-Bologna training","Older side"
"R_8yueKXYyuDRfUC5",49,"E. Secundaria",6,"0","9","2",0.555555555555556,0.0203569271366292,"Secondary teachers",39,10,"Pre-Bologna training","Older side"
"R_8twXXTMsXH7rQgA",26,"E. Secundaria",1,"1","10","3",0.444444444444444,0.0232351501735528,"Secondary teachers",39,-13,"Bologna-era training","Younger side"
"R_8FnS1K15Rw7NiUh",41,"E. Secundaria",1,"0","8","3",0.666666666666667,0.142960952109887,"Secondary teachers",39,2,"Pre-Bologna training","Older side"
"R_2e4e1Ww9x54TrmF",40,"E. Secundaria",6,"0","3","2",0.777777777777778,0.272641368262806,"Secondary teachers",39,1,"Pre-Bologna training","Older side"
"R_2juCtFZzaXrWqNU",47,"E. Primaria",20,"1","8","2",0.666666666666667,0.161167148945449,"Primary teachers",34,13,"Pre-Bologna training","Older side"
"R_8392lEUFs4ee2vc",45,"E. Secundaria",17,"1","9","2",0.375,-0.0888871258664268,"Secondary teachers",39,6,"Pre-Bologna training","Older side"
"R_23W5AmSpufPRJt7",41,"E. Secundaria",15,"1","5","2",0.444444444444444,0.0218187913941409,"Secondary teachers",39,2,"Pre-Bologna training","Older side"
"R_8cUrS1WS45H1I4c",54,"E. Primaria",27,"1","4","3",0.222222222222222,-0.289677966713987,"Primary teachers",34,20,"Pre-Bologna training","Older side"
"R_8eS0OETKHMJOBqC",33,"E. Primaria",7,"1","3","1",0.444444444444444,-0.060368510298339,"Primary teachers",34,-1,"Bologna-era training","Younger side"
"R_81mmbbY4kGlPi8J",57,"E. Primaria",26,"1","9","1",0.111111111111111,-0.414086455101934,"Primary teachers",34,23,"Pre-Bologna training","Older side"
"R_2DuuaBmkwuCrX1s",34,"E. Secundaria",3,"0","6","3",0.625,0.269621863944791,"Secondary teachers",39,-5,"Bologna-era training","Younger side"
"R_8ptKzdBN5wdGYCK",45,"E. Primaria",24,"1","8","3",0.75,0.295387576902378,"Primary teachers",34,11,"Pre-Bologna training","Older side"
"R_27HAmsxm4gwCxAa",44,"E. Secundaria",8,"1","6","3",0.444444444444444,-0.0684619480700268,"Secondary teachers",39,5,"Pre-Bologna training","Older side"
"R_20996QwOrWeg5Fj",45,"E. Primaria",21,"0","9","1",0.666666666666667,0.131543316778303,"Primary teachers",34,11,"Pre-Bologna training","Older side"
"R_2eMMe43se8Xj3Rn",43,"E. Primaria",20,"1","3","2",0.714285714285714,0.306571997887738,"Primary teachers",34,9,"Pre-Bologna training","Older side"
"R_8PbMPm5ifG36ztd",31,"E. Primaria",3,"0","7","3",0.555555555555556,0.0215002806285133,"Primary teachers",34,-3,"Bologna-era training","Younger side"
"R_8PLhQI3PxpcWUSd",38,"E. Secundaria",6,"0","6","3",0.285714285714286,-0.123341550530833,"Secondary teachers",39,-1,"Bologna-era training","Younger side"
"R_809Fow7CZrNAD8R",62,"E. Secundaria",20,"1","2","1",0.5,0.0461910891424012,"Secondary teachers",39,23,"Pre-Bologna training","Older side"
"R_8th6evNR70P59Oa",45,"E. Primaria",10,"1","6","3",0.444444444444444,0.0232351501735528,"Primary teachers",34,11,"Pre-Bologna training","Older side"
"R_2OCes0fpdEsV5Ev",46,"E. Secundaria",20,"1","7","2",0.25,-0.106567372390571,"Secondary teachers",39,7,"Pre-Bologna training","Older side"
"R_8ryhXWx159x5kMp",49,"E. Primaria",26,"0","2","1",0.666666666666667,0.142960952109887,"Primary teachers",34,15,"Pre-Bologna training","Older side"
"R_2G2qohsayvVvt8f",49,"E. Secundaria",23,"1","10","3",0.555555555555556,0.0429879164286182,"Secondary teachers",39,10,"Pre-Bologna training","Older side"
"R_2fDkfCbfdo6erLc",37,"E. Primaria",11,"1","10","2",0.444444444444444,-0.0617848690777509,"Primary teachers",34,3,"Pre-Bologna training","Older side"
"R_2zhzxgoFaC0b1qV",62,"E. Primaria",35,"0","5","1",0.375,-0.0888846536296459,"Primary teachers",34,28,"Pre-Bologna training","Older side"
"R_2WnerA0Ujj05h4t",49,"E. Primaria",27,"0","10","2",0.444444444444444,0.0322457922127985,"Primary teachers",34,15,"Pre-Bologna training","Older side"
"R_2wp2hRTDkj159HC",50,"E. Primaria",20,"1","5","2",0.111111111111111,-0.401129909454273,"Primary teachers",34,16,"Pre-Bologna training","Older side"
"R_87HD7xfyjB1rvvX",32,"E. Primaria",5,"1","1","3",0.25,-0.106567372390571,"Primary teachers",34,-2,"Bologna-era training","Younger side"
"R_2RjBZqbOts4nNNs",44,"E. Secundaria",2,"1","9","3",0.571428571428571,0.163266991788916,"Secondary teachers",39,5,"Pre-Bologna training","Older side"
"R_8MFGR4G3QrNQ7LG",40,"E. Primaria",15,"0","5","1",0.555555555555556,0.0314971073127088,"Primary teachers",34,6,"Pre-Bologna training","Older side"
"R_8XpMBvz30joKDpj",46,"E. Primaria",23,"1","8","2",0.777777777777778,0.255843409575845,"Primary teachers",34,12,"Pre-Bologna training","Older side"
"R_2o1OwPBJxkhDTg9",53,"E. Primaria",29,"1","4","3",0.666666666666667,0.132957532272681,"Primary teachers",34,19,"Pre-Bologna training","Older side"
"R_8PoAPUgricdGUnv",36,"E. Primaria",9,"1","7","1",0.444444444444444,0.0232351501735528,"Primary teachers",34,2,"Pre-Bologna training","Older side"
"R_8feEW1lLAqRPHfY",26,"E. Secundaria",2,"1","3","3",0.444444444444444,0.0322457922127985,"Secondary teachers",39,-13,"Bologna-era training","Younger side"
"R_2IQbowSKSaSYE8x",36,"E. Primaria",3,"1","3","3",0.444444444444444,0.0232351501735528,"Primary teachers",34,2,"Pre-Bologna training","Older side"
"R_8lxyrQ19jgIMrTi",47,"E. Secundaria",6,"1","1","1",0.333333333333333,-0.0896395419391924,"Secondary teachers",39,8,"Pre-Bologna training","Older side"
"R_2LBBCgRmSZZF1xN",39,"E. Primaria",12,"1","3","3",0.625,0.161892907233262,"Primary teachers",34,5,"Pre-Bologna training","Older side"
"R_2hRk5Y2vo0QBKSJ",50,"E. Secundaria",23,"1","8","3",0.5,0.0445976855155629,"Secondary teachers",39,11,"Pre-Bologna training","Older side"
"R_2yRaxgFXLxZKOu5",51,"E. Primaria",24,"1","2","3",0.777777777777778,0.244414783916848,"Primary teachers",34,17,"Pre-Bologna training","Older side"
"R_8TWUHDbxXOEG2jr",51,"E. Secundaria",1,"1","1","1",0.428571428571429,0.0199620208977385,"Secondary teachers",39,12,"Pre-Bologna training","Older side"
"R_2TMDTG0F5s1rPBv",43,"E. Primaria",5,"1","10","2",0.888888888888889,0.385534335229352,"Primary teachers",34,9,"Pre-Bologna training","Older side"
"R_2PcShivnB8l0aqv",33,"E. Secundaria",1,"1","8","1",0.333333333333333,-0.178496489732341,"Secondary teachers",39,-6,"Bologna-era training","Younger side"
"R_2S13oOks3btTXSp",59,"E. Secundaria",24,"0","8","3",0.625,0.16221056847091,"Secondary teachers",39,20,"Pre-Bologna training","Older side"
"R_8aJh6caIspvvXQu",28,"E. Secundaria",2,"1","6","2",0.666666666666667,0.161168347296518,"Secondary teachers",39,-11,"Bologna-era training","Younger side"
"R_24XBGQ9LZhCMHi9",37,"E. Secundaria",7,"0","7","3",0.444444444444444,-0.0899548277306198,"Secondary teachers",39,-2,"Bologna-era training","Younger side"
"R_2mJF6zcysaHAqsh",42,"E. Secundaria",16,"1","3","2",0.625,0.171896894855029,"Secondary teachers",39,3,"Pre-Bologna training","Older side"
"R_24iPHaP0tLrH8DD",32,"E. Primaria",4,"1","8","3",0.555555555555556,0.0200839218491015,"Primary teachers",34,-2,"Bologna-era training","Younger side"
"R_2UioTvNBWieQrh7",40,"E. Primaria",17,"0","1","1",0.75,0.296979732675524,"Primary teachers",34,6,"Pre-Bologna training","Older side"
"R_2QIubo3rhlexm5b",44,"E. Primaria",21,"1","6","3",0.111111111111111,-0.301862212341168,"Primary teachers",34,10,"Pre-Bologna training","Older side"
"R_8tcfSBjGGE74SJB",54,"E. Primaria",32,"1","1","2",0.666666666666667,0.142960952109887,"Primary teachers",34,20,"Pre-Bologna training","Older side"
"R_2m3QiQDU2VFLFm1",31,"E. Secundaria",6,"1","1","3",0.444444444444444,-0.061782480207973,"Secondary teachers",39,-8,"Bologna-era training","Younger side"
"R_8NKIg8nOtzwszoR",38,"E. Secundaria",10,"0","2","2",0.666666666666667,0.144377310889299,"Secondary teachers",39,-1,"Bologna-era training","Younger side"
"R_8oBGLqdqGnhxmiR",36,"E. Secundaria",4,"1","4","2",0.666666666666667,0.154440895111986,"Secondary teachers",39,-3,"Bologna-era training","Younger side"
"R_2Xb5ItjrhzThZkQ",46,"E. Secundaria",17,"0","1","1",0.444444444444444,-0.0684619480700268,"Secondary teachers",39,7,"Pre-Bologna training","Older side"
"R_8QJdEtoTrgJUofE",45,"E. Secundaria",18,"0","8","2",0.444444444444444,0.0218187913941409,"Secondary teachers",39,6,"Pre-Bologna training","Older side"
"R_7FRj3qeSf5mS6Oz",45,"E. Secundaria",25,NA,"7","1",0.777777777777778,0.267307118390042,"Secondary teachers",39,6,"Pre-Bologna training","Older side"
"R_82GZLt6KUFYmpdn",59,"E. Primaria",34,"0","6","1",0.222222222222222,-0.201097875272526,"Primary teachers",34,25,"Pre-Bologna training","Older side"
"R_2rUwNqdKrWdGib3",53,"E. Primaria",10,"1","2","2",0.5,0.0365059713703541,"Primary teachers",34,19,"Pre-Bologna training","Older side"
"R_8fwKah3lfUVEWrJ",46,"E. Primaria",20,"1","7","1",0.666666666666667,0.131543316778303,"Primary teachers",34,12,"Pre-Bologna training","Older side"
"R_1xGkOSkAhnXlse4",65,"E. Secundaria",30,"1","8","3",0.375,-0.0807991398812625,"Secondary teachers",39,26,"Pre-Bologna training","Older side"
"R_8VdukAWL8Bo9IAh",25,"E. Primaria",1,"1","6","3",0.666666666666667,0.162583507724861,"Primary teachers",34,-9,"Bologna-era training","Younger side"
"R_2XhxGezWJxsQumj",51,"E. Secundaria",3,"1","1","1",0.555555555555556,0.0215024239135477,"Secondary teachers",39,12,"Pre-Bologna training","Older side"
"R_2r1fbK4Q1HsBWB3",46,"E. Primaria",21,"1","5","1",0.5,0.0445976855155629,"Primary teachers",34,12,"Pre-Bologna training","Older side"
"R_2nr4lMscrrrlmxT",39,"E. Primaria",4,"0","10","2",0.444444444444444,0.0232351501735528,"Primary teachers",34,5,"Pre-Bologna training","Older side"
"R_8nMKX1ws07aXepy",51,"E. Primaria",28,"1","2","1",0.333333333333333,-0.171843920134405,"Primary teachers",34,17,"Pre-Bologna training","Older side"
"R_8kNvdGodE4XeZIO",50,"E. Primaria",29,"1","9","2",0.625,0.17158415513239,"Primary teachers",34,16,"Pre-Bologna training","Older side"
"R_8YY83scSImw2G0t",64,"E. Primaria",37,"1","2","2",0.777777777777778,0.255842279042165,"Primary teachers",34,30,"Pre-Bologna training","Older side"
"R_8R9ge6lbrXH6ncM",55,"E. Primaria",20,"1","5","2",0.333333333333333,-0.201412079374787,"Primary teachers",34,21,"Pre-Bologna training","Older side"
"R_2aXdFPKrDuibiIo",47,"E. Primaria",23,"0","2","2",0.333333333333333,-0.0882231831597806,"Primary teachers",34,13,"Pre-Bologna training","Older side"
"R_2AZXyU9GHsixRL3",46,"E. Primaria",24,"1","3","3",0.375,-0.0807991398812625,"Primary teachers",34,12,"Pre-Bologna training","Older side"
"R_23rmm4JwBN8VSRb",54,"E. Secundaria",15,"1","8","1",0.5,0.144227542178229,"Secondary teachers",39,15,"Pre-Bologna training","Older side"
"R_8dGC6rKEihHqux6",45,"E. Primaria",20,"1","4","3",0.5,0.0698011535143474,"Primary teachers",34,11,"Pre-Bologna training","Older side"
"R_8r2Pgpa0Cehgxow",28,"E. Secundaria",3,"0","9","3",0.777777777777778,0.265890759610631,"Secondary teachers",39,-11,"Bologna-era training","Younger side"
"R_2G2063LMQdDMd8m",57,"E. Secundaria",28,"0","3","3",0.666666666666667,0.156124599109837,"Secondary teachers",39,18,"Pre-Bologna training","Older side"
"R_2Gm7n85xTylEVeV",45,"E. Primaria",22,"0","3","2",0.555555555555556,0.0511057090190175,"Primary teachers",34,11,"Pre-Bologna training","Older side"
"R_8f2NweNYnVQocGL",50,"E. Secundaria",20,"1","4","2",0.333333333333333,-0.201412079374787,"Secondary teachers",39,11,"Pre-Bologna training","Older side"
"R_8nqF0E3wNg1WXo4",46,"E. Secundaria",21,"0","1","2",0,-0.505978473180078,"Secondary teachers",39,7,"Pre-Bologna training","Older side"
"R_8VJ5YXkJVpkT18s",46,"E. Secundaria",20,"1","2","2",0.666666666666667,0.162583507724861,"Secondary teachers",39,7,"Pre-Bologna training","Older side"
"R_8q4mmAxYxA57NRF",50,"E. Primaria",24,"1","3","1",0,-0.357040788341808,"Primary teachers",34,16,"Pre-Bologna training","Older side"
"R_2j261oJLEKtTmxi",39,"E. Primaria",17,"0","1","3",0.333333333333333,-0.00705947994446931,"Primary teachers",34,5,"Pre-Bologna training","Older side"
"R_80Jayu9HTgUIz3K",52,"E. Primaria",20,"1","8","2",0.333333333333333,-0.189734021340951,"Primary teachers",34,18,"Pre-Bologna training","Older side"
"R_2fk8xaQ704Xx9R1",50,"E. Primaria",25,"1","7","2",1,0.139566395663957,"Primary teachers",34,16,"Pre-Bologna training","Older side"
"R_8QtqfZ5dcTeZItr",50,"E. Primaria",25,"1","10","2",0,-0.464443997933322,"Primary teachers",34,16,"Pre-Bologna training","Older side"
"R_8teSmAQgjua0GzY",42,"E. Secundaria",4,"0","5","2",0.555555555555556,0.143709637009977,"Secondary teachers",39,3,"Pre-Bologna training","Older side"
"R_2dEYHGKPv0av9GN",49,"E. Primaria",25,"1","5","1",0.777777777777778,0.255842279042165,"Primary teachers",34,15,"Pre-Bologna training","Older side"
"R_8GCwOtJR97k2UJ7",55,"E. Secundaria",24,"0","10","1",0,-0.861111111111111,"Secondary teachers",39,16,"Pre-Bologna training","Older side"
"R_2nZ7WCLOOM2oDRU",33,"E. Secundaria",1,"1","4","2",0.555555555555556,0.0496917391093836,"Secondary teachers",39,-6,"Bologna-era training","Younger side"
"R_8jZsbtMkyKEAD73",49,"E. Primaria",28,"0","2","2",0,-0.503696746984288,"Primary teachers",34,15,"Pre-Bologna training","Older side"
"R_2dg398EpQRBDPSl",32,"E. Primaria",1,"1","8","3",0.666666666666667,0.289746363505724,"Primary teachers",34,-2,"Bologna-era training","Younger side"
"R_8YyqURbq9OTKcWc",51,"E. Secundaria",21,"1","3","2",0.571428571428571,0.163266991788916,"Secondary teachers",39,12,"Pre-Bologna training","Older side"
"R_81hZQ6mfpyp8cGc",48,"E. Primaria",27,"1","9","1",0.111111111111111,-0.424334215843736,"Primary teachers",34,14,"Pre-Bologna training","Older side"
"R_2CZfHQgTtVpmT05",61,"E. Secundaria",37,"0","1","3",1,0.139566395663957,"Secondary teachers",39,22,"Pre-Bologna training","Older side"
"R_8spJZusxZhd2rWS",55,"E. Primaria",30,"1","4","2",0,-0.848329048843188,"Primary teachers",34,21,"Pre-Bologna training","Older side"
"R_2khkt4XWi1ePHlD",58,"E. Primaria",34,"1","4","3",0.625,0.268028460317952,"Primary teachers",34,24,"Pre-Bologna training","Older side"
"R_8rMoqq2ddOJrgjE",44,"E. Primaria",18,"1","6","1",0.111111111111111,-0.396212312679285,"Primary teachers",34,10,"Pre-Bologna training","Older side"
"R_8cbJNiHhNg1bozU",39,"E. Primaria",15,"1","7","1",1,0.139566395663957,"Primary teachers",34,5,"Pre-Bologna training","Older side"
"R_2szGEruZpJpB1LE",42,"E. Secundaria",10,"0","3","2",0,-0.848329048843188,"Secondary teachers",39,3,"Pre-Bologna training","Older side"
"R_2ITdqVRqS6Kqek5",52,"E. Secundaria",16,"0","4","3",0.5,0.0445976855155629,"Secondary teachers",39,13,"Pre-Bologna training","Older side"
"R_8VW4k5P52xkiiE9",32,"E. Secundaria",10,"1","5","1",1,0.139566395663957,"Secondary teachers",39,-7,"Bologna-era training","Younger side"
"R_8CKxKqAhCbqFAo9",49,"E. Primaria",24,NA,"5","1",0.166666666666667,-0.39966823383943,"Primary teachers",34,15,"Pre-Bologna training","Older side"
"R_80rCEDu0Zkfa2hb",46,"E. Secundaria",17,"0","9","2",0.444444444444444,0.0322457922127985,"Secondary teachers",39,7,"Pre-Bologna training","Older side"
"R_8pM0J8D8lZRpqyO",49,"E. Primaria",28,"0","2","2",1,0.139566395663957,"Primary teachers",34,15,"Pre-Bologna training","Older side"
"R_2lzezOKfG76zch6",40,"E. Primaria",16,"1","8","2",0.375,-0.0788917486780941,"Primary teachers",34,6,"Pre-Bologna training","Older side"
"R_8OBvl4MS1DEmRu8",51,"E. Primaria",23,"0","7","3",0.375,0.0188307167814037,"Primary teachers",34,17,"Pre-Bologna training","Older side"
"R_85WWbCuL5fk0FIB",48,"E. Secundaria",6,"1","5","2",0.5,0.0445964297389906,"Secondary teachers",39,9,"Pre-Bologna training","Older side"
"R_2fDek6ptRZr7cPK",26,"E. Primaria",3,"1","2","2",0.666666666666667,0.162583507724861,"Primary teachers",34,-8,"Bologna-era training","Younger side"
"R_8optUHCb8p9YVUd",40,"E. Secundaria",15,"1","9","3",1,0.152313624678663,"Secondary teachers",39,1,"Pre-Bologna training","Older side"
"R_8qD8ngr7tkxN3ig",56,"E. Secundaria",22,"0","1","3",0,-0.495817098683341,"Secondary teachers",39,17,"Pre-Bologna training","Older side"
"R_80U0zf6IvIEJHy8",51,"E. Primaria",28,"1","1","1",0.25,-0.106567372390571,"Primary teachers",34,17,"Pre-Bologna training","Older side"
"R_2GbJZo6wC4MgPGp",55,"E. Secundaria",20,"0","7","2",0.555555555555556,0.134693483506886,"Secondary teachers",39,16,"Pre-Bologna training","Older side"
"R_2gMeSwFtdvLMfe5",29,"E. Primaria",2,"1","2","2",0.5,-0.334062956014176,"Primary teachers",34,-5,"Bologna-era training","Younger side"
"R_8sAP1CkccvIED9w",49,"E. Primaria",18,"1","3","1",1,0.139566395663957,"Primary teachers",34,15,"Pre-Bologna training","Older side"
"R_2sduvQ4ZYD6yi9H",37,"E. Secundaria",8,"0","9","2",1,0.139566395663957,"Secondary teachers",39,-2,"Bologna-era training","Younger side"
"R_2zQHj01jPpCEYXn",61,"E. Secundaria",30,"0","6","1",1,0.152313624678663,"Secondary teachers",39,22,"Pre-Bologna training","Older side"
"R_82o2sF54vcVoWsk",50,"E. Secundaria",26,"0","4","1",0,-0.34413139183701,"Secondary teachers",39,11,"Pre-Bologna training","Older side"
"R_824Q1Mr6a74TP0X",52,"E. Secundaria",26,"0","9","2",0.111111111111111,-0.401398290615793,"Secondary teachers",39,13,"Pre-Bologna training","Older side"
"R_2eXrUuBWZJEbTGd",45,"E. Primaria",20,"1","8","2",0.666666666666667,0.155857253891397,"Primary teachers",34,11,"Pre-Bologna training","Older side"
"R_20uE4Y7mYhNde0t",36,"E. Primaria",8,"1","9","1",0.4,-0.199071222478866,"Primary teachers",34,2,"Pre-Bologna training","Older side"
"R_2NzDYztL6yNPaZi",28,"E. Primaria",6,"1","7","1",1,0.152313624678663,"Primary teachers",34,-6,"Bologna-era training","Younger side"
"R_845EpVuftln86lB",26,"E. Primaria",3,"1","9","3",1,0.152313624678663,"Primary teachers",34,-8,"Bologna-era training","Younger side"
"R_87oRieJISgXT14t",60,"E. Primaria",33,"1","5","3",1,0.139566395663957,"Primary teachers",34,26,"Pre-Bologna training","Older side"
"R_20Uv1I08oFA8WDm",53,"E. Secundaria",27,"0","6","2",0.555555555555556,0.0511080978887955,"Secondary teachers",39,14,"Pre-Bologna training","Older side"
"R_2M6uCPBxzbdMIad",31,"E. Secundaria",4,"1","2","2",0.777777777777778,0.267306088744488,"Secondary teachers",39,-8,"Bologna-era training","Younger side"
"R_2HLz0GuNgT3FeOh",55,"E. Secundaria",24,"0","9","2",0.375,-0.0792057362544242,"Secondary teachers",39,16,"Pre-Bologna training","Older side"
"R_8z6M2OsgUKVtzPD",51,"E. Primaria",26,"1","3","1",0.666666666666667,0.154440895111986,"Primary teachers",34,17,"Pre-Bologna training","Older side"
"R_26kE5Q6oVDKTTPm",30,"E. Primaria",5,"1","3","2",0.625,0.269621863944791,"Primary teachers",34,-4,"Bologna-era training","Younger side"
"R_2psaBV8gNhlqVcT",44,"E. Primaria",20,"1","9","2",0,-0.735243055555556,"Primary teachers",34,10,"Pre-Bologna training","Older side"
"R_2shREJibpde6swD",44,"E. Primaria",20,NA,"9","1",0.166666666666667,-0.301940027057428,"Primary teachers",34,10,"Pre-Bologna training","Older side"
"R_8lsZ79tHLTovU3x",51,"E. Secundaria",16,"0","3","2",0.777777777777778,0.242998425137437,"Secondary teachers",39,12,"Pre-Bologna training","Older side"
"R_202K4Wo6WOuYvd3",50,"E. Primaria",27,"1","5","3",1,0.139566395663957,"Primary teachers",34,16,"Pre-Bologna training","Older side"
"R_2sdD7W0hkoWXXIy",50,"E. Primaria",22,"0","8","1",1,0.152313624678663,"Primary teachers",34,16,"Pre-Bologna training","Older side"
"R_20VuA2gaV63hxAK",52,"E. Secundaria",0,"0","3","3",0.375,0.0188307167814037,"Secondary teachers",39,13,"Pre-Bologna training","Older side"
"R_8mFzW4oh7Bov8N1",56,"E. Secundaria",25,"0","4","3",0.222222222222222,-0.301483706680848,"Secondary teachers",39,17,"Pre-Bologna training","Older side"
"R_8WLSozMkl8m6LPb",55,"E. Secundaria",28,"1","6","2",1,0.152313624678663,"Secondary teachers",39,16,"Pre-Bologna training","Older side"
"R_842F3xgxonluAoN",27,"E. Secundaria",2,"1","7","1",0.555555555555556,0.0446747346111918,"Secondary teachers",39,-12,"Bologna-era training","Younger side"
"R_8pmwoEzBb1ZDPA4",31,"E. Secundaria",4,"0","9","1",0.444444444444444,0.0232351501735528,"Secondary teachers",39,-8,"Bologna-era training","Younger side"
"R_8qhimxdOgNs0TW9",35,"E. Secundaria",10,"0","2","3",0.555555555555556,0.0496893502396057,"Secondary teachers",39,-4,"Bologna-era training","Younger side"
"R_8cZJPfZljkmwc9B",52,"E. Secundaria",5,"0","1","1",0.777777777777778,0.274057727042218,"Secondary teachers",39,13,"Pre-Bologna training","Older side"
"R_8xQoLRaqwDOzYFg",38,"E. Secundaria",1,"1","9","3",0.666666666666667,0.155857253891397,"Secondary teachers",39,-1,"Bologna-era training","Younger side"
"R_8cfV9M0cqNAy8N3",61,"E. Primaria",15,"1","8","3",1,0.14053791481311,"Primary teachers",34,27,"Pre-Bologna training","Older side"
"R_8qDL1tg1FYsODkX",41,"E. Secundaria",4,"1","3","2",0.444444444444444,-0.0899548277306198,"Secondary teachers",39,2,"Pre-Bologna training","Older side"
"R_876YeUhJjmyImKg",36,"E. Secundaria",8,"1","9","1",0.666666666666667,0.154440895111986,"Secondary teachers",39,-3,"Bologna-era training","Younger side"
"R_8EvoNpgRSYxYbzY",47,"E. Primaria",24,"1","4","1",0.666666666666667,0.246149660180454,"Primary teachers",34,13,"Pre-Bologna training","Older side"
"R_2RmOnqEO0e5oOFb",50,"E. Primaria",25,"1","3","3",0.222222222222222,-0.301202395588878,"Primary teachers",34,16,"Pre-Bologna training","Older side"
"R_2FstLnIvEn34i3H",39,"E. Primaria",12,"1","6","3",0.375,-0.0885743628198772,"Primary teachers",34,5,"Pre-Bologna training","Older side"
"R_2uOlQV9e2wCi4St",48,"E. Secundaria",19,"1","7","1",1,0.152313624678663,"Secondary teachers",39,9,"Pre-Bologna training","Older side"
"R_2JeZ4qK4pH0I3gL",26,"E. Primaria",2,"1","9","1",0,-0.861111111111111,"Primary teachers",34,-8,"Bologna-era training","Younger side"
"R_2mJeOXSB6SAaG0S",32,"E. Secundaria",3,"0","8","3",0.625,0.169992007282124,"Secondary teachers",39,-7,"Bologna-era training","Younger side"
"R_8nJxP09XbbNExNl",41,"E. Secundaria",5,"0","7","1",0.5,0.0461910891424012,"Secondary teachers",39,2,"Pre-Bologna training","Older side"
"R_2aFZfIFj2SYwz9q",46,"E. Secundaria",20,"1","9","3",0.25,-0.213964987819877,"Secondary teachers",39,7,"Pre-Bologna training","Older side"
"R_2bQ1r3zh91l2WFm",34,"E. Primaria",5,"1","8","1",0.444444444444444,0.0218187913941409,"Primary teachers",34,0,"Bologna-era training","Younger side"
"R_8jV2IbRPGaGSHSa",46,"E. Primaria",4,"1","3","2",0.4,-0.00705330514432629,"Primary teachers",34,12,"Pre-Bologna training","Older side"
"R_2zVcG1V0Ic7Cd2x",28,"E. Secundaria",1,"1","9","2",0.428571428571429,0.0199620208977385,"Secondary teachers",39,-11,"Bologna-era training","Younger side"
"R_8N9eYXlsrUppuNf",42,"E. Secundaria",10,"1","2","3",0.5,0.0461910891424012,"Secondary teachers",39,3,"Pre-Bologna training","Older side"
"R_8QJAjoFah1rsLnY",57,"E. Secundaria",32,"1","8","2",0,-0.861111111111111,"Secondary teachers",39,18,"Pre-Bologna training","Older side"
"R_8i36cVKwhPqtfLP",52,"E. Secundaria",5,"1","1","1",0.571428571428571,0.163264201583097,"Secondary teachers",39,13,"Pre-Bologna training","Older side"
"R_8K0HZcmz4goxUq3",44,"E. Secundaria",20,"1","9","3",0.777777777777778,0.242998425137437,"Secondary teachers",39,5,"Pre-Bologna training","Older side"
"R_8ASxgNkhJCI6iOq",50,"E. Secundaria",24,"1","8","1",1,0.139566395663957,"Secondary teachers",39,11,"Pre-Bologna training","Older side"
"R_8SvlrmuIUntZRfj",46,"E. Secundaria",22,"0","8","3",0.555555555555556,0.0496929296280926,"Secondary teachers",39,7,"Pre-Bologna training","Older side"
"R_8002rYDrjzydqmS",53,"E. Secundaria",32,"0","1","3",0.666666666666667,0.142960952109887,"Secondary teachers",39,14,"Pre-Bologna training","Older side"
"R_2I02DdmYgqgIuFD",42,"E. Secundaria",9,"1","10","3",0.5,0.0365059713703541,"Secondary teachers",39,3,"Pre-Bologna training","Older side"
"R_2PzZ8OlI3XWSEYX",41,"E. Secundaria",3,"0","4","2",0.375,-0.0888846536296459,"Secondary teachers",39,2,"Pre-Bologna training","Older side"
"R_2nuaOpaJRpftVsK",50,"E. Secundaria",9,"0","9","3",0.333333333333333,-0.0789405974288757,"Secondary teachers",39,11,"Pre-Bologna training","Older side"
"R_2IWai69LOtKe6ZC",43,"E. Primaria",20,"1","6","3",0.333333333333333,-0.201415344851514,"Primary teachers",34,9,"Pre-Bologna training","Older side"
"R_2CWC2WVcXeeCwut",48,"E. Secundaria",18,"1","1","3",0.444444444444444,0.0218187913941409,"Secondary teachers",39,9,"Pre-Bologna training","Older side"
"R_8mykWC4Uqq7AlW5",48,"E. Primaria",25,"1","2","3",0.555555555555556,0.0200816974302487,"Primary teachers",34,14,"Pre-Bologna training","Older side"
"R_2phZna0zCps1kFv",54,"E. Primaria",20,"1","3","1",0.666666666666667,0.255444288520606,"Primary teachers",34,20,"Pre-Bologna training","Older side"
"R_8D7U3Sq0lwMq5pG",55,"E. Secundaria",21,"0","5","3",0.5,0.0365047544700426,"Secondary teachers",39,16,"Pre-Bologna training","Older side"
"R_8ZCxlpIt4niV48L",48,"E. Secundaria",26,"1","8","3",0.666666666666667,0.142960952109887,"Secondary teachers",39,9,"Pre-Bologna training","Older side"
"R_878qwrA2MxIpzyj",40,"E. Secundaria",20,"1","1","2",0.666666666666667,0.131541173493269,"Secondary teachers",39,1,"Pre-Bologna training","Older side"
"R_81v1DbB7Vawzgdn",38,"E. Primaria",16,"0","8","1",0.625,0.169992007282124,"Primary teachers",34,4,"Pre-Bologna training","Older side"
"R_21XWi5hG5rxpdkB",42,"E. Primaria",15,"0","3","2",0.428571428571429,0.0199634203603449,"Primary teachers",34,8,"Pre-Bologna training","Older side"
"R_2YaIlsIXifD6uGz",45,"E. Primaria",23,"1","3","3",0.75,0.296980980529216,"Primary teachers",34,11,"Pre-Bologna training","Older side"
"R_8OZVOS3p7oei5EC",41,"E. Secundaria",2,"0","3","2",0.666666666666667,0.154440895111986,"Secondary teachers",39,2,"Pre-Bologna training","Older side"
"R_8NRu5qYupUY6c4m",27,"E. Primaria",3,"1","6","3",0.333333333333333,-0.0792191759400678,"Primary teachers",34,-7,"Bologna-era training","Younger side"
"R_2dTkVPneOvEFlJK",42,"E. Secundaria",18,"1","6","3",1,0.139566395663957,"Secondary teachers",39,3,"Pre-Bologna training","Older side"
"R_2StHzmK3ashCQKZ",32,"E. Secundaria",4,"1","5","3",0.777777777777778,0.244414783916848,"Secondary teachers",39,-7,"Bologna-era training","Younger side"
"R_8kjhENNuOgWxoxB",41,"E. Primaria",12,"1","9","1",0.777777777777778,0.242998425137437,"Primary teachers",34,7,"Pre-Bologna training","Older side"
"R_2ERUR2PBxDec6tj",40,"E. Secundaria",4,"1","1","1",0.666666666666667,0.16116595842674,"Secondary teachers",39,1,"Pre-Bologna training","Older side"
"R_8QENGjr6kaPSogh",56,"E. Primaria",20,"1","9","1",0.666666666666667,0.144377310889299,"Primary teachers",34,22,"Pre-Bologna training","Older side"
"R_2gwEEmTdpcx89dT",41,"E. Primaria",17,"1","3","2",0.777777777777778,0.272641368262806,"Primary teachers",34,7,"Pre-Bologna training","Older side"
"R_2JGZIVqUokQz5wl",33,"E. Secundaria",6,"1","1","2",1,0.612759759249144,"Secondary teachers",39,-6,"Bologna-era training","Younger side"
"R_8rOMdxcsOMJtxIf",32,"E. Primaria",5,"0","2","3",0.666666666666667,0.161167148945449,"Primary teachers",34,-2,"Bologna-era training","Younger side"
"R_2JrSV6Ah76HmdEJ",36,"E. Primaria",10,"0","5","1",0.444444444444444,-0.0913711865100316,"Primary teachers",34,2,"Pre-Bologna training","Older side"
"R_236KmZd8LvUCAEx",54,"E. Primaria",28,"1","5","2",0.333333333333333,-0.0879473691066529,"Primary teachers",34,20,"Pre-Bologna training","Older side"
"R_88BZnlJSFi0sQDL",51,"E. Primaria",18,"1","4","2",0.333333333333333,-0.0896395419391924,"Primary teachers",34,17,"Pre-Bologna training","Older side"
"R_87OlEgAZdY3jQZz",29,"E. Primaria",1,"1","1","1",0,-0.505978473180078,"Primary teachers",34,-5,"Bologna-era training","Younger side"
"R_8HMki2yTUURFE87",47,"E. Primaria",13,"1","6","1",0.625,0.161897820900135,"Primary teachers",34,13,"Pre-Bologna training","Older side"
"R_82znSKHTkbcZH5Y",33,"E. Secundaria",5,"0","3","1",1,0.152313624678663,"Secondary teachers",39,-6,"Bologna-era training","Younger side"
"R_27KBn5ndO3d5uAp",54,"E. Primaria",34,"1","7","3",1,0.139566395663957,"Primary teachers",34,20,"Pre-Bologna training","Older side"
"R_8fGEVjIdBXaVXLS",41,"E. Secundaria",10,"1","2","2",0.625,0.161897820900135,"Secondary teachers",39,2,"Pre-Bologna training","Older side"
"R_2j7BC33esjDGnma",32,"E. Primaria",2,"1","8","2",0.444444444444444,-0.0899548277306198,"Primary teachers",34,-2,"Bologna-era training","Younger side"
"R_8NfxfJKTJxiIKuR",51,"E. Secundaria",25,"1","1","3",0,-0.507398702320959,"Secondary teachers",39,12,"Pre-Bologna training","Older side"
"R_2kjfPpzZsJrnLX7",41,"E. Secundaria",2,"1","2","3",1,0.152313624678663,"Secondary teachers",39,2,"Pre-Bologna training","Older side"
"R_8YlDRkDZSeqi0WR",57,"E. Primaria",27,"1","2","3",0.375,0.0188307167814037,"Primary teachers",34,23,"Pre-Bologna training","Older side"
"R_2fdzqs079NJX50V",62,"E. Secundaria",10,"0","10","1",0.222222222222222,-0.289947390174067,"Secondary teachers",39,23,"Pre-Bologna training","Older side"
"R_2ZOLwH6wpAYAQJ0",47,"E. Secundaria",4,"1","1","1",0,-0.861111111111111,"Secondary teachers",39,8,"Pre-Bologna training","Older side"
"R_2U6mctntZvGhJZg",54,"E. Secundaria",19,"1","1","2",0,-0.861111111111111,"Secondary teachers",39,15,"Pre-Bologna training","Older side"
"R_2IlVAxiY4i3k20h",51,"E. Primaria",30,"1","4","2",0.666666666666667,0.132959675557715,"Primary teachers",34,17,"Pre-Bologna training","Older side"
"R_2UteYihYAzwItVf",45,"E. Primaria",18,"1","10","3",0.666666666666667,-0.00848394037409955,"Primary teachers",34,11,"Pre-Bologna training","Older side"
"R_8SNmK1uF65Q61S9",59,"E. Primaria",37,"1","2","3",0.444444444444444,-0.0614970551443365,"Primary teachers",34,25,"Pre-Bologna training","Older side"
"R_2pfrdKE00HNIzMl",52,"E. Primaria",28,"1","4","1",0.333333333333333,-0.179912848511753,"Primary teachers",34,18,"Pre-Bologna training","Older side"
"R_8eVy6BnxqTV8gZR",34,"E. Secundaria",5,"0","10","2",1,0.139566395663957,"Secondary teachers",39,-5,"Bologna-era training","Younger side"
"R_2FySrDWLB9wtKPH",34,"E. Secundaria",5,"1","4","3",0.666666666666667,0.162583507724861,"Secondary teachers",39,-5,"Bologna-era training","Younger side"
"R_8nOs3ah0CARMGHZ",43,"E. Secundaria",8,"1","7","1",0.375,0.0188307167814037,"Secondary teachers",39,4,"Pre-Bologna training","Older side"
"R_2eV2rQ1OKfuyY94",32,"E. Primaria",7,"1","3","2",0.8,0.111142042041429,"Primary teachers",34,-2,"Bologna-era training","Younger side"
"R_8pCzldVBFjUiO65",33,"E. Secundaria",6,"1","10","2",0.625,0.161897820900135,"Secondary teachers",39,-6,"Bologna-era training","Younger side"
"R_2dXP1Cc8if9GQrm",42,"E. Secundaria",15,"0","9","2",0.444444444444444,0.0232351501735528,"Secondary teachers",39,3,"Pre-Bologna training","Older side"
"R_85u1gGjeSc7RkuR",41,"E. Secundaria",7,"0","10","1",0.555555555555556,0.143709637009977,"Secondary teachers",39,2,"Pre-Bologna training","Older side"
"R_8hH7AuCNFaiWtGx",34,"E. Secundaria",4,"1","6","3",0,-0.848329048843188,"Secondary teachers",39,-5,"Bologna-era training","Younger side"
"R_8fa1htxlrNsCA9s",41,"E. Secundaria",7,"1","8","3",1,0.152313624678663,"Secondary teachers",39,2,"Pre-Bologna training","Older side"
"R_2QVmKU8ZAxLoG1Z",57,"E. Primaria",29,"1","8","2",0.625,0.171585410908963,"Primary teachers",34,23,"Pre-Bologna training","Older side"
"R_8D0SPjzeeo5oWQ1",42,"E. Secundaria",7,"0","9","3",1,0.152313624678663,"Secondary teachers",39,3,"Pre-Bologna training","Older side"
"R_2B5nplSzJXPEJeG",31,"E. Secundaria",3,"0","3","3",0.666666666666667,0.0144310345794969,"Secondary teachers",39,-8,"Bologna-era training","Younger side"
"R_8OmqkEuXRvVN6zn",45,"E. Primaria",24,"1","7","3",0.111111111111111,-0.396212312679285,"Primary teachers",34,11,"Pre-Bologna training","Older side"
"R_2c790zOYGICTpTP",56,"E. Secundaria",25,"0","4","2",0,-0.466843391833912,"Secondary teachers",39,17,"Pre-Bologna training","Older side"
"R_2uOp0G9xZg6Zqsi",30,"E. Secundaria",3,"0","3","1",0.375,-0.11574320635418,"Secondary teachers",39,-9,"Bologna-era training","Younger side"
"R_8SJ0UHrjG4Y1ygI",40,"E. Secundaria",10,NA,"3","1",0.666666666666667,0.154440895111986,"Secondary teachers",39,1,"Pre-Bologna training","Older side"
"R_82ltyt6k8LNv0Yk",39,"E. Primaria",18,"0","3","1",0.5,0.0461910891424012,"Primary teachers",34,5,"Pre-Bologna training","Older side"
"R_2FLqrGIP3NNtgci",45,"E. Primaria",17,"1","4","1",0.555555555555556,0.0314937156426504,"Primary teachers",34,11,"Pre-Bologna training","Older side"
"R_84dQEQ8De5jSp8k",46,"E. Secundaria",23,"1","5","3",1,0.139566395663957,"Secondary teachers",39,7,"Pre-Bologna training","Older side"
"R_8l4Wpwl6BTbofol",52,"E. Secundaria",24,"0","6","2",0.777777777777778,0.274057727042218,"Secondary teachers",39,13,"Pre-Bologna training","Older side"
"R_2TeEtm0fIk8oCGd",44,"E. Primaria",18,"0","9","1",0.555555555555556,0.0215002806285133,"Primary teachers",34,10,"Pre-Bologna training","Older side"
"R_2ohUYldxWkuDZRc",52,"E. Primaria",26,"1","8","2",0.625,0.171585410908963,"Primary teachers",34,18,"Pre-Bologna training","Older side"
"R_8kir2tftUrTNyRH",49,"E. Primaria",27,"1","4","1",0.444444444444444,-0.0785515020607456,"Primary teachers",34,15,"Pre-Bologna training","Older side"
"R_2lgprcba4qOVM2Z",32,"E. Secundaria",6,"1","3","3",0.571428571428571,0.071994413031805,"Secondary teachers",39,-7,"Bologna-era training","Younger side"
"R_8uKmm7xoC57XoE9",43,"E. Primaria",9,"1","6","2",1,0.139566395663957,"Primary teachers",34,9,"Pre-Bologna training","Older side"
"R_26Q4nGNI4cj5AXL",42,"E. Primaria",19,"1","1","2",0.375,-0.0807991398812625,"Primary teachers",34,8,"Pre-Bologna training","Older side"
"R_8ettTpESztNqA3q",45,"E. Primaria",21,NA,"8","1",0.111111111111111,-0.402814649395205,"Primary teachers",34,11,"Pre-Bologna training","Older side"
"R_824HqVtJJzRnmBz",36,"E. Secundaria",2,"0","1","1",0.5,0.0666930899418553,"Secondary teachers",39,-3,"Bologna-era training","Younger side"
"R_8HuJw4mrTAhKWvr",36,"E. Primaria",12,"1","9","3",0.444444444444444,0.0232351501735528,"Primary teachers",34,2,"Pre-Bologna training","Older side"
"R_2DS0ukXu36YeFo8",56,"E. Primaria",32,"0","1","1",0.428571428571429,0.0199620208977385,"Primary teachers",34,22,"Pre-Bologna training","Older side"
"R_8jNvaGrRRmb0yQt",46,"E. Primaria",13,"1","3","2",0.555555555555556,0.133277124727474,"Primary teachers",34,12,"Pre-Bologna training","Older side"
"R_8y7NfWZz4vTdwfz",44,"E. Primaria",22,"0","7","1",0.5,0.0365059713703541,"Primary teachers",34,10,"Pre-Bologna training","Older side"
"R_2hZ4oTU6fWyNlK1",48,"E. Secundaria",23,"1","9","2",0.666666666666667,0.142960952109887,"Secondary teachers",39,9,"Pre-Bologna training","Older side"
"R_29vlgNvSSIyHbvB",34,"E. Primaria",4,"1","3","2",0.333333333333333,0.0381990601161637,"Primary teachers",34,0,"Bologna-era training","Younger side"
"R_2Ppp5uKPaDF8Qyl",36,"E. Primaria",14,"1","9","2",0.625,0.171586658762654,"Primary teachers",34,2,"Pre-Bologna training","Older side"
"R_8EZ2qZZahTn5A8w",46,"E. Secundaria",23,"1","1","1",0.444444444444444,-0.0899548277306198,"Secondary teachers",39,7,"Pre-Bologna training","Older side"
"R_8rUxarfoXZN8uix",50,"E. Primaria",24,"1","1","3",0.555555555555556,0.04440427520803,"Primary teachers",34,16,"Pre-Bologna training","Older side"
"R_8AYUvDHmJDXZipj",56,"E. Primaria",32,"1","8","1",1,0.139566395663957,"Primary teachers",34,22,"Pre-Bologna training","Older side"
"R_8hS3Ks0ppCQQv61",42,"E. Primaria",18,"1","9","1",1,0.139566395663957,"Primary teachers",34,8,"Pre-Bologna training","Older side"
"R_8HNeD4QDz00C4oC",34,"E. Secundaria",5,"0","8","1",1,0.152313624678663,"Secondary teachers",39,-5,"Bologna-era training","Younger side"
"R_2t5Ue0QzVlYeoN5",50,"E. Secundaria",24,"1","1","3",0.666666666666667,0.161167148945449,"Secondary teachers",39,11,"Pre-Bologna training","Older side"
"R_82g3CkJijeRjM36",44,"E. Secundaria",17,"1","5","3",0.111111111111111,-0.402814649395205,"Secondary teachers",39,5,"Pre-Bologna training","Older side"
"R_8t9VypVVs2hJEwh",58,"E. Secundaria",32,"0","2","3",1,0.152313624678663,"Secondary teachers",39,19,"Pre-Bologna training","Older side"
"R_8EapG1XCp7wQ044",56,"E. Secundaria",29,"0","5","1",0,-0.861111111111111,"Secondary teachers",39,17,"Pre-Bologna training","Older side"
"R_2pWoYrghNpRh4fu",46,"E. Primaria",22,"1","7","3",0.222222222222222,-0.30290006546026,"Primary teachers",34,12,"Pre-Bologna training","Older side"
"R_80Mj7OWACknYqgC",32,"E. Secundaria",2,"1","5","1",0.5,0.0445976855155629,"Secondary teachers",39,-7,"Bologna-era training","Younger side"
"R_2wyhYyRQe3hKzWp",56,"E. Secundaria",23,"0","7","2",0,-0.861111111111111,"Secondary teachers",39,17,"Pre-Bologna training","Older side"
"R_2qlsvXdRr0WerJY",38,"E. Primaria",13,"0","2","2",1,0.139566395663957,"Primary teachers",34,4,"Pre-Bologna training","Older side"
"R_8F5ttMnB88rNB8Z",26,"E. Secundaria",2,"0","5","2",0.75,0.191086895132627,"Secondary teachers",39,-13,"Bologna-era training","Younger side"
"R_2YHJ2QHjkt09iUx",48,"E. Primaria",26,"1","6","2",0.428571428571429,0.0199620208977385,"Primary teachers",34,14,"Pre-Bologna training","Older side"
"R_8IvmWqw0jh8Ckzz",47,"E. Primaria",24,"1","2","3",0.444444444444444,-0.060368510298339,"Primary teachers",34,13,"Pre-Bologna training","Older side"
"R_8k31rX0fL5KvqHT",50,"E. Primaria",30,NA,"4","1",0.375,0.0188294530062546,"Primary teachers",34,16,"Pre-Bologna training","Older side"
"R_2EtlY4phMBEumgs",58,"E. Secundaria",25,"0","4","3",1,0.139566395663957,"Secondary teachers",39,19,"Pre-Bologna training","Older side"
"R_8dFDROJYSjZl4BQ",36,"E. Primaria",9,"0","1","2",0.5,0.0365059713703541,"Primary teachers",34,2,"Pre-Bologna training","Older side"
"R_2PYtkkpbSLUGXx6",52,"E. Secundaria",27,"0","9","1",1,0.139566395663957,"Secondary teachers",39,13,"Pre-Bologna training","Older side"
"R_8KvoHfo4kpUDu81",39,"E. Secundaria",7,"1","6","3",1,0.152313624678663,"Secondary teachers",39,0,"Bologna-era training","Younger side"
"R_2CJJL87Sd3PxYcl",45,"E. Secundaria",5,NA,"2","2",0.888888888888889,0.367308377728711,"Secondary teachers",39,6,"Pre-Bologna training","Older side"
"R_8F7iY47YPd9xJtL",40,"E. Primaria",18,"0","8","1",0.428571428571429,0.0199620208977385,"Primary teachers",34,6,"Pre-Bologna training","Older side"
"R_2AWFKG9jtOXd3hA",44,"E. Primaria",20,"1","2","3",0.444444444444444,-0.0684619480700268,"Primary teachers",34,10,"Pre-Bologna training","Older side"
"R_8goARSewOU6vmdH",28,"E. Primaria",1,"0","10","2",0.333333333333333,-0.0148329103346285,"Primary teachers",34,-6,"Bologna-era training","Younger side"
"R_8KrxpUVP2yj9l4y",46,"E. Primaria",21,"1","1","2",0.333333333333333,-0.179648337711701,"Primary teachers",34,12,"Pre-Bologna training","Older side"
"R_2YLE3h5UWM4QtNv",47,"E. Secundaria",20,"0","1","3",0.333333333333333,-0.0253349400813482,"Secondary teachers",39,8,"Pre-Bologna training","Older side"
"R_2cw9jXgri02oXdv",42,"E. Primaria",20,"1","4","1",0.5,0.0445976855155629,"Primary teachers",34,8,"Pre-Bologna training","Older side"
"R_8IeqxmZMBkUx8hr",44,"E. Secundaria",8,"0","7","3",0.666666666666667,0.154440895111986,"Secondary teachers",39,5,"Pre-Bologna training","Older side"
"R_8mLxwkn0jPGEGz3",31,"E. Secundaria",6,"1","10","1",0.555555555555556,0.0444053111511112,"Secondary teachers",39,-8,"Bologna-era training","Younger side"
"R_8Oe5C1TH32QFrWH",48,"E. Primaria",25,"1","8","3",0.555555555555556,0.0200860651341359,"Primary teachers",34,14,"Pre-Bologna training","Older side"
"R_8QY6mn9IciAa13z",28,"E. Secundaria",3,"1","6","1",1,0.437430256655508,"Secondary teachers",39,-11,"Bologna-era training","Younger side"
"R_2q4F21Ay7MqiY1x",56,"E. Primaria",35,"1","6","2",0.375,-0.0792057362544242,"Primary teachers",34,22,"Pre-Bologna training","Older side"
"R_2BzEoQiWjUrNbca",55,"E. Secundaria",36,"0","7","3",0,-0.483611656199105,"Secondary teachers",39,16,"Pre-Bologna training","Older side"
"R_8lbhau1FCfIm18Z",54,"E. Secundaria",20,"1","10","2",0.5,0.012587283014384,"Secondary teachers",39,15,"Pre-Bologna training","Older side"
"R_8zBWHneFRRwxTkO",29,"E. Secundaria",5,"1","7","3",0.428571428571429,0.0199620208977385,"Secondary teachers",39,-10,"Bologna-era training","Younger side"
"R_2cc2rj6i9yY7yN7",45,"E. Secundaria",17,"0","2","1",1,0.152313624678663,"Secondary teachers",39,6,"Pre-Bologna training","Older side"
"R_22SjXDdtN0jwUt7",50,"E. Secundaria",25,"0","10","3",0,-0.861111111111111,"Secondary teachers",39,11,"Pre-Bologna training","Older side"
"R_20t5EAoB1VAJfEJ",47,"E. Primaria",20,"1","5","1",0,-0.507398702320959,"Primary teachers",34,13,"Pre-Bologna training","Older side"
"R_2dGg5W9pJGgOSE2",60,"E. Primaria",35,"1","4","1",0.666666666666667,0.144377310889299,"Primary teachers",34,26,"Pre-Bologna training","Older side"
"R_8nS3aQMBqkgmyKl",43,"E. Primaria",6,"1","8","1",0.857142857142857,0.449881167248994,"Primary teachers",34,9,"Pre-Bologna training","Older side"
"R_8alOWLwznmkGset",51,"E. Primaria",25,"0","8","3",0.444444444444444,0.0232351501735528,"Primary teachers",34,17,"Pre-Bologna training","Older side"
"R_8CdD668w3eT6hL7",59,"E. Primaria",36,"1","8","3",1,0.152313624678663,"Primary teachers",34,25,"Pre-Bologna training","Older side"
"R_2FS8GpwhRub6Rob",47,"E. Primaria",20,"1","4","2",0.125,-0.339363663743091,"Primary teachers",34,13,"Pre-Bologna training","Older side"
"R_8dE4kUBUak6DJTq",26,"E. Secundaria",2,"1","1","1",0.666666666666667,0.255171256358031,"Secondary teachers",39,-13,"Bologna-era training","Younger side"
"R_8X5L5qZF3yP3irs",35,"E. Secundaria",5,"0","10","1",1,0.152313624678663,"Secondary teachers",39,-4,"Bologna-era training","Younger side"
"R_2dB3Tm7kGnyZHUr",45,"E. Primaria",25,"0","6","3",0.625,0.171585410908963,"Primary teachers",34,11,"Pre-Bologna training","Older side"
"R_8kyWk3DG0hX3GPn",46,"E. Secundaria",21,"0","2","3",0.444444444444444,0.0322457922127985,"Secondary teachers",39,7,"Pre-Bologna training","Older side"
"R_2teU1MpJl1G1G5G",40,"E. Primaria",20,"1","3","2",0.222222222222222,-0.19940461396907,"Primary teachers",34,6,"Pre-Bologna training","Older side"
"R_2Lxt1hTREohOLAt",47,"E. Secundaria",20,"0","1","3",0.666666666666667,0.246149660180454,"Secondary teachers",39,8,"Pre-Bologna training","Older side"
"R_8guq4eYgGVdgQVr",43,"E. Primaria",17,"1","3","1",0.555555555555556,0.0432545054703114,"Primary teachers",34,9,"Pre-Bologna training","Older side"
"R_8owdzeHzouMXq5b",26,"E. Primaria",3,"1","6","1",0.555555555555556,0.134693483506886,"Primary teachers",34,-8,"Bologna-era training","Younger side"
"R_8hgdV4qbt1KWVOs",33,"E. Primaria",8,"1","2","2",0.666666666666667,0.246149660180454,"Primary teachers",34,-1,"Bologna-era training","Younger side"
"R_8E4A4qK7UmHRYeb",47,"E. Secundaria",18,"1","4","3",0.75,0.296980980529216,"Secondary teachers",39,8,"Pre-Bologna training","Older side"
"R_2FeuwH8AiH7c0Xn",52,"E. Secundaria",26,"1","9","1",0,-0.357040788341808,"Secondary teachers",39,13,"Pre-Bologna training","Older side"
"R_8CJa4bNvCL2TG1z",32,"E. Secundaria",5,"0","7","1",1,0.152313624678663,"Secondary teachers",39,-7,"Bologna-era training","Younger side"
"R_86Qe88JArgkfraN",41,"E. Primaria",10,"1","8","3",0.25,-0.106567372390571,"Primary teachers",34,7,"Pre-Bologna training","Older side"
"R_2AlYXorWcEN3iKJ",41,"E. Primaria",16,"0","4","1",0.444444444444444,0.0322457922127985,"Primary teachers",34,7,"Pre-Bologna training","Older side"
"R_2gHjbyIuxVQvejv",47,"E. Primaria",26,"1","10","3",0.666666666666667,0.155857253891397,"Primary teachers",34,13,"Pre-Bologna training","Older side"
"R_2jVIBUOiGxaMpvH",47,"E. Primaria",12,"1","6","3",0,-0.357040788341808,"Primary teachers",34,13,"Pre-Bologna training","Older side"
"R_8fgiywE8aIz4b5v",49,"E. Primaria",25,"1","6","2",0.333333333333333,-0.16178775403793,"Primary teachers",34,15,"Pre-Bologna training","Older side"
"R_2imoayEmrV9AWCJ",40,"E. Secundaria",20,"1","10","3",0.5,-0.137238826289952,"Secondary teachers",39,1,"Pre-Bologna training","Older side"
"R_8KHozQL0NQUfInB",48,"E. Secundaria",19,"1","9","2",0,-0.848329048843188,"Secondary teachers",39,9,"Pre-Bologna training","Older side"
"R_2Gj4BR7CU2fwErj",43,"E. Secundaria",5,"1","1","2",0.25,-0.0879723027696072,"Secondary teachers",39,4,"Pre-Bologna training","Older side"
"R_8f1vl60m0ZBTAey",50,"E. Primaria",20,"1","10","1",0.285714285714286,-0.123341550530833,"Primary teachers",34,16,"Pre-Bologna training","Older side"
"R_8h6pjMMWTHFEmSs",39,"E. Primaria",18,"1","4","1",0.4,0.0120345016605103,"Primary teachers",34,5,"Pre-Bologna training","Older side"
"R_2sP9ti20QXCPcNr",44,"E. Primaria",21,"0","10","1",0.333333333333333,-0.23906050261986,"Primary teachers",34,10,"Pre-Bologna training","Older side"
"R_8HN4uCFyHlafc61",62,"E. Secundaria",34,NA,"9","3",0.555555555555556,0.0511057090190175,"Secondary teachers",39,23,"Pre-Bologna training","Older side"
"R_8q1wrwXm7HUBfY6",60,"E. Primaria",36,"1","8","2",0.555555555555556,0.0314971073127088,"Primary teachers",34,26,"Pre-Bologna training","Older side"
"R_2jOTM9S5JVf554t",33,"E. Secundaria",8,"0","1","3",0.555555555555556,0.0496917391093836,"Secondary teachers",39,-6,"Bologna-era training","Younger side"
"R_2nao39A7kOACzfj",58,"E. Secundaria",6,"1","4","3",0.625,0.269621863944791,"Secondary teachers",39,19,"Pre-Bologna training","Older side"
"R_2HjJy2tX7xlU78o",54,"E. Secundaria",20,"0","6","3",0.5,-0.322535998118185,"Secondary teachers",39,15,"Pre-Bologna training","Older side"
"R_8izkgmHJlBWv6YF",48,"E. Secundaria",23,"1","3","2",0.444444444444444,-0.0799678608401575,"Secondary teachers",39,9,"Pre-Bologna training","Older side"
"R_2nTd00vMfMCYHdl",45,"E. Secundaria",11,"0","1","2",0.777777777777778,0.255842279042165,"Secondary teachers",39,6,"Pre-Bologna training","Older side"
"R_8xDKCVlGKeiE5KK",45,"E. Primaria",22,"1","9","3",0.111111111111111,-0.311137693166682,"Primary teachers",34,11,"Pre-Bologna training","Older side"
"R_2BfhOTSPnbD6s02",45,"E. Primaria",17,"1","10","3",0.222222222222222,-0.201097875272526,"Primary teachers",34,11,"Pre-Bologna training","Older side"
"R_8L0HD7BL1mh7WM1",45,"E. Primaria",8,"0","5","3",0.333333333333333,-0.0792202712567129,"Primary teachers",34,11,"Pre-Bologna training","Older side"
"R_2HSB9FrF4Xl14tj",53,"E. Primaria",27,"1","8","2",0.444444444444444,-0.0896800953666579,"Primary teachers",34,19,"Pre-Bologna training","Older side"
"R_8XnGmc1k8jwP9ln",31,"E. Secundaria",6,"0","4","3",0.625,0.171586658762654,"Secondary teachers",39,-8,"Bologna-era training","Younger side"
"R_2ffSvvjZkPJLFd6",50,"E. Primaria",22,"1","3","3",0.5,0.0449085667889326,"Primary teachers",34,16,"Pre-Bologna training","Older side"
"R_8I4XY6JdmT5CQjG",50,"E. Secundaria",14,"1","3","1",0.5,-0.0594898753578292,"Secondary teachers",39,11,"Pre-Bologna training","Older side"
"R_2VAST5eTXYxxOZX",56,"E. Secundaria",4,"0","8","3",0.555555555555556,0.0314971073127088,"Secondary teachers",39,17,"Pre-Bologna training","Older side"
"R_2VjXKsnQXsgkzL3",50,"E. Primaria",25,"1","6","2",0.333333333333333,-0.0882231831597806,"Primary teachers",34,16,"Pre-Bologna training","Older side"
"R_20X6rodTPoAA18Z",39,"E. Primaria",18,"1","6","2",0.555555555555556,0.0215024239135477,"Primary teachers",34,5,"Pre-Bologna training","Older side"
"R_8ijKjkGWjQxfoHX",32,"E. Primaria",2,"1","9","2",0.666666666666667,0.228765714350849,"Primary teachers",34,-2,"Bologna-era training","Younger side"
"R_8aJ23XWORyy40VD",50,"E. Primaria",25,"1","6","1",0.444444444444444,-0.0684619480700268,"Primary teachers",34,16,"Pre-Bologna training","Older side"
"R_2hq1jsdawESPv9v",56,"E. Secundaria",32,"0","4","3",0.444444444444444,-0.0617848690777509,"Secondary teachers",39,17,"Pre-Bologna training","Older side"
"R_8SWd3p5oSEYwj8l",46,"E. Primaria",24,"1","8","2",0.666666666666667,0.246149660180454,"Primary teachers",34,12,"Pre-Bologna training","Older side"
"R_8lzqxKJUQUDKBwZ",49,"E. Secundaria",6,"0","5","2",0.6,0.114884142244391,"Secondary teachers",39,10,"Pre-Bologna training","Older side"
"R_8gdrhhuleMX4Rto",49,"E. Primaria",22,"1","10","3",0.25,-0.106567372390571,"Primary teachers",34,15,"Pre-Bologna training","Older side"
"R_8rCf0PNQng2dIyT",55,"E. Primaria",30,NA,"9","3",1,0.139566395663957,"Primary teachers",34,21,"Pre-Bologna training","Older side"
"R_8KIcHGURR1x2Yci",42,"E. Primaria",15,"1","1","2",0.444444444444444,-0.0684619480700268,"Primary teachers",34,8,"Pre-Bologna training","Older side"
"R_2kbNPZO72K4cS79",43,"E. Primaria",20,"1","2","3",0.25,-0.213964987819877,"Primary teachers",34,9,"Pre-Bologna training","Older side"
"R_8388X7Nv43oFpFP",40,"E. Secundaria",6,"1","8","1",1,0.152313624678663,"Secondary teachers",39,1,"Pre-Bologna training","Older side"
"R_8qauME5cjA7fJo8",50,"E. Primaria",26,"1","2","3",0.714285714285714,0.306569172474275,"Primary teachers",34,16,"Pre-Bologna training","Older side"
"R_2NUTxilW4eNIgAu",43,"E. Primaria",8,"1","9","3",0.428571428571429,0.0199662457738088,"Primary teachers",34,9,"Pre-Bologna training","Older side"
"R_2EgK1SPJCnjMUPK",61,"E. Secundaria",22,"1","9","1",1,0.152313624678663,"Secondary teachers",39,22,"Pre-Bologna training","Older side"
"R_2ieqRPiU1oLLRsl",52,"E. Primaria",18,"1","3","1",1,0.139566395663957,"Primary teachers",34,18,"Pre-Bologna training","Older side"
"R_83eYfaaRLKPNkGV",56,"E. Secundaria",35,"1","8","3",0,-0.861111111111111,"Secondary teachers",39,17,"Pre-Bologna training","Older side"
"R_8YmVcbqXOgAtt3b",33,"E. Primaria",6,"1","2","1",0.666666666666667,0.161167148945449,"Primary teachers",34,-1,"Bologna-era training","Younger side"
"R_8aP1VvmucdxhHZn",42,"E. Primaria",20,"0","9","2",0.777777777777778,0.267307118390042,"Primary teachers",34,8,"Pre-Bologna training","Older side"
"R_2lcwTdolkVxCbIA",26,"E. Primaria",1,"0","5","1",0.444444444444444,0.0322446688571103,"Primary teachers",34,-8,"Bologna-era training","Younger side"
"R_80Icqe3QqFr8p37",32,"E. Primaria",6,"1","6","3",0.285714285714286,-0.123341550530833,"Primary teachers",34,-2,"Bologna-era training","Younger side"
"R_2dTdAfPRryrd3vf",30,"E. Secundaria",1,"0","8","3",0.444444444444444,-0.061782480207973,"Secondary teachers",39,-9,"Bologna-era training","Younger side"
"R_8DIu3GilidoS6rb",49,"E. Primaria",3,"0","9","3",0,-0.422320212446887,"Primary teachers",34,15,"Pre-Bologna training","Older side"
"R_8h3KYBnCa3hLTZT",28,"E. Secundaria",2,"0","5","1",0.666666666666667,0.162583507724861,"Secondary teachers",39,-11,"Bologna-era training","Younger side"
"R_8GpRabg8qD3iLiW",31,"E. Secundaria",6,"1","6","1",0.555555555555556,0.134693483506886,"Secondary teachers",39,-8,"Bologna-era training","Younger side"
"R_8pMr9y7UDPAiYt0",46,"E. Secundaria",18,"1","1","1",0.777777777777778,0.244414783916848,"Secondary teachers",39,7,"Pre-Bologna training","Older side"
"R_2WvsWTUxDnoXcOZ",38,"E. Primaria",12,"1","6","2",0.125,-0.329680392211217,"Primary teachers",34,4,"Pre-Bologna training","Older side"
"R_2DqaQgpMuPmadfO",52,"E. Secundaria",20,"0","10","3",0.555555555555556,0.0444053111511112,"Secondary teachers",39,13,"Pre-Bologna training","Older side"
"R_2A0EHnCzEkU1afD",52,"E. Secundaria",28,"1","7","3",1,0.152313624678663,"Secondary teachers",39,13,"Pre-Bologna training","Older side"
"R_25uNKgpe6BvsqEe",48,"E. Primaria",22,"0","6","3",1,0.139566395663957,"Primary teachers",34,14,"Pre-Bologna training","Older side"
"R_8MAvFumD5rD1Ysh",26,"E. Primaria",3,"0","1","2",0.5,0.0461910891424012,"Primary teachers",34,-8,"Bologna-era training","Younger side"
"R_21mPIFEY1d3XYrv",47,"E. Primaria",23,"1","8","3",1,0.139566395663957,"Primary teachers",34,13,"Pre-Bologna training","Older side"
"R_8YkXhS0VPSlWCL4",28,"E. Secundaria",2,"1","1","1",1,0.152313624678663,"Secondary teachers",39,-11,"Bologna-era training","Younger side"
"R_2n2u4AzBKnQnqr9",29,"E. Secundaria",4,"1","2","3",0.625,0.10127668184761,"Secondary teachers",39,-10,"Bologna-era training","Younger side"
"R_2ineAUIXRRTDWmE",46,"E. Primaria",12,"1","9","3",0,-0.413048601982842,"Primary teachers",34,12,"Pre-Bologna training","Older side"
"R_21jh1QfxMOaO4Uu",28,"E. Secundaria",4,"1","4","2",0.333333333333333,-0.0882231831597806,"Secondary teachers",39,-11,"Bologna-era training","Younger side"
"R_22WdFSdaBYj0Ap3",49,"E. Primaria",23,"0","10","3",1,0.139566395663957,"Primary teachers",34,15,"Pre-Bologna training","Older side"
"R_2TavMgRxvSrK0V3",41,"E. Secundaria",8,"1","10","3",0,-0.423740441587768,"Secondary teachers",39,2,"Pre-Bologna training","Older side"
"R_8dYWmyQTRHA6txQ",29,"E. Secundaria",2,"0","4","2",1,0.139566395663957,"Secondary teachers",39,-10,"Bologna-era training","Younger side"
"R_2GqXYrjFSIoCuLP",45,"E. Primaria",20,"0","4","1",1,0.139566395663957,"Primary teachers",34,11,"Pre-Bologna training","Older side"
"R_8yI4LiSaetD6k0x",61,"E. Primaria",35,"0","10","2",0.25,-0.204600058020986,"Primary teachers",34,27,"Pre-Bologna training","Older side"
"R_2cRZBtraJU1qU09",47,"E. Secundaria",22,"1","9","2",0.333333333333333,-0.191435097307394,"Secondary teachers",39,8,"Pre-Bologna training","Older side"
"R_8EhCtfaYkg09xhn",46,"E. Primaria",21,"1","5","3",0.333333333333333,-0.0792191759400678,"Primary teachers",34,12,"Pre-Bologna training","Older side"
"R_2nRNdvDeebqb6RX",48,"E. Secundaria",5,"1","10","2",0.571428571428571,0.163266991788916,"Secondary teachers",39,9,"Pre-Bologna training","Older side"
"R_8ZETYdzJlXJF6Vf",49,"E. Primaria",25,"1","5","1",0.5,-0.151692630500167,"Primary teachers",34,15,"Pre-Bologna training","Older side"
"R_8KvvCFQOFwSz4ZP",48,"E. Primaria",14,"0","2","3",0.444444444444444,-0.068198473213056,"Primary teachers",34,14,"Pre-Bologna training","Older side"
"R_9JcT3sj78hCMZ5D",49,"E. Secundaria",15,"1","6","2",1,0.139566395663957,"Secondary teachers",39,10,"Pre-Bologna training","Older side"
"R_8rwHJGMc578qN94",37,"E. Primaria",15,"0","2","2",0.555555555555556,0.133274968067709,"Primary teachers",34,3,"Pre-Bologna training","Older side"
"R_81yRbfkEbgf87TE",46,"E. Primaria",24,"1","3","1",0.555555555555556,0.0511080978887955,"Primary teachers",34,12,"Pre-Bologna training","Older side"
"R_8nGYv4PSnsWz56W",52,"E. Secundaria",4,"0","5","2",1,0.152313624678663,"Secondary teachers",39,13,"Pre-Bologna training","Older side"
"R_2l4t98MegTHMvMe",55,"E. Primaria",30,"0","5","1",1,0.139566395663957,"Primary teachers",34,21,"Pre-Bologna training","Older side"
"R_2fB3sl1DndKn8zf",32,"E. Primaria",6,"1","10","1",0.666666666666667,0.142960952109887,"Primary teachers",34,-2,"Bologna-era training","Younger side"
"R_2dRTzkex54IcqY1",41,"E. Primaria",16,"1","9","1",0.555555555555556,0.04440427520803,"Primary teachers",34,7,"Pre-Bologna training","Older side"
"R_8N2syTKwUZXa4UN",50,"E. Secundaria",21,"0","5","1",0.5,-0.193213744064046,"Secondary teachers",39,11,"Pre-Bologna training","Older side"
"R_2CsjxKbuKOHVfto",47,"E. Primaria",17,"1","9","2",0.555555555555556,0.0511057090190175,"Primary teachers",34,13,"Pre-Bologna training","Older side"
"R_2zx7WiH3HKzKlg6",45,"E. Primaria",3,"1","10","3",0.444444444444444,-0.060369716559316,"Primary teachers",34,11,"Pre-Bologna training","Older side"
"R_2CNvcy8foa9iG4K",50,"E. Secundaria",27,"1","1","1",0.333333333333333,-0.036587009580881,"Secondary teachers",39,11,"Pre-Bologna training","Older side"
"R_2KUPlwE3MOnPxbH",46,"E. Secundaria",21,"1","4","2",0.666666666666667,0.142960952109887,"Secondary teachers",39,7,"Pre-Bologna training","Older side"
"R_2oEYM7n9q55gosG",41,"E. Secundaria",6,"0","4","1",1,0.139566395663957,"Secondary teachers",39,2,"Pre-Bologna training","Older side"
"R_2GvKKRpw7jkWudk",43,"E. Secundaria",15,"1","1","2",0.5,0.0461910891424012,"Secondary teachers",39,4,"Pre-Bologna training","Older side"
"R_8gonvXv8G4bzaQO",50,"E. Primaria",25,"1","7","1",0.555555555555556,0.0314959839570207,"Primary teachers",34,16,"Pre-Bologna training","Older side"
"R_3QgvyBNLhMDSlZh",47,"E. Secundaria",8,"1","8","2",0.555555555555556,0.0215024239135477,"Secondary teachers",39,8,"Pre-Bologna training","Older side"
"R_8aWWmwXObY48i8a",45,"E. Secundaria",20,"1","4","2",0.444444444444444,-0.0913711865100316,"Secondary teachers",39,6,"Pre-Bologna training","Older side"
"R_8kdH0EfyFuNloHH",46,"E. Primaria",20,"1","10","1",0,-0.469306214788049,"Primary teachers",34,12,"Pre-Bologna training","Older side"
"R_8uFCxwHlZyIiJ8Z",63,"E. Primaria",38,"1","5","3",0.555555555555556,0.0215002806285133,"Primary teachers",34,29,"Pre-Bologna training","Older side"
"R_2R9pEKHu01lqTwY",52,"E. Secundaria",26,"1","1","3",0,-0.40960327637477,"Secondary teachers",39,13,"Pre-Bologna training","Older side"
"R_8b9NkUkr0C7Es0N",39,"E. Primaria",8,"1","4","3",0.333333333333333,-0.0882231831597806,"Primary teachers",34,5,"Pre-Bologna training","Older side"
"R_8aM0o3agpcOm88g",31,"E. Secundaria",4,"0","3","1",1,0.139566395663957,"Secondary teachers",39,-8,"Bologna-era training","Younger side"
"R_2MMukl1eLHLFaK5",48,"E. Primaria",15,"1","2","2",0.5,0.144223774772816,"Primary teachers",34,14,"Pre-Bologna training","Older side"
"R_2aPCh6FjeMgoG6R",27,"E. Secundaria",2,NA,"6","2",0.666666666666667,0.131543316778303,"Secondary teachers",39,-12,"Bologna-era training","Younger side"
"R_2FyuVdkD96GgExe",50,"E. Primaria",22,"1","1","1",0.333333333333333,-0.0896395419391924,"Primary teachers",34,16,"Pre-Bologna training","Older side"
"R_81PFiYv5MKq3ft7",47,"E. Primaria",18,"1","5","1",0.666666666666667,0.162583507724861,"Primary teachers",34,13,"Pre-Bologna training","Older side"
"R_8ffhVdhus0I4JhN",50,"E. Secundaria",27,"1","7","2",0.666666666666667,0.142960952109887,"Secondary teachers",39,11,"Pre-Bologna training","Older side"
"R_2LBRYwtnnNhlpAo",23,"E. Primaria",1,"1","3","1",0.625,0.169990751505552,"Primary teachers",34,-11,"Bologna-era training","Younger side"
"R_29N2uy5gFRT9KgN",30,"E. Primaria",5,"1","1","1",0.666666666666667,0.155855175649756,"Primary teachers",34,-4,"Bologna-era training","Younger side"
"R_5a5P6AbnojKuhdn",62,"E. Primaria",27,"1","6","2",0.222222222222222,-0.199405702439986,"Primary teachers",34,28,"Pre-Bologna training","Older side"
"R_2HfPqTLq6tAT0FX",37,"E. Secundaria",7,"0","3","2",0.555555555555556,0.0496917391093836,"Secondary teachers",39,-2,"Bologna-era training","Younger side"
"R_8KT4Bf6RSncKTGp",50,"E. Secundaria",17,"1","5","1",0.5,0.0365059713703541,"Secondary teachers",39,11,"Pre-Bologna training","Older side"
"R_2waHIElsnbugnVI",42,"E. Secundaria",2,"0","7","3",0.666666666666667,0.155857253891397,"Secondary teachers",39,3,"Pre-Bologna training","Older side"
"R_8LZwKQKt3ZZ0v21",47,"E. Secundaria",20,"0","4","1",0.111111111111111,-0.402814649395205,"Secondary teachers",39,8,"Pre-Bologna training","Older side"
"R_2X8PcLoETy2mZ2N",49,"E. Secundaria",20,"1","3","2",0.571428571428571,0.163266991788916,"Secondary teachers",39,10,"Pre-Bologna training","Older side"
"R_8evcBHfK4Hvlnq1",44,"E. Secundaria",20,"0","9","3",0.625,0.169992007282124,"Secondary teachers",39,5,"Pre-Bologna training","Older side"
"R_8k5PuV49kz5ArPW",49,"E. Primaria",24,"0","9","2",1,0.139566395663957,"Primary teachers",34,15,"Pre-Bologna training","Older side"
"R_2bg5qRPUBvvh62R",49,"E. Primaria",25,"1","10","3",0.5,0.0365059713703541,"Primary teachers",34,15,"Pre-Bologna training","Older side"
"R_8N4DJoYGBE8RPe0",45,"E. Secundaria",16,"1","10","2",0.333333333333333,-0.0882231831597806,"Secondary teachers",39,6,"Pre-Bologna training","Older side"
"R_2qWWpuThC8xNALN",48,"E. Secundaria",12,"0","6","3",0.666666666666667,0.132959675557715,"Secondary teachers",39,9,"Pre-Bologna training","Older side"
"R_8igk4STVgnKDzow",37,"E. Primaria",4,"0","8","2",0,-0.423740441587768,"Primary teachers",34,3,"Pre-Bologna training","Older side"
"R_2ocDwPm20TMs3JT",54,"E. Secundaria",26,"1","7","2",0.5,0.0445976855155629,"Secondary teachers",39,15,"Pre-Bologna training","Older side"
"R_2rNxMF6XSuyKC09",58,"E. Secundaria",21,"0","8","2",0.375,0.0188307167814037,"Secondary teachers",39,19,"Pre-Bologna training","Older side"
"R_8kY942DIPBgitT3",36,"E. Primaria",11,"0","10","2",0,-0.45507596183147,"Primary teachers",34,2,"Pre-Bologna training","Older side"
"R_2N8FLVH7PKekOsp",47,"E. Primaria",25,"1","3","2",0.666666666666667,0.144377310889299,"Primary teachers",34,13,"Pre-Bologna training","Older side"
"R_2VDUqnOCalzI8BD",50,"E. Primaria",21,"1","4","3",0.111111111111111,-0.311137693166682,"Primary teachers",34,16,"Pre-Bologna training","Older side"
"R_8YLAEE2iXAvN49o",53,"E. Secundaria",23,"0","7","3",0.875,0.420781898668939,"Secondary teachers",39,14,"Pre-Bologna training","Older side"
"R_2k6KcW2m1O9cc0N",48,"E. Secundaria",20,"0","6","3",0.444444444444444,0.0322457922127985,"Secondary teachers",39,9,"Pre-Bologna training","Older side"
"R_21XGJR8CxGwjHNk",51,"E. Secundaria",25,"1","4","2",0.444444444444444,-0.060368510298339,"Secondary teachers",39,12,"Pre-Bologna training","Older side"
"R_2qBGTuEm6i23bNU",52,"E. Primaria",28,"0","5","3",0.333333333333333,-0.0896395419391924,"Primary teachers",34,18,"Pre-Bologna training","Older side"
"R_2MMwTT5JLUkclzV",51,"E. Secundaria",25,"1","10","1",0.444444444444444,-0.067045589290615,"Secondary teachers",39,12,"Pre-Bologna training","Older side"
"R_86mWs4E29wZjTGh",37,"E. Primaria",10,"1","4","1",0.333333333333333,-0.0882231831597806,"Primary teachers",34,3,"Pre-Bologna training","Older side"
"R_2iimRNY28woktGh",55,"E. Secundaria",24,"1","2","1",0.333333333333333,-0.164340130417462,"Secondary teachers",39,16,"Pre-Bologna training","Older side"
"R_2BhfSv4XFF7vlyZ",32,"E. Primaria",7,"0","8","2",0.444444444444444,-0.061783670726682,"Primary teachers",34,-2,"Bologna-era training","Younger side"
"R_2RVW1UOD9OV1Oac",55,"E. Primaria",30,"1","10","3",0.444444444444444,-0.0799678608401575,"Primary teachers",34,21,"Pre-Bologna training","Older side"
"R_2KcAvJQWO3b4m7H",49,"E. Primaria",12,"0","9","2",1,0.139566395663957,"Primary teachers",34,15,"Pre-Bologna training","Older side"
"R_2jaKCSYHmutIsyR",44,"E. Primaria",5,"1","8","3",1,0.139566395663957,"Primary teachers",34,10,"Pre-Bologna training","Older side"
"R_8cyn3485uMasy1b",37,"E. Primaria",7,"1","8","2",0.444444444444444,-0.0913711865100316,"Primary teachers",34,3,"Pre-Bologna training","Older side"
"R_8o0grFBcUCHVRVa",48,"E. Secundaria",23,"0","8","1",0.555555555555556,0.0444053111511112,"Secondary teachers",39,9,"Pre-Bologna training","Older side"
"R_2jOHPbkEOuU1LZa",36,"E. Secundaria",6,"1","4","3",0.444444444444444,-0.067045589290615,"Secondary teachers",39,-3,"Bologna-era training","Younger side"
"R_8kb8UwIHbl4ZFIB",47,"E. Secundaria",15,"0","7","1",0.555555555555556,0.0329123427364325,"Secondary teachers",39,8,"Pre-Bologna training","Older side"
"R_2XgLb5OI1a7Bz5t",60,"E. Primaria",39,"1","5","1",0.555555555555556,0.0429879164286182,"Primary teachers",34,26,"Pre-Bologna training","Older side"
"R_8eDFYmydKZazhab",47,"E. Secundaria",25,"1","9","3",0.375,-0.0807991398812625,"Secondary teachers",39,8,"Pre-Bologna training","Older side"
"R_2EaKVqjwXOKxYJH",45,"E. Primaria",17,"0","1","2",0.5,0.0465050767187314,"Primary teachers",34,11,"Pre-Bologna training","Older side"
"R_8BnVMhfZnXc7AaJ",37,"E. Primaria",13,"1","3","1",0.5,0.144227542178229,"Primary teachers",34,3,"Pre-Bologna training","Older side"
"R_8n8KeL7bSpoeRpY",42,"E. Primaria",5,"1","2","3",0.555555555555556,0.0444063534496713,"Primary teachers",34,8,"Pre-Bologna training","Older side"
"R_2gQ5OwRSz2yySBP",23,"E. Primaria",1,"1","3","1",0.5,0.0445976855155629,"Primary teachers",34,-11,"Bologna-era training","Younger side"
"R_2aXguHy32192e7n",28,"E. Primaria",3,"0","3","1",0.571428571428571,0.163615242934979,"Primary teachers",34,-6,"Bologna-era training","Younger side"
"R_8ETipGVphB8Hbxg",26,"E. Primaria",2,"0","6","3",0.555555555555556,0.0314971073127088,"Primary teachers",34,-8,"Bologna-era training","Younger side"
"R_2m202B6Uiz19FRf",32,"E. Secundaria",6,"0","3","3",0.666666666666667,0.144377310889299,"Secondary teachers",39,-7,"Bologna-era training","Younger side"
"R_8EWHrikOzQfeD4l",43,"E. Secundaria",20,"1","1","3",0.555555555555556,0.0511056932767496,"Secondary teachers",39,4,"Pre-Bologna training","Older side"
"R_23DSmeZewA7JwFg",55,"E. Primaria",22,"1","10","1",0.333333333333333,-0.173259088395107,"Primary teachers",34,21,"Pre-Bologna training","Older side"
"R_8E00odf7HzFllQ8",58,"E. Secundaria",6,"0","5","1",0.444444444444444,-0.0617884642085058,"Secondary teachers",39,19,"Pre-Bologna training","Older side"
"R_8iEYkD9Lg9NgjxL",46,"E. Primaria",24,"1","6","2",0.5,0.0461910891424012,"Primary teachers",34,12,"Pre-Bologna training","Older side"
"R_28ZUB3qHe0OQf3r",52,"E. Primaria",30,"1","9","1",0.444444444444444,-0.0799678608401575,"Primary teachers",34,18,"Pre-Bologna training","Older side"
"R_8AbgzivZ58aSOS5",53,"E. Secundaria",25,"0","2","3",0.444444444444444,0.0322457922127985,"Secondary teachers",39,14,"Pre-Bologna training","Older side"
"R_63W7Hi1ShLvwGsc",33,"E. Secundaria",5,"0","6","1",0.444444444444444,-0.0913711865100316,"Secondary teachers",39,-6,"Bologna-era training","Younger side"
"R_8EQnsD001XrBpw5",46,"E. Primaria",22,"1","7","2",0.555555555555556,0.0329123427364325,"Primary teachers",34,12,"Pre-Bologna training","Older side"
"R_8RebvkNR2LhEGcH",49,"E. Primaria",23,"1","2","2",0.625,0.171585410908963,"Primary teachers",34,15,"Pre-Bologna training","Older side"
"R_22shawgorY31Ida",37,"E. Secundaria",2,"0","8","1",0.625,0.171585410908963,"Secondary teachers",39,-2,"Bologna-era training","Younger side"
"R_2ak3ORPVAUSpMA1",44,"E. Primaria",17,"1","1","3",0.444444444444444,0.0322457922127985,"Primary teachers",34,10,"Pre-Bologna training","Older side"
"R_8zKZKGYe52rc34Z",43,"E. Primaria",21,"1","1","1",0.428571428571429,0.0199634203603449,"Primary teachers",34,9,"Pre-Bologna training","Older side"
"R_8CAZ55EPUjjibf4",32,"E. Secundaria",2,"0","7","3",0.555555555555556,0.134693483506886,"Secondary teachers",39,-7,"Bologna-era training","Younger side"
"R_2rcUsdbjZc6pPp1",38,"E. Primaria",12,"1","4","2",0.555555555555556,0.0496917391093836,"Primary teachers",34,4,"Pre-Bologna training","Older side"
"R_8QMLoDNQHU99qtr",58,"E. Secundaria",30,"0","7","3",0.555555555555556,0.0429899946702595,"Secondary teachers",39,19,"Pre-Bologna training","Older side"
"R_8sBnwj2CiDxoOUx",45,"E. Secundaria",21,"1","1","2",0.777777777777778,0.265887651723434,"Secondary teachers",39,6,"Pre-Bologna training","Older side"
"R_2pm1SGnu4SgNEsV",37,"E. Primaria",5,"1","3","3",0.666666666666667,0.132959675557715,"Primary teachers",34,3,"Pre-Bologna training","Older side"
"R_2C3DfCdUqSQrvq5",47,"E. Primaria",7,"1","2","1",0,-0.514001039036879,"Primary teachers",34,13,"Pre-Bologna training","Older side"
"R_8n2zOXIBEBjFeU2",50,"E. Primaria",28,"1","9","2",0.5,0.144223774772816,"Primary teachers",34,16,"Pre-Bologna training","Older side"
"R_23av0Sm8KnfVBO2",42,"E. Secundaria",14,"1","4","2",0.666666666666667,0.142960952109887,"Secondary teachers",39,3,"Pre-Bologna training","Older side"
"R_27UMN5XTwPHDbNG",62,"E. Secundaria",27,"0","3","3",0,-0.423740441587768,"Secondary teachers",39,23,"Pre-Bologna training","Older side"
"R_2OAzP61fsEJe2SP",45,"E. Primaria",20,"1","6","1",0,-0.40960327637477,"Primary teachers",34,11,"Pre-Bologna training","Older side"
"R_8TVBHLSBBiG9WAp",29,"E. Primaria",4,"1","3","1",0.444444444444444,-0.0913711865100316,"Primary teachers",34,-5,"Bologna-era training","Younger side"
"R_8ez5nt5SInGaojD",39,"E. Primaria",15,"1","7","1",0.75,0.287287228999823,"Primary teachers",34,5,"Pre-Bologna training","Older side"
"R_8etkZeaJJfDPlj5",37,"E. Primaria",5,"1","10","2",0.333333333333333,-0.190018738527982,"Primary teachers",34,3,"Pre-Bologna training","Older side"
"R_2rJv7jUTnqDBQK4",28,"E. Primaria",5,"1","4","2",0.571428571428571,0.16326981720238,"Primary teachers",34,-6,"Bologna-era training","Younger side"
"R_26Jcuz3on1Rf3W1",42,"E. Primaria",20,"0","7","2",0.444444444444444,-0.0785515020607456,"Primary teachers",34,8,"Pre-Bologna training","Older side"
"R_8Vlc2TcFIK1Psc1",52,"E. Secundaria",20,"0","4","1",0.333333333333333,-0.0882231831597806,"Secondary teachers",39,13,"Pre-Bologna training","Older side"
"R_2nloSR6FDqCSoBx",51,"E. Primaria",29,"0","7","3",0.333333333333333,-0.0792191759400678,"Primary teachers",34,17,"Pre-Bologna training","Older side"
"R_8R9beRTnW43Xfki",48,"E. Secundaria",24,"0","7","3",0.75,0.296980980529216,"Secondary teachers",39,9,"Pre-Bologna training","Older side"
"R_2q9zLtaX80WemGR",43,"E. Primaria",22,"1","6","1",0.333333333333333,-0.173260278913816,"Primary teachers",34,9,"Pre-Bologna training","Older side"
"R_2gUc9pRHlMaJEoF",54,"E. Primaria",19,"1","9","2",0.555555555555556,0.0215002806285133,"Primary teachers",34,20,"Pre-Bologna training","Older side"
"R_8pfkmg019K7ocnv",45,"E. Primaria",18,"1","9","3",0.444444444444444,-0.067045589290615,"Primary teachers",34,11,"Pre-Bologna training","Older side"
"R_2YtuY6BE4vM7Yho",48,"E. Primaria",25,"1","9","1",0.5,0.0445976855155629,"Primary teachers",34,14,"Pre-Bologna training","Older side"
"R_8o7jLwnP9VLrOKw",43,"E. Primaria",20,"1","9","3",0.333333333333333,-0.0882231831597806,"Primary teachers",34,9,"Pre-Bologna training","Older side"
"R_8LoMB6beyPwrAQx",49,"E. Primaria",28,NA,"6","3",0.285714285714286,-0.123341550530833,"Primary teachers",34,15,"Pre-Bologna training","Older side"
"R_8QDUr3HTtN7RxfB",50,"E. Primaria",27,"1","8","2",0.333333333333333,-0.173259088395107,"Primary teachers",34,16,"Pre-Bologna training","Older side"
"R_2y2wZKIvPbrNil3",36,"E. Primaria",12,"1","7","3",0.555555555555556,0.133274968067709,"Primary teachers",34,2,"Pre-Bologna training","Older side"
"R_8AewoXh7cKcOe5P",43,"E. Primaria",20,"1","4","3",0.666666666666667,0.162582317206152,"Primary teachers",34,9,"Pre-Bologna training","Older side"
"R_86H8u2u0XAPohvr",60,"E. Primaria",35,"1","4","3",0.25,-0.106567372390571,"Primary teachers",34,26,"Pre-Bologna training","Older side"
"R_8K163FSu9STGs2n",46,"E. Primaria",24,"1","1","2",0.444444444444444,0.0232351501735528,"Primary teachers",34,12,"Pre-Bologna training","Older side"
"R_8jyADZglb5OocCJ",40,"E. Primaria",16,"1","6","2",0.555555555555556,0.143709637009977,"Primary teachers",34,6,"Pre-Bologna training","Older side"
"R_2HjREVmgE6wqibL",45,"E. Primaria",15,"1","8","3",0.555555555555556,0.143709637009977,"Primary teachers",34,11,"Pre-Bologna training","Older side"
"R_2qgyZqyukuS4acI",50,"E. Primaria",21,"0","5","3",0.444444444444444,-0.0785515020607456,"Primary teachers",34,16,"Pre-Bologna training","Older side"
"R_2n8cxpxazdtUxR7",43,"E. Secundaria",25,"0","9","1",0.111111111111111,-0.414367301927497,"Secondary teachers",39,4,"Pre-Bologna training","Older side"
"R_8MMpXUcMfdGkS7P",54,"E. Secundaria",3,"1","5","1",0.444444444444444,-0.0899548277306198,"Secondary teachers",39,15,"Pre-Bologna training","Older side"
"R_21gJKOK3dCU4rjR",39,"E. Secundaria",9,"1","5","1",0.555555555555556,0.0329123427364325,"Secondary teachers",39,0,"Bologna-era training","Younger side"
"R_2JLRgRZcnQrjDCV",43,"E. Secundaria",19,"1","7","1",0.5,0.0445976855155629,"Secondary teachers",39,4,"Pre-Bologna training","Older side"
"R_837NhZY1fOZlXah",43,"E. Primaria",19,"1","10","1",0.5,0.0365059713703541,"Primary teachers",34,9,"Pre-Bologna training","Older side"
"R_2fiBsOcWdUUhGjx",46,"E. Primaria",24,"1","3","1",0.666666666666667,0.154440895111986,"Primary teachers",34,12,"Pre-Bologna training","Older side"
"R_8VZy0E0H3SDqcSJ",31,"E. Secundaria",6,"1","3","1",0.444444444444444,-0.0782701765437731,"Secondary teachers",39,-8,"Bologna-era training","Younger side"
"R_8lb0MUZIZF8D4sW",25,"E. Primaria",3,"1","9","3",0.777777777777778,0.272642566613875,"Primary teachers",34,-9,"Bologna-era training","Younger side"
"R_2MKjQnlVhsdeocT",29,"E. Secundaria",3,"1","9","3",0.666666666666667,0.131541173493269,"Secondary teachers",39,-10,"Bologna-era training","Younger side"
"R_8IXLoTiql2ta3pO",49,"E. Primaria",26,"1","10","1",0.555555555555556,0.0511057090190175,"Primary teachers",34,15,"Pre-Bologna training","Older side"
"R_8TSwzwCZZJGktcl",50,"E. Secundaria",5,"0","6","2",0.444444444444444,-0.0603661214285611,"Secondary teachers",39,11,"Pre-Bologna training","Older side"
"R_2IRFVDdtTpWd5jW",44,"E. Primaria",23,"1","7","3",0.666666666666667,0.144377310889299,"Primary teachers",34,10,"Pre-Bologna training","Older side"
"R_2lWghuNR7rudLNs",61,"E. Primaria",26,"1","4","2",0.222222222222222,-0.302619218634698,"Primary teachers",34,27,"Pre-Bologna training","Older side"
"R_2Ninys8Ya3kMOsx",44,"E. Primaria",24,"0","7","3",0.444444444444444,0.0232351501735528,"Primary teachers",34,10,"Pre-Bologna training","Older side"
"R_2g1UAEMMHJLERsB",38,"E. Secundaria",9,"0","8","1",0.666666666666667,0.142960952109887,"Secondary teachers",39,-1,"Bologna-era training","Younger side"
"R_2H7tRfxZR8uCwJn",47,"E. Primaria",23,"0","9","3",0.333333333333333,-0.0896395419391924,"Primary teachers",34,13,"Pre-Bologna training","Older side"
"R_2YFZerDdlgLW1xj",34,"E. Primaria",10,"1","9","3",0.25,-0.106567372390571,"Primary teachers",34,0,"Bologna-era training","Younger side"
"R_21sjiwcoQIUyo6x",30,"E. Secundaria",7,"1","8","1",0.666666666666667,0.155857253891397,"Secondary teachers",39,-9,"Bologna-era training","Younger side"
"R_23d7TKJmowZWv1a",45,"E. Primaria",19,"0","2","1",0.375,-0.0792057362544242,"Primary teachers",34,11,"Pre-Bologna training","Older side"
"R_2ajVWN9PRwa0mfT",43,"E. Secundaria",19,"0","8","2",0.625,0.169992007282124,"Secondary teachers",39,4,"Pre-Bologna training","Older side"
"R_8SCdsNIcSq50kMa",45,"E. Primaria",20,"0","10","1",0.714285714285714,0.306569172474275,"Primary teachers",34,11,"Pre-Bologna training","Older side"
"R_8PXL0MUJV7Gr0hv",49,"E. Primaria",23,"0","3","1",0.333333333333333,-0.0792191759400678,"Primary teachers",34,15,"Pre-Bologna training","Older side"
"R_2c4PSmk9yTawSFb",58,"E. Primaria",29,"1","2","3",0.333333333333333,-0.0879473691066529,"Primary teachers",34,24,"Pre-Bologna training","Older side"
"R_2lKdRRAJAZrni4f",34,"E. Primaria",8,"1","10","1",0.555555555555556,0.0215024239135477,"Primary teachers",34,0,"Bologna-era training","Younger side"
"R_81SNWIgIXtV5vgX",50,"E. Secundaria",20,"0","2","1",0,-0.507398702320959,"Secondary teachers",39,11,"Pre-Bologna training","Older side"
"R_2EhfdgXoOmhhtEB",47,"E. Primaria",22,"0","5","1",0.375,0.0188307167814037,"Primary teachers",34,13,"Pre-Bologna training","Older side"
"R_85eJvg6IkEWJW5X",41,"E. Primaria",17,"0","9","3",0.333333333333333,-0.0896395419391924,"Primary teachers",34,7,"Pre-Bologna training","Older side"
"R_8MDKQXw25w90dyF",35,"E. Primaria",12,"0","9","2",0.555555555555556,0.0511057090190175,"Primary teachers",34,1,"Pre-Bologna training","Older side"
"R_2BCoTLnhAXeM545",54,"E. Secundaria",31,"1","5","2",0.625,0.161897820900135,"Secondary teachers",39,15,"Pre-Bologna training","Older side"
"R_2CwUXkTchWzcwaN",31,"E. Secundaria",6,"1","2","2",0.5,0.0445976855155629,"Secondary teachers",39,-8,"Bologna-era training","Younger side"
"R_8e3W4mMyY72h7rQ",36,"E. Primaria",6,"1","9","3",0.625,0.269621863944791,"Primary teachers",34,2,"Pre-Bologna training","Older side"
"R_82fiq7SCl6VlyQ2",34,"E. Primaria",10,"1","7","1",0.444444444444444,-0.0913711865100316,"Primary teachers",34,0,"Bologna-era training","Younger side"
"R_8ymcKmXGMedKvDd",35,"E. Primaria",11,"1","9","2",0.285714285714286,-0.123345775406903,"Primary teachers",34,1,"Pre-Bologna training","Older side"
"R_2sqr5ERcis2sSLn",49,"E. Secundaria",17,"1","9","2",0.666666666666667,0.144377310889299,"Secondary teachers",39,10,"Pre-Bologna training","Older side"
"R_8MDNdTb3Ysb3x61",52,"E. Secundaria",4,"1","7","3",0.444444444444444,-0.060368510298339,"Secondary teachers",39,13,"Pre-Bologna training","Older side"
"R_8wMxUpDdaHLaWqt",49,"E. Secundaria",10,"1","3","2",0.555555555555556,0.0429899946702595,"Secondary teachers",39,10,"Pre-Bologna training","Older side"
"R_8KCJkvh4Au1lrGW",29,"E. Secundaria",5,"0","10","3",0.666666666666667,0.154440895111986,"Secondary teachers",39,-10,"Bologna-era training","Younger side"
"R_8t36gIKlkBXX7Ie",47,"E. Secundaria",10,"1","3","3",0.333333333333333,-0.201137347010825,"Secondary teachers",39,8,"Pre-Bologna training","Older side"
"R_2Lhd2U1UObw5hSh",52,"E. Primaria",25,"1","4","3",0.777777777777778,0.244414783916848,"Primary teachers",34,18,"Pre-Bologna training","Older side"
"R_8b2bIEpkXW5Sq0Y",39,"E. Primaria",17,"1","1","3",0.444444444444444,-0.0681974372699749,"Primary teachers",34,5,"Pre-Bologna training","Older side"
"R_24wxE1uHUPP0YGe",25,"E. Secundaria",1,"0","3","2",0.666666666666667,0.161167148945449,"Secondary teachers",39,-14,"Bologna-era training","Younger side"
"R_8JyggYHCD7vFXVU",27,"E. Secundaria",5,"1","7","3",0.777777777777778,0.244419097361965,"Secondary teachers",39,-12,"Bologna-era training","Younger side"
"R_2wmNFtHJMXcKkqz",47,"E. Primaria",23,"1","10","2",0.5,0.0461885855121373,"Primary teachers",34,13,"Pre-Bologna training","Older side"
"R_2KI9gnmAVh3oJZc",47,"E. Secundaria",6,"0","5","3",0.333333333333333,-0.179647295413141,"Secondary teachers",39,8,"Pre-Bologna training","Older side"
"R_2DdKQygw2fkRNJQ",54,"E. Primaria",26,"0","1","1",0.444444444444444,-0.0899548277306198,"Primary teachers",34,20,"Pre-Bologna training","Older side"
"R_8iUS3K0W6kHwEew",37,"E. Primaria",14,"0","4","1",0.555555555555556,0.0329134660921206,"Primary teachers",34,3,"Pre-Bologna training","Older side"
"R_2pP7bhHQ8i04Vt7",61,"E. Secundaria",19,"0","3","3",0.666666666666667,0.154440895111986,"Secondary teachers",39,22,"Pre-Bologna training","Older side"
"R_2VxyILEf5l4Lvzf",55,"E. Secundaria",27,"1","5","1",0.444444444444444,-0.0785515020607456,"Secondary teachers",39,16,"Pre-Bologna training","Older side"
"R_2cC2LHZQPnWkOZ3",42,"E. Primaria",10,"1","7","2",0.444444444444444,0.0218187913941409,"Primary teachers",34,8,"Pre-Bologna training","Older side"
"R_2qWm1a4axqBHyUn",39,"E. Primaria",15,"0","1","3",0,-0.422320212446887,"Primary teachers",34,5,"Pre-Bologna training","Older side"
"R_234pkDsmIbr41f7",49,"E. Primaria",28,"1","8","3",0,-0.464443997933322,"Primary teachers",34,15,"Pre-Bologna training","Older side"
"R_2Ua7dVvvxoCgvVI",45,"E. Primaria",23,"1","4","3",0.666666666666667,0.132959675557715,"Primary teachers",34,11,"Pre-Bologna training","Older side"
"R_8HMrC3PTUmsU3uf",48,"E. Primaria",24,"0","6","2",0.5,0.0365059713703541,"Primary teachers",34,14,"Pre-Bologna training","Older side"
"R_8rZhDtXVYrfReUo",41,"E. Secundaria",17,"1","10","2",0.555555555555556,0.0329123427364325,"Secondary teachers",39,2,"Pre-Bologna training","Older side"
"R_2H6TlmJOcTiN2Fu",45,"E. Secundaria",22,"0","7","3",0.444444444444444,0.0322446688571103,"Secondary teachers",39,6,"Pre-Bologna training","Older side"
"R_89pi5XPl0C3Iibf",30,"E. Primaria",4,"0","8","1",0.625,0.269621863944791,"Primary teachers",34,-4,"Bologna-era training","Younger side"
"R_2n7vUJkXUGlvuIs",50,"E. Primaria",12,"1","2","3",0.333333333333333,-0.0896395419391924,"Primary teachers",34,16,"Pre-Bologna training","Older side"
"R_2nkqKnBoZeddHOR",40,"E. Primaria",18,"0","10","3",0.555555555555556,0.133277124727474,"Primary teachers",34,6,"Pre-Bologna training","Older side"
"R_2Id8IqYad4ZYKch",44,"E. Primaria",18,"1","10","1",0.111111111111111,-0.424334215843736,"Primary teachers",34,10,"Pre-Bologna training","Older side"
"R_89i2e5Wq0QNk62d",36,"E. Primaria",6,"0","3","2",0.444444444444444,-0.060368510298339,"Primary teachers",34,2,"Pre-Bologna training","Older side"
"R_8PpgMhjTHX3pQCS",28,"E. Primaria",5,"1","5","3",0.444444444444444,-0.0785515020607456,"Primary teachers",34,-6,"Bologna-era training","Younger side"
"R_8dhA0gD2Dy59IGJ",38,"E. Primaria",15,"1","8","3",0.333333333333333,-0.201137347010825,"Primary teachers",34,4,"Pre-Bologna training","Older side"
"R_8Cg8cMr8ASzAHtJ",52,"E. Primaria",31,NA,"9","3",0.555555555555556,0.133546911759368,"Primary teachers",34,18,"Pre-Bologna training","Older side"
"R_8ripI5y2SPndK2R",52,"E. Primaria",31,"0","3","3",0.75,0.295387576902378,"Primary teachers",34,18,"Pre-Bologna training","Older side"
"R_2HviRCYi7OlIa6r",28,"E. Secundaria",2,"1","8","2",0.555555555555556,0.0446747346111918,"Secondary teachers",39,-11,"Bologna-era training","Younger side"
"R_2uXNakO4cAL3S1z",45,"E. Primaria",21,"1","9","3",0.625,0.169992007282124,"Primary teachers",34,11,"Pre-Bologna training","Older side"
"R_2QDjpwfvlEnPoUz",54,"E. Secundaria",20,"1","4","3",0.777777777777778,0.265890759610631,"Secondary teachers",39,15,"Pre-Bologna training","Older side"
"R_8VgtRrsSqp6TrMr",56,"E. Secundaria",30,"0","10","1",0.625,0.161897820900135,"Secondary teachers",39,17,"Pre-Bologna training","Older side"
"R_8DuTrVlYvsbX4j2",50,"E. Primaria",23,"1","1","3",0.111111111111111,-0.424334215843736,"Primary teachers",34,16,"Pre-Bologna training","Older side"
"R_2oKEHRJh9ANa1tB",34,"E. Secundaria",7,"0","9","2",0.666666666666667,0.144377310889299,"Secondary teachers",39,-5,"Bologna-era training","Younger side"
"R_2WN25BpLolWbFDr",45,"E. Primaria",18,"1","7","1",0.444444444444444,-0.0617848690777509,"Primary teachers",34,11,"Pre-Bologna training","Older side"
"R_8q32lyxd0HL8zOa",41,"E. Secundaria",5,"1","6","3",0.375,-0.0807991398812625,"Secondary teachers",39,2,"Pre-Bologna training","Older side"
"R_2M6XpZaMoTxq7jy",37,"E. Primaria",10,"1","1","3",0.375,-0.0888846536296459,"Primary teachers",34,3,"Pre-Bologna training","Older side"
"R_2EhjCX1uBLkfqZQ",52,"E. Secundaria",25,"1","8","3",0,-0.524133462428291,"Secondary teachers",39,13,"Pre-Bologna training","Older side"
"R_84AXXXy4HCq5xDz",28,"E. Secundaria",2,"0","1","1",0.333333333333333,-0.0792191759400678,"Secondary teachers",39,-11,"Bologna-era training","Younger side"
"R_8sohIMcY4MjZrrP",55,"E. Primaria",30,"1","1","1",0.444444444444444,-0.060368510298339,"Primary teachers",34,21,"Pre-Bologna training","Older side"
"R_24MY8elpp3Gl0pH",26,"E. Primaria",3,"1","8","2",0.777777777777778,0.272641368262806,"Primary teachers",34,-8,"Bologna-era training","Younger side"
"R_8dbP9YivUN57adn",29,"E. Secundaria",6,"1","2","2",0.777777777777778,0.272641368262806,"Secondary teachers",39,-10,"Bologna-era training","Younger side"
"R_8D7s8xHbaTO7pKQ",43,"E. Secundaria",18,"1","4","3",0.555555555555556,0.0217771562775096,"Secondary teachers",39,4,"Pre-Bologna training","Older side"
"R_2qgqdP3XFul8AC9",29,"E. Secundaria",4,"0","7","1",0.428571428571429,0.0199620208977385,"Secondary teachers",39,-10,"Bologna-era training","Younger side"
"R_210PdrCuOHw9joy",30,"E. Primaria",1,"1","4","2",0.5,0.044595181885299,"Primary teachers",34,-4,"Bologna-era training","Younger side"
"R_8aqBtZrtb4NBHpL",60,"E. Primaria",36,"1","2","2",0.555555555555556,0.0329134660921206,"Primary teachers",34,26,"Pre-Bologna training","Older side"
"R_8yKEbtl1g8gbU6l",28,"E. Primaria",4,"1","4","3",0.285714285714286,-0.122991908641557,"Primary teachers",34,-6,"Bologna-era training","Younger side"
"R_2BgO30lG3pzdra8",48,"E. Secundaria",22,NA,"1","2",0.444444444444444,-0.0684619480700268,"Secondary teachers",39,9,"Pre-Bologna training","Older side"
"R_2hsdpIOAC3E7LCp",57,"E. Primaria",25,"1","4","2",0.444444444444444,0.0232351501735528,"Primary teachers",34,23,"Pre-Bologna training","Older side"
"R_8tr27a7CFu2P5Xb",44,"E. Secundaria",7,"1","3","1",0.444444444444444,0.0232351501735528,"Secondary teachers",39,5,"Pre-Bologna training","Older side"
"R_8QbDFda5HJ8CZUt",51,"E. Primaria",7,"0","9","1",0.75,0.295387576902378,"Primary teachers",34,17,"Pre-Bologna training","Older side"
"R_22J6J9M2rS7bY1a",40,"E. Secundaria",4,"1","3","1",0.777777777777778,0.366625103908346,"Secondary teachers",39,1,"Pre-Bologna training","Older side"
"R_8Ll9VJi0cRWUdgZ",53,"E. Primaria",30,"1","2","1",0.375,-0.0792057362544242,"Primary teachers",34,19,"Pre-Bologna training","Older side"
"R_8KzkEXo1bmbzwJj",53,"E. Primaria",24,"0","1","2",0.555555555555556,0.0314971073127088,"Primary teachers",34,19,"Pre-Bologna training","Older side"
"R_8MJXYzZXJ4t4nfw",34,"E. Primaria",1,"1","4","1",0.25,-0.214278975396207,"Primary teachers",34,0,"Bologna-era training","Younger side"
"R_2g9wel96wEEuyit",47,"E. Secundaria",17,"1","5","3",0.555555555555556,0.0444053111511112,"Secondary teachers",39,8,"Pre-Bologna training","Older side"
"R_2M4Z3bRVf6KnJW1",52,"E. Primaria",28,"1","4","1",0.444444444444444,-0.060368510298339,"Primary teachers",34,18,"Pre-Bologna training","Older side"
"R_2MS8zcpZfeqYetj",59,"E. Secundaria",34,"1","1","1",0.444444444444444,0.0218187913941409,"Secondary teachers",39,20,"Pre-Bologna training","Older side"
"R_8ilYMZHp8cmGOSy",59,"E. Primaria",29,"1","3","3",0,-0.536936964264823,"Primary teachers",34,25,"Pre-Bologna training","Older side"
"R_80qkw4UrWFoP5go",37,"E. Primaria",12,"1","6","1",0.666666666666667,0.155855175649756,"Primary teachers",34,3,"Pre-Bologna training","Older side"
"R_2CH1YZVw70gpErd",46,"E. Primaria",17,"1","2","2",0.666666666666667,0.144377310889299,"Primary teachers",34,12,"Pre-Bologna training","Older side"
"R_8Zc7gTm0oVpSW7T",32,"E. Primaria",3,"1","1","2",0.75,0.296980980529216,"Primary teachers",34,-2,"Bologna-era training","Younger side"
"R_2tD8xvWqKWSj9e1",52,"E. Secundaria",4,"1","2","2",0.666666666666667,0.154438816870344,"Secondary teachers",39,13,"Pre-Bologna training","Older side"
"R_2Myx3QeluORXwEq",42,"E. Primaria",17,"1","9","1",0.444444444444444,0.0322457922127985,"Primary teachers",34,8,"Pre-Bologna training","Older side"
"R_8YuePvWaQxCV8nT",42,"E. Primaria",24,"1","5","1",0.444444444444444,-0.0799678608401575,"Primary teachers",34,8,"Pre-Bologna training","Older side"
"R_27BhgWLvmiX5z48",32,"E. Primaria",9,"1","2","1",0.444444444444444,0.0322457922127985,"Primary teachers",34,-2,"Bologna-era training","Younger side"
"R_2zGd05EM58dUqP4",44,"E. Secundaria",2,"1","8","2",0.444444444444444,-0.067045589290615,"Secondary teachers",39,5,"Pre-Bologna training","Older side"
"R_8KUmneYm0xUI5ep",28,"E. Primaria",4,"1","3","1",0.375,-0.0888846536296459,"Primary teachers",34,-6,"Bologna-era training","Younger side"
"R_2PnK0vGElNPDQV6",57,"E. Primaria",33,"0","8","3",0.222222222222222,-0.199679359833349,"Primary teachers",34,23,"Pre-Bologna training","Older side"
"R_8aLalQPQJdvdb2d",42,"E. Primaria",13,"0","8","1",0.444444444444444,-0.0899548277306198,"Primary teachers",34,8,"Pre-Bologna training","Older side"
"R_2P0E8TEueN09VAw",56,"E. Primaria",33,"1","5","2",0.5,0.0445976855155629,"Primary teachers",34,22,"Pre-Bologna training","Older side"
"R_82Lp1wb8VDOTaUH",42,"E. Primaria",20,"1","5","2",0.666666666666667,0.161167148945449,"Primary teachers",34,8,"Pre-Bologna training","Older side"
"R_2p43xdy4Y2d7JSM",52,"E. Secundaria",26,"1","1","2",0.444444444444444,-0.0913711865100316,"Secondary teachers",39,13,"Pre-Bologna training","Older side"
"R_8dyh5FV3rKrnvZz",57,"E. Primaria",27,"1","10","1",0.428571428571429,0.0199620208977385,"Primary teachers",34,23,"Pre-Bologna training","Older side"
"R_8dnBLB1MmhW8iFg",38,"E. Secundaria",8,"1","9","1",0.625,0.269621863944791,"Secondary teachers",39,-1,"Bologna-era training","Younger side"
"R_2YMuc1qTUvsE3U8",46,"E. Primaria",25,"0","3","3",0.666666666666667,0.132959675557715,"Primary teachers",34,12,"Pre-Bologna training","Older side"
"R_29oEcJyiyCXHje4",33,"E. Secundaria",4,"0","6","3",0.666666666666667,0.246149660180454,"Secondary teachers",39,-6,"Bologna-era training","Younger side"
"R_82lJDHHu9Ny9S9W",38,"E. Primaria",15,"1","2","3",0.625,0.269621863944791,"Primary teachers",34,4,"Pre-Bologna training","Older side"
"R_896Ng05Sr7FT2I1",32,"E. Secundaria",2,"0","2","3",0.666666666666667,0.142960952109887,"Secondary teachers",39,-7,"Bologna-era training","Younger side"
"R_26W5nrMhxBSC5BT",23,"E. Primaria",1,"1","7","1",0.5,0.0365059713703541,"Primary teachers",34,-11,"Bologna-era training","Younger side"
"R_2lc8M31nrpVvH4R",60,"E. Secundaria",35,"0","10","2",0.888888888888889,0.378755953243133,"Secondary teachers",39,21,"Pre-Bologna training","Older side"
"R_2S7eNkUlEnw1yA5",38,"E. Primaria",1,"1","6","1",0.666666666666667,0.131543316778303,"Primary teachers",34,4,"Pre-Bologna training","Older side"
"R_8p3Aa9dJc1kMTN3",33,"E. Primaria",1,"1","10","3",0.333333333333333,-0.202557576151706,"Primary teachers",34,-1,"Bologna-era training","Younger side"
"R_2tmatTCdytFzeal",53,"E. Primaria",30,"1","4","1",0.444444444444444,-0.060368510298339,"Primary teachers",34,19,"Pre-Bologna training","Older side"
"R_8ReakIHBygJpRcF",24,"E. Primaria",1,"1","5","2",0,-0.524133462428291,"Primary teachers",34,-10,"Bologna-era training","Younger side"
"R_2KFWYPvFCzQ5Dhv",56,"E. Primaria",31,"0","7","3",0.571428571428571,0.163265601045703,"Primary teachers",34,22,"Pre-Bologna training","Older side"
"R_8zkAuzCMSzhLrtu",62,"E. Primaria",35,"1","3","3",0.5,0.044595181885299,"Primary teachers",34,28,"Pre-Bologna training","Older side"
"R_8BRuQsLJvDWRqTC",55,"E. Secundaria",24,"0","8","1",0.714285714285714,0.306569172474275,"Secondary teachers",39,16,"Pre-Bologna training","Older side"
"R_2nDPTsNh8vaWqfn",37,"E. Secundaria",2,"1","2","3",0.666666666666667,0.154440895111986,"Secondary teachers",39,-2,"Bologna-era training","Younger side"
"R_26w1McmKhmbkiIh",43,"E. Primaria",20,"1","4","1",0.111111111111111,-0.301862212341168,"Primary teachers",34,9,"Pre-Bologna training","Older side"
"R_8P10nHYC71BaRV6",49,"E. Secundaria",20,"0","7","2",0.666666666666667,0.131543316778303,"Secondary teachers",39,10,"Pre-Bologna training","Older side"
"R_8psACdJjHIRdKTH",47,"E. Primaria",23,"1","2","2",0.777777777777778,0.244414783916848,"Primary teachers",34,13,"Pre-Bologna training","Older side"
"R_2PvszL33Cay4G5C",44,"E. Primaria",12,"1","3","3",0.666666666666667,0.246149660180454,"Primary teachers",34,10,"Pre-Bologna training","Older side"
"R_8Gezly8oSSrHsNk",51,"E. Primaria",20,"1","8","2",0.333333333333333,-0.190018738527982,"Primary teachers",34,17,"Pre-Bologna training","Older side"
"R_805W3iORjMm2Mlb",36,"E. Primaria",14,"1","1","1",0.5,0.0461885855121373,"Primary teachers",34,2,"Pre-Bologna training","Older side"
"R_8KvL5ZsWHzQV7Q5",54,"E. Secundaria",28,"0","10","1",0.75,0.296980980529216,"Secondary teachers",39,15,"Pre-Bologna training","Older side"
"R_2mftf8CQmeb7svm",60,"E. Secundaria",38,"1","10","2",0.666666666666667,0.162583507724861,"Secondary teachers",39,21,"Pre-Bologna training","Older side"
"R_8WwzOEM3qSspJa1",46,"E. Secundaria",23,"1","5","3",0.444444444444444,-0.0617848690777509,"Secondary teachers",39,7,"Pre-Bologna training","Older side"
"R_2j8qUirVisChXXK",34,"E. Primaria",1,"1","4","3",0.666666666666667,0.142960952109887,"Primary teachers",34,0,"Bologna-era training","Younger side"
"R_77majm1wBejKZJ5",47,"E. Primaria",26,"1","4","2",0.428571428571429,0.0199634203603449,"Primary teachers",34,13,"Pre-Bologna training","Older side"
"R_8o6XI2eqoHc8zuu",51,"E. Primaria",20,"1","7","1",0.375,-0.0792057362544242,"Primary teachers",34,17,"Pre-Bologna training","Older side"
"R_23vbztXg5ouG9j3",52,"E. Primaria",24,"1","9","2",0.5,0.0461910891424012,"Primary teachers",34,18,"Pre-Bologna training","Older side"
"R_2PgRWCvauHJSpsB",42,"E. Primaria",20,"1","9","2",0.333333333333333,-0.0882231831597806,"Primary teachers",34,8,"Pre-Bologna training","Older side"
"R_8MyfI9EuMF4rhgm",36,"E. Secundaria",6,"0","2","1",0.5,0.0445976855155629,"Secondary teachers",39,-3,"Bologna-era training","Younger side"
"R_2T0ydaCYIrDctyN",43,"E. Secundaria",20,"1","6","3",0.444444444444444,-0.067045589290615,"Secondary teachers",39,4,"Pre-Bologna training","Older side"
"R_8GvkcO56DrqR9Sz",44,"E. Primaria",20,"1","3","1",0.714285714285714,0.306569172474275,"Primary teachers",34,10,"Pre-Bologna training","Older side"
"R_8ogKdtesJIjXR9K",24,"E. Primaria",1,"1","9","2",0.666666666666667,0.154440895111986,"Primary teachers",34,-10,"Bologna-era training","Younger side"
"R_8EQHjoSH17mhv8I",51,"E. Primaria",25,"1","1","1",0.666666666666667,0.162583507724861,"Primary teachers",34,17,"Pre-Bologna training","Older side"
"R_2md2ioFUr2RLxMl",58,"E. Primaria",33,NA,"8","1",0.333333333333333,-0.0792191759400678,"Primary teachers",34,24,"Pre-Bologna training","Older side"
"R_8v61izkDSszueLT",50,"E. Secundaria",20,"0","6","2",0.444444444444444,0.0232351501735528,"Secondary teachers",39,11,"Pre-Bologna training","Older side"
"R_8MEUJzUfVOGgH6k",46,"E. Primaria",24,"1","3","1",0.333333333333333,-0.202828438154199,"Primary teachers",34,12,"Pre-Bologna training","Older side"
"R_8tImprX6yQvduHD",48,"E. Primaria",24,"0","5","3",0.125,-0.231960454151577,"Primary teachers",34,14,"Pre-Bologna training","Older side"
"R_2jCXvgb4sEKFack",51,"E. Secundaria",4,"1","2","1",0.5,0.0461910891424012,"Secondary teachers",39,12,"Pre-Bologna training","Older side"
"R_3ZA0DT5yVykZgJj",44,"E. Primaria",22,"0","5","3",0.444444444444444,-0.0785515020607456,"Primary teachers",34,10,"Pre-Bologna training","Older side"
"R_6QENQ4mezo8STcl",50,"E. Primaria",15,"1","2","3",0.333333333333333,-0.191435097307394,"Primary teachers",34,16,"Pre-Bologna training","Older side"
"R_8vvEKN6FOF7SPO9",41,"E. Primaria",15,"0","6","3",0.5,0.0461910891424012,"Primary teachers",34,7,"Pre-Bologna training","Older side"
"R_7pFkN9N0RbneJFN",45,"E. Secundaria",18,"0","9","1",0.222222222222222,-0.302624878619126,"Secondary teachers",39,6,"Pre-Bologna training","Older side"
"R_24MNa5RV9b10my2",37,"E. Secundaria",20,"0","2","1",0.333333333333333,-0.0879495257664182,"Secondary teachers",39,-2,"Bologna-era training","Younger side"
"R_2o531ZftSW572oR",39,"E. Primaria",14,"1","9","1",0.444444444444444,0.0232351501735528,"Primary teachers",34,5,"Pre-Bologna training","Older side"
"R_2rDQ5VuoItDrTJi",44,"E. Secundaria",13,"0","3","2",0.666666666666667,0.154440895111986,"Secondary teachers",39,5,"Pre-Bologna training","Older side"
"R_2sU4Cp0gk7VQIzD",49,"E. Secundaria",14,"1","7","3",0.666666666666667,0.154440895111986,"Secondary teachers",39,10,"Pre-Bologna training","Older side"
"R_1PRdtmcSsjdvZK1",50,"E. Primaria",23,"1","5","2",0.714285714285714,0.306569172474275,"Primary teachers",34,16,"Pre-Bologna training","Older side"
"R_2lAVViFrAFx3ND4",46,"E. Secundaria",5,"1","5","1",0.444444444444444,0.0325198985634908,"Secondary teachers",39,7,"Pre-Bologna training","Older side"
"R_1flTxwno6JZ1nqO",51,"E. Secundaria",1,"0","4","1",0.625,0.269621863944791,"Secondary teachers",39,12,"Pre-Bologna training","Older side"
"R_5v8EI6IUXO7MWJ2",50,"E. Secundaria",23,"1","6","1",0.111111111111111,-0.401398290615793,"Secondary teachers",39,11,"Pre-Bologna training","Older side"
"R_8V4MPLoGr1erzKV",46,"E. Secundaria",4,"1","6","1",0.777777777777778,0.242998425137437,"Secondary teachers",39,7,"Pre-Bologna training","Older side"
"R_2QxGFlQjH9jNRVw",48,"E. Secundaria",22,"0","7","3",0.555555555555556,0.0314959839570207,"Secondary teachers",39,9,"Pre-Bologna training","Older side"
"R_8IdpxWZp2r2WSQN",31,"E. Secundaria",6,"0","5","2",0.428571428571429,0.0199620208977385,"Secondary teachers",39,-8,"Bologna-era training","Younger side"
"R_6KvX905lzWkjJp7",28,"E. Secundaria",5,"1","6","1",0.5,0.0445976855155629,"Secondary teachers",39,-11,"Bologna-era training","Younger side"
"R_8gVqqZqAlTaOP9D",51,"E. Primaria",25,"0","7","1",0,-0.423740441587768,"Primary teachers",34,17,"Pre-Bologna training","Older side"
"R_2F4UoTbh6PHv1hn",51,"E. Secundaria",20,"1","8","3",0.5,0.0365059713703541,"Secondary teachers",39,12,"Pre-Bologna training","Older side"
"R_2MTTSAkq4ZGQEeJ",49,"E. Secundaria",9,"0","2","3",0.111111111111111,-0.401398290615793,"Secondary teachers",39,10,"Pre-Bologna training","Older side"
"R_25uNL116TET5kZG",57,"E. Primaria",33,"0","7","2",0.777777777777778,0.244414783916848,"Primary teachers",34,23,"Pre-Bologna training","Older side"
"R_1xPH5cS30k3BfKP",36,"E. Secundaria",2,"1","2","2",0,-0.507398702320959,"Secondary teachers",39,-3,"Bologna-era training","Younger side"
"R_8oHdRxTi39aZynv",26,"E. Secundaria",2,"0","3","1",0.666666666666667,0.144377310889299,"Secondary teachers",39,-13,"Bologna-era training","Younger side"
"R_6YpsG08fMt9ZQpH",48,"E. Secundaria",19,"1","3","3",0.555555555555556,0.0215002806285133,"Secondary teachers",39,9,"Pre-Bologna training","Older side"
"R_2cZjzXusDRLndKZ",52,"E. Secundaria",25,"0","9","3",0.555555555555556,0.0444053111511112,"Secondary teachers",39,13,"Pre-Bologna training","Older side"
"R_6zhxGHu18uIllP4",37,"E. Secundaria",5,"1","5","2",0.555555555555556,0.134693483506886,"Secondary teachers",39,-2,"Bologna-era training","Younger side"
"R_3I5LKpMrmf5Cr2E",45,"E. Primaria",24,"1","7","2",0.444444444444444,-0.0617848690777509,"Primary teachers",34,11,"Pre-Bologna training","Older side"
"R_85ppJCxOxi6oYcp",49,"E. Secundaria",24,"0","1","1",0.375,-0.0885743628198772,"Secondary teachers",39,10,"Pre-Bologna training","Older side"
"R_3Lh7DCEjju2frQs",51,"E. Secundaria",23,"0","9","2",0.333333333333333,-0.0792191759400678,"Secondary teachers",39,12,"Pre-Bologna training","Older side"
"R_8kvz8bAQgHseV3t",43,"E. Primaria",20,"1","4","3",0.666666666666667,0.132959675557715,"Primary teachers",34,9,"Pre-Bologna training","Older side"
"R_5CIteGvUDM7rFTb",46,"E. Primaria",23,"1","1","1",0.444444444444444,0.0218187913941409,"Primary teachers",34,12,"Pre-Bologna training","Older side"
"R_8e9dbBFO3qmx0jw",27,"E. Secundaria",2,"0","2","1",0.333333333333333,-0.178496489732341,"Secondary teachers",39,-12,"Bologna-era training","Younger side"
"R_6QAHb3Vp70ozO4F",40,"E. Secundaria",4,"1","10","1",0.444444444444444,-0.0799678608401575,"Secondary teachers",39,1,"Pre-Bologna training","Older side"
"R_8lsoEhbfJx6GGh4",45,"E. Secundaria",8,"1","6","2",0.555555555555556,0.134693483506886,"Secondary teachers",39,6,"Pre-Bologna training","Older side"
"R_2yshDDmJkWRLYaL",47,"E. Primaria",23,"1","8","1",0.5,0.0461910891424012,"Primary teachers",34,13,"Pre-Bologna training","Older side"
"R_3iJzyzMyVCLNn0l",26,"E. Primaria",2,"1","2","1",0,-0.413048601982842,"Primary teachers",34,-8,"Bologna-era training","Younger side"
"R_5KxmuKPa66mNZ6L",53,"E. Secundaria",27,"1","1","3",0.666666666666667,0.154440895111986,"Secondary teachers",39,14,"Pre-Bologna training","Older side"
"R_2qkK2361RnWvG5H",59,"E. Secundaria",29,"1","1","3",0.444444444444444,-0.0617848690777509,"Secondary teachers",39,20,"Pre-Bologna training","Older side"
"R_6DbxrECrtnsMCZc",47,"E. Secundaria",12,"1","3","2",0.444444444444444,0.0232351501735528,"Secondary teachers",39,8,"Pre-Bologna training","Older side"
"R_82RjsdSS6hf0Uwm",57,"E. Primaria",30,"1","4","2",0.625,0.169992007282124,"Primary teachers",34,23,"Pre-Bologna training","Older side"
"R_2qUFYE6hVGDLM6w",46,"E. Primaria",24,"1","10","1",0,-0.45507596183147,"Primary teachers",34,12,"Pre-Bologna training","Older side"
"R_2cBBwbJuPmXNFYZ",55,"E. Primaria",26,"0","2","3",0.666666666666667,0.161167148945449,"Primary teachers",34,21,"Pre-Bologna training","Older side"
"R_2RWcvZDABK6PFGw",48,"E. Primaria",20,"1","9","1",0.666666666666667,0.154440895111986,"Primary teachers",34,14,"Pre-Bologna training","Older side"
"R_8Pc1htjvxgBZSjh",48,"E. Primaria",18,"0","2","3",0.5,0.0365071959001347,"Primary teachers",34,14,"Pre-Bologna training","Older side"
"R_8dZ55q9UhvA2HGX",44,"E. Secundaria",18,"0","8","2",0.444444444444444,-0.0899548277306198,"Secondary teachers",39,5,"Pre-Bologna training","Older side"
"R_2zo88r5GCi4MFNN",47,"E. Primaria",20,"1","6","1",0.444444444444444,-0.0785526254164337,"Primary teachers",34,13,"Pre-Bologna training","Older side"
"R_8hIkt5z33e8LSOl",25,"E. Primaria",1,"1","2","3",0.5,0.144227542178229,"Primary teachers",34,-9,"Bologna-era training","Younger side"
"R_846iyTAcDoeFYvY",37,"E. Secundaria",6,"1","3","3",0.333333333333333,-0.202557576151706,"Secondary teachers",39,-2,"Bologna-era training","Younger side"
"R_20VcV7Hvrjh6Jl7",43,"E. Secundaria",15,"0","9","2",0.444444444444444,0.0322457922127985,"Secondary teachers",39,4,"Pre-Bologna training","Older side"
"R_8Egb3kKsapq11vJ",47,"E. Secundaria",20,"1","10","1",0.333333333333333,-0.173259088395107,"Secondary teachers",39,8,"Pre-Bologna training","Older side"
"R_2mFokCyjAgHNkWz",60,"E. Secundaria",25,"1","3","1",0,-0.456673719614961,"Secondary teachers",39,21,"Pre-Bologna training","Older side"
"R_20wn7WYrSGVt2Za",34,"E. Secundaria",4,"1","3","1",0.444444444444444,0.0232351501735528,"Secondary teachers",39,-5,"Bologna-era training","Younger side"
"R_2geqff8Fds3pbQB",53,"E. Secundaria",27,"1","2","1",0.555555555555556,0.0317745624682127,"Secondary teachers",39,14,"Pre-Bologna training","Older side"
"R_8qGbOZhi0LRkrm1",46,"E. Secundaria",3,"1","7","3",0.444444444444444,-0.067045589290615,"Secondary teachers",39,7,"Pre-Bologna training","Older side"
"R_8i5s8VHtXN4A1RK",53,"E. Primaria",24,"1","2","3",0.777777777777778,0.274351815949146,"Primary teachers",34,19,"Pre-Bologna training","Older side"
"R_5TWQ9x9o4S2n5Lq",26,"E. Primaria",4,"0","6","1",0.625,0.171585410908963,"Primary teachers",34,-8,"Bologna-era training","Younger side"
"R_8hsSqmzn6Zt2ja5",40,"E. Secundaria",8,"1","5","1",0.444444444444444,-0.0899548277306198,"Secondary teachers",39,1,"Pre-Bologna training","Older side"
"R_8334rlDMELaECt9",49,"E. Secundaria",16,"0","4","3",0.222222222222222,-0.291099238153427,"Secondary teachers",39,10,"Pre-Bologna training","Older side"
"R_8qrqyWoqog3E45q",44,"E. Secundaria",2,"1","9","3",0.333333333333333,-0.191154250481832,"Secondary teachers",39,5,"Pre-Bologna training","Older side"
"R_82Esra3tlpwcBlR",62,"E. Secundaria",35,"1","7","2",0.5,0.0365059713703541,"Secondary teachers",39,23,"Pre-Bologna training","Older side"
"R_8MS23dqdv5cp73z",48,"E. Primaria",25,"0","3","3",0.666666666666667,0.246149660180454,"Primary teachers",34,14,"Pre-Bologna training","Older side"
"R_8H6jbbAgDyI4BfX",55,"E. Secundaria",27,"1","1","1",0.333333333333333,-0.189734021340951,"Secondary teachers",39,16,"Pre-Bologna training","Older side"
"R_2OJb7ftmZoCZb8p",48,"E. Secundaria",23,"1","9","1",0,-0.525553691569171,"Secondary teachers",39,9,"Pre-Bologna training","Older side"
"R_2pQaTC50QgHbqJm",38,"E. Primaria",8,"1","4","1",0.375,-0.0807991398812625,"Primary teachers",34,4,"Pre-Bologna training","Older side"
"R_6IrDWTYIAFDFw4h",49,"E. Secundaria",20,"1","6","3",0.125,-0.329680392211217,"Secondary teachers",39,10,"Pre-Bologna training","Older side"
"R_8ciqbQGag8XP2q5",48,"E. Secundaria",23,"0","1","2",0.5,0.0461910891424012,"Secondary teachers",39,9,"Pre-Bologna training","Older side"
"R_8ktFVOurcGuZEkZ",50,"E. Primaria",28,"1","5","2",0.333333333333333,-0.0792191759400678,"Primary teachers",34,16,"Pre-Bologna training","Older side"
"R_2Ua7ozOxGxez2sX",49,"E. Primaria",18,"1","1","2",0.444444444444444,0.0218187913941409,"Primary teachers",34,15,"Pre-Bologna training","Older side"
"R_2rqIiE4lizi7ffR",49,"E. Primaria",20,"1","4","1",0.555555555555556,0.0429879164286182,"Primary teachers",34,15,"Pre-Bologna training","Older side"
"R_3doRJ4898pm4eUG",60,"E. Primaria",30,"1","10","1",0.666666666666667,0.131543316778303,"Primary teachers",34,26,"Pre-Bologna training","Older side"
"R_2Dvi2gAOLHIupny",48,"E. Primaria",24,"1","1","3",0.25,-0.213660268067072,"Primary teachers",34,14,"Pre-Bologna training","Older side"
"R_8jGLy9Tlv3vuAxz",52,"E. Secundaria",6,"0","6","3",0.111111111111111,-0.414367301927497,"Secondary teachers",39,13,"Pre-Bologna training","Older side"
"R_7zLQPOEtOQpg3U3",44,"E. Secundaria",9,"1","6","3",0.111111111111111,-0.402550138595153,"Secondary teachers",39,5,"Pre-Bologna training","Older side"
"R_694VJ5hTG2Z5GLo",25,"E. Secundaria",1,"1","10","2",0.625,0.169992007282124,"Secondary teachers",39,-14,"Bologna-era training","Younger side"
"R_5UvvpsuoYyUgOJz",49,"E. Primaria",13,"0","4","1",0.444444444444444,-0.0617848690777509,"Primary teachers",34,15,"Pre-Bologna training","Older side"
"R_8ypcrZCasT0XciW",40,"E. Secundaria",17,"1","8","3",0.666666666666667,0.244733301401042,"Secondary teachers",39,1,"Pre-Bologna training","Older side"
"R_7wComRtacuQiIJb",32,"E. Secundaria",5,"1","2","3",0.5,0.0365059713703541,"Secondary teachers",39,-7,"Bologna-era training","Younger side"
"R_8lAyIM7cK79txUl",50,"E. Secundaria",24,NA,"10","1",0.555555555555556,0.143710739237137,"Secondary teachers",39,11,"Pre-Bologna training","Older side"
"R_2jrIaFLPOdTYcCZ",55,"E. Secundaria",32,"1","2","1",0.444444444444444,-0.091376595271793,"Secondary teachers",39,16,"Pre-Bologna training","Older side"
"R_3PjQ0JrsS1TXmOB",44,"E. Secundaria",21,"1","3","1",0.375,0.0188307167814037,"Secondary teachers",39,5,"Pre-Bologna training","Older side"
"R_2p3EUKad6NK3Ol4",47,"E. Primaria",24,"0","9","1",0.375,-0.0885743628198772,"Primary teachers",34,13,"Pre-Bologna training","Older side"
"R_5SbEOSj0AVrMdlT",33,"E. Secundaria",4,"1","7","3",0.5,0.0365059713703541,"Secondary teachers",39,-6,"Bologna-era training","Younger side"
"R_8ovGundAfjsaRTV",42,"E. Primaria",17,"1","1","2",0.777777777777778,0.244414783916848,"Primary teachers",34,8,"Pre-Bologna training","Older side"
"R_8giv57w0AvblOGQ",37,"E. Secundaria",7,"1","5","3",0.666666666666667,0.154438816870344,"Secondary teachers",39,-2,"Bologna-era training","Younger side"
"R_2KvQrEpAsCPqF24",24,"E. Secundaria",1,"0","7","3",0.666666666666667,0.144377310889299,"Secondary teachers",39,-15,"Bologna-era training","Younger side"
"R_2k1c9Kf4WnKFoYV",45,"E. Primaria",20,"1","6","2",0.444444444444444,-0.0600768102611881,"Primary teachers",34,11,"Pre-Bologna training","Older side"
"R_8PuIK7hF9pJrsnO",43,"E. Secundaria",15,"1","7","3",0.666666666666667,0.132959675557715,"Secondary teachers",39,4,"Pre-Bologna training","Older side"
"R_81NKCB3w14zEWh6",54,"E. Secundaria",25,"0","9","2",0.555555555555556,0.143705214017048,"Secondary teachers",39,15,"Pre-Bologna training","Older side"
"R_2JaZy0TbylAEwnV",31,"E. Secundaria",5,"1","9","2",0.555555555555556,0.0314971073127088,"Secondary teachers",39,-8,"Bologna-era training","Younger side"
"R_3DM6nVaQFH1BAT1",29,"E. Secundaria",2,"1","3","1",0.666666666666667,0.162583507724861,"Secondary teachers",39,-10,"Bologna-era training","Younger side"
"R_2d5mlTzyZmBGJej",40,"E. Secundaria",6,"0","5","3",0.444444444444444,0.0322457922127985,"Secondary teachers",39,1,"Pre-Bologna training","Older side"
"R_2Qugsi2peNtLnK4",47,"E. Secundaria",23,"1","7","2",0.5,0.144222566311184,"Secondary teachers",39,8,"Pre-Bologna training","Older side"
"R_2YrBNu1UdqsBibW",54,"E. Secundaria",25,"1","9","2",0,-0.40960327637477,"Secondary teachers",39,15,"Pre-Bologna training","Older side"
"R_7KwjOAr6K2EaLt6",43,"E. Secundaria",1,"1","9","2",0.555555555555556,0.0429889523716993,"Secondary teachers",39,4,"Pre-Bologna training","Older side"
"R_2QSQAAagPERALla",45,"E. Primaria",23,"1","7","1",0.333333333333333,-0.172971258719425,"Primary teachers",34,11,"Pre-Bologna training","Older side"
"R_2f8wYLRFryC1Lgy",42,"E. Secundaria",8,"1","4","2",0.444444444444444,0.0218187913941409,"Secondary teachers",39,3,"Pre-Bologna training","Older side"
"R_5rnYAdgtdHKTdeE",44,"E. Primaria",20,"1","4","1",0.444444444444444,0.0232351501735528,"Primary teachers",34,10,"Pre-Bologna training","Older side"
"R_808keznwv0Zosgo",48,"E. Secundaria",24,"1","4","1",0.666666666666667,0.131543316778303,"Secondary teachers",39,9,"Pre-Bologna training","Older side"
"R_5xRDeVpb5Lus37u",54,"E. Secundaria",27,"1","1","1",0.444444444444444,-0.0617848690777509,"Secondary teachers",39,15,"Pre-Bologna training","Older side"
"R_8QX9cjCkZjcA25D",59,"E. Secundaria",25,"1","10","1",0.222222222222222,-0.284738093361928,"Secondary teachers",39,20,"Pre-Bologna training","Older side"
"R_8h4NVXGIoklJkvv",48,"E. Secundaria",23,"1","6","3",0.777777777777778,0.265890759610631,"Secondary teachers",39,9,"Pre-Bologna training","Older side"
"R_8gNw24Rrp6XR3EW",36,"E. Primaria",4,"1","8","3",0,-0.45507596183147,"Primary teachers",34,2,"Pre-Bologna training","Older side"
"R_3wSNbgupGpnZNhD",38,"E. Primaria",11,"1","5","2",0.333333333333333,-0.0882231831597806,"Primary teachers",34,4,"Pre-Bologna training","Older side"
"R_2n3f9TQjg4tEGdI",40,"E. Secundaria",16,"1","4","1",0.428571428571429,0.0199620208977385,"Secondary teachers",39,1,"Pre-Bologna training","Older side"
"R_8s7EIWUsKMqoeZP",56,"E. Secundaria",26,"1","6","3",0.555555555555556,0.0200839218491015,"Secondary teachers",39,17,"Pre-Bologna training","Older side"
"R_3jW7filUmrVtLJD",39,"E. Primaria",10,"1","2","1",0.555555555555556,0.0200839218491015,"Primary teachers",34,5,"Pre-Bologna training","Older side"
"R_83dt56gR9OlFtn3",54,"E. Primaria",26,"0","6","3",0.375,-0.0807991398812625,"Primary teachers",34,20,"Pre-Bologna training","Older side"
"R_7SxJhyZQ1GGBkck",47,"E. Primaria",24,"1","3","1",0.111111111111111,-0.412950943148085,"Primary teachers",34,13,"Pre-Bologna training","Older side"
"R_2IpdDoSnOIruvMC",58,"E. Secundaria",33,"0","2","2",0.777777777777778,0.254425920262753,"Secondary teachers",39,19,"Pre-Bologna training","Older side"
"R_81aS3dEDBATYxBn",53,"E. Secundaria",26,"1","6","1",0.333333333333333,-0.0882231831597806,"Secondary teachers",39,14,"Pre-Bologna training","Older side"
"R_2YrGJIWzUwbiDYW",55,"E. Primaria",20,"1","2","2",0.375,-0.0792057362544242,"Primary teachers",34,21,"Pre-Bologna training","Older side"
"R_8KtbrCt5csTi4rn",39,"E. Primaria",8,"0","6","3",0.428571428571429,0.0199634203603449,"Primary teachers",34,5,"Pre-Bologna training","Older side"
"R_8OMLbjxvhk1bclP",36,"E. Primaria",12,"1","5","1",0.555555555555556,0.0200860651341359,"Primary teachers",34,2,"Pre-Bologna training","Older side"
"R_5sbROfWMhbd2Olj",29,"E. Primaria",5,"1","1","1",0.5,0.0365059713703541,"Primary teachers",34,-5,"Bologna-era training","Younger side"
"R_5oWMXbaILohOOQj",51,"E. Secundaria",18,"1","8","3",0.444444444444444,0.0218187913941409,"Secondary teachers",39,12,"Pre-Bologna training","Older side"
"R_5rPwltLasHcs55r",28,"E. Secundaria",2,"1","4","1",0.625,0.269621863944791,"Secondary teachers",39,-11,"Bologna-era training","Younger side"
"R_2R3kSqR18YyzZ5T",39,"E. Primaria",8,NA,"9","3",0.25,-0.397468574914937,"Primary teachers",34,5,"Pre-Bologna training","Older side"
"R_578R8T0BQPTzhVx",32,"E. Secundaria",7,"1","1","3",0.666666666666667,0.155857253891397,"Secondary teachers",39,-7,"Bologna-era training","Younger side"
"R_2C30mgb5c13MwuO",28,"E. Secundaria",5,"1","2","1",0.777777777777778,0.267307118390042,"Secondary teachers",39,-11,"Bologna-era training","Younger side"
"R_8gd1c5Dk1RgxlyE",45,"E. Secundaria",6,NA,"6","1",0.5,0.0445976855155629,"Secondary teachers",39,6,"Pre-Bologna training","Older side"
"R_21gqR8HkrY2NaEk",59,"E. Secundaria",35,"1","9","1",0,-0.295348497724453,"Secondary teachers",39,20,"Pre-Bologna training","Older side"
"R_7afYcID9DeUWE4J",47,"E. Primaria",25,"0","2","1",0.444444444444444,0.0232351501735528,"Primary teachers",34,13,"Pre-Bologna training","Older side"
"R_2YR4gRSjmsGjJ9D",46,"E. Primaria",20,"1","1","3",0.555555555555556,0.143709637009977,"Primary teachers",34,12,"Pre-Bologna training","Older side"
"R_2gLUTbejzazNnih",56,"E. Secundaria",27,"0","1","3",0.555555555555556,0.0314959839570207,"Secondary teachers",39,17,"Pre-Bologna training","Older side"
"R_2AIdYLGScYQj1qp",52,"E. Secundaria",22,"0","8","3",0.666666666666667,0.132959675557715,"Secondary teachers",39,13,"Pre-Bologna training","Older side"
"R_8hR38AsRMlo4DJr",29,"E. Primaria",4,"1","3","3",0.555555555555556,0.0314971073127088,"Primary teachers",34,-5,"Bologna-era training","Younger side"
"R_3fiC4s0rMYik95r",50,"E. Primaria",13,"0","1","2",0.5,0.144223774772816,"Primary teachers",34,16,"Pre-Bologna training","Older side"
"R_8kLlvILk1NlhvQz",46,"E. Secundaria",20,"1","10","3",0,-0.422320212446887,"Secondary teachers",39,7,"Pre-Bologna training","Older side"
"R_78U6RIoy4uBkLRW",37,"E. Secundaria",8,"0","6","3",0.333333333333333,-0.178496489732341,"Secondary teachers",39,-2,"Bologna-era training","Younger side"
"R_2rnpzy0K5JxkxwZ",44,"E. Secundaria",2,"1","4","2",0.666666666666667,0.155857253891397,"Secondary teachers",39,5,"Pre-Bologna training","Older side"
"R_2MGnGXvvhbeUzfL",34,"E. Secundaria",7,"0","1","3",0.666666666666667,0.131543316778303,"Secondary teachers",39,-5,"Bologna-era training","Younger side"
"R_5j8O6hGnnSLJ38H",48,"E. Secundaria",20,"1","8","1",0.666666666666667,0.142960952109887,"Secondary teachers",39,9,"Pre-Bologna training","Older side"
"R_3H7F0cci8VjwAGh",35,"E. Primaria",6,"1","10","3",0.375,0.0188307167814037,"Primary teachers",34,1,"Pre-Bologna training","Older side"
"R_3HGHAsetvgXMBHz",53,"E. Primaria",30,"1","8","2",0.555555555555556,0.04440427520803,"Primary teachers",34,19,"Pre-Bologna training","Older side"
"R_7dVFKzoYuEldVu1",64,"E. Secundaria",42,"1","7","1",0.555555555555556,0.0511057090190175,"Secondary teachers",39,25,"Pre-Bologna training","Older side"
"R_2zl22ucNmZaEpmp",43,"E. Primaria",22,"1","3","2",0.5,0.0445976855155629,"Primary teachers",34,9,"Pre-Bologna training","Older side"
"R_8u8vzpYgB8eSI5X",47,"E. Primaria",24,"1","5","3",0.444444444444444,-0.0913711865100316,"Primary teachers",34,13,"Pre-Bologna training","Older side"
"R_2DkdPMYFmRXQuJn",43,"E. Primaria",20,"1","8","2",0.714285714285714,0.306569172474275,"Primary teachers",34,9,"Pre-Bologna training","Older side"
"R_5PoQuAY8aLmjgCp",29,"E. Primaria",6,"1","6","3",0.666666666666667,0.155857253891397,"Primary teachers",34,-5,"Bologna-era training","Younger side"
"R_8wMCEHjiBRszbO1",57,"E. Secundaria",30,"1","5","3",0.5,0.0461910891424012,"Secondary teachers",39,18,"Pre-Bologna training","Older side"
"R_6tTcPADpArPbYjf",45,"E. Primaria",18,"1","9","1",0.666666666666667,0.131543316778303,"Primary teachers",34,11,"Pre-Bologna training","Older side"
"R_7egdk6iK3Eb5UUB",41,"E. Primaria",18,"0","4","3",0.444444444444444,-0.0603661214285611,"Primary teachers",34,7,"Pre-Bologna training","Older side"
"R_1GZ586fcMAIvzQB",52,"E. Secundaria",25,"1","8","2",0.555555555555556,0.0496917391093836,"Secondary teachers",39,13,"Pre-Bologna training","Older side"
"R_5kFH61s1p99dZDy",44,"E. Primaria",21,"1","2","1",0.666666666666667,0.132959675557715,"Primary teachers",34,10,"Pre-Bologna training","Older side"
"R_6Qj87OWDpjtjgjv",45,"E. Secundaria",22,"0","5","1",0.428571428571429,0.0199620208977385,"Secondary teachers",39,6,"Pre-Bologna training","Older side"
"R_5CKzcgEggps1qLf",30,"E. Secundaria",5,"1","6","3",0.444444444444444,0.0232351501735528,"Secondary teachers",39,-9,"Bologna-era training","Younger side"
"R_1qgs0NRfHllsQtM",52,"E. Primaria",27,"1","10","1",0.777777777777778,0.242998425137437,"Primary teachers",34,18,"Pre-Bologna training","Older side"
"R_6jXb6X5qdMeDbPz",49,"E. Primaria",27,"0","2","2",0.444444444444444,-0.0913711865100316,"Primary teachers",34,15,"Pre-Bologna training","Older side"
"R_7NEedSkfUystLRi",47,"E. Secundaria",11,"0","1","1",0.5,0.0461910891424012,"Secondary teachers",39,8,"Pre-Bologna training","Older side"
"R_6yy1K9IjIv0i8i5",57,"E. Secundaria",33,"1","10","2",0.375,0.0188307167814037,"Secondary teachers",39,18,"Pre-Bologna training","Older side"
"R_8CIqGtmS2xaqyK1",56,"E. Secundaria",8,"1","4","2",0,-0.514001039036879,"Secondary teachers",39,17,"Pre-Bologna training","Older side"
"R_8jkCUGoeXtPCcCd",58,"E. Secundaria",35,"1","1","1",0,-0.432416060920734,"Secondary teachers",39,19,"Pre-Bologna training","Older side"
"R_1dhBE2bNPBsXsLn",53,"E. Primaria",30,"1","5","3",0.444444444444444,-0.060368510298339,"Primary teachers",34,19,"Pre-Bologna training","Older side"
"R_8C8CQNGvh7P36KJ",37,"E. Secundaria",2,"0","1","1",0.571428571428571,0.16326981720238,"Secondary teachers",39,-2,"Bologna-era training","Younger side"
"R_8k7I6ynqMuHt34Q",36,"E. Secundaria",9,"0","6","1",0.375,0.0188307167814037,"Secondary teachers",39,-3,"Bologna-era training","Younger side"
"R_8FQEy2rrkDzTQ79",49,"E. Secundaria",20,"1","10","1",0.666666666666667,0.154440895111986,"Secondary teachers",39,10,"Pre-Bologna training","Older side"
"R_8GdLJAAdmQ1XqF8",43,"E. Secundaria",4,"1","6","1",0.444444444444444,0.0218187913941409,"Secondary teachers",39,4,"Pre-Bologna training","Older side"
"R_2ydYNst6BqqkmZ9",31,"E. Secundaria",5,"1","6","2",0.555555555555556,0.0446747346111918,"Secondary teachers",39,-8,"Bologna-era training","Younger side"
"R_72uhAg9aP099gnb",41,"E. Primaria",3,"1","5","3",0.333333333333333,-0.19115764215189,"Primary teachers",34,7,"Pre-Bologna training","Older side"
"R_3LaiQYiJjkOf6p3",60,"E. Primaria",37,"1","1","1",0.444444444444444,0.0322457922127985,"Primary teachers",34,26,"Pre-Bologna training","Older side"
"R_2fxwgjXgNlPNfJ7",46,"E. Primaria",20,"1","3","1",0.444444444444444,-0.0785515020607456,"Primary teachers",34,12,"Pre-Bologna training","Older side"
"R_3HSpTHKaWtUdzxf",45,"E. Primaria",20,"1","6","1",0.125,-0.329995627641239,"Primary teachers",34,11,"Pre-Bologna training","Older side"
"R_3KuOGpmadboUbCL",37,"E. Secundaria",7,"1","1","1",0.444444444444444,-0.0899548277306198,"Secondary teachers",39,-2,"Bologna-era training","Younger side"
"R_84c6vGiapEUDJhT",58,"E. Secundaria",35,"0","8","2",0,-0.507398702320959,"Secondary teachers",39,19,"Pre-Bologna training","Older side"
"R_8P8jK7TEoJVtic0",49,"E. Secundaria",7,"1","3","2",0.5,0.0461885855121373,"Secondary teachers",39,10,"Pre-Bologna training","Older side"
"R_6iym2lfORk6nqMx",55,"E. Secundaria",26,"1","8","2",0.5,0.0445964297389906,"Secondary teachers",39,16,"Pre-Bologna training","Older side"
"R_5t5OG6xbCVQxTM7",55,"E. Secundaria",30,"0","3","3",0.444444444444444,0.0218187913941409,"Secondary teachers",39,16,"Pre-Bologna training","Older side"
"R_30GxTifeHHQE6Of",46,"E. Primaria",18,"1","4","2",0.555555555555556,0.0329123427364325,"Primary teachers",34,12,"Pre-Bologna training","Older side"
"R_869nQY1xQvXgY3g",32,"E. Secundaria",5,"1","4","2",0.444444444444444,-0.0614946505322906,"Secondary teachers",39,-7,"Bologna-era training","Younger side"
"R_73wfELfNLlbvXve",39,"E. Primaria",14,"1","3","3",0.375,0.0188307167814037,"Primary teachers",34,5,"Pre-Bologna training","Older side"
"R_2oBz8vXkLfb4UA6",53,"E. Secundaria",26,"0","1","3",0.222222222222222,-0.291363748953479,"Secondary teachers",39,14,"Pre-Bologna training","Older side"
"R_22xpveDKAR0mgKr",53,"E. Primaria",27,"0","8","3",0.555555555555556,0.0314959839570207,"Primary teachers",34,19,"Pre-Bologna training","Older side"
"R_22Vbtf1qxMCPTLH",49,"E. Secundaria",21,"1","6","2",0.444444444444444,-0.0913711865100316,"Secondary teachers",39,10,"Pre-Bologna training","Older side"
"R_5O6bFC5849ceOvn",45,"E. Secundaria",2,"1","7","3",0.75,0.287292142666696,"Secondary teachers",39,6,"Pre-Bologna training","Older side"
"R_2nMDDI46NjM9Jm3",46,"E. Secundaria",18,"0","2","1",0.428571428571429,0.0199620208977385,"Secondary teachers",39,7,"Pre-Bologna training","Older side"
"R_2N5mUHCQuY4YwDn",32,"E. Secundaria",7,"0","4","2",0.375,-0.0807991398812625,"Secondary teachers",39,-7,"Bologna-era training","Younger side"
"R_8uE5iDbY72lVjx7",41,"E. Primaria",16,"0","10","2",0.5,0.0365059713703541,"Primary teachers",34,7,"Pre-Bologna training","Older side"
"R_2UWvDmibpPzKORe",59,"E. Secundaria",33,"0","9","3",0.111111111111111,-0.394795953899873,"Secondary teachers",39,20,"Pre-Bologna training","Older side"
"R_87BiUpDAhsRn8Sf",50,"E. Secundaria",25,"1","6","2",0.625,0.171585410908963,"Secondary teachers",39,11,"Pre-Bologna training","Older side"
"R_8BXhKy8o1905B05",35,"E. Primaria",15,"1","9","1",0.5,0.0461885855121373,"Primary teachers",34,1,"Pre-Bologna training","Older side"
"R_3ls6XMJ5w1md7np",28,"E. Secundaria",4,"0","1","2",0.666666666666667,0.246151816840219,"Secondary teachers",39,-11,"Bologna-era training","Younger side"
"R_8YFjnUbnGcYNBZC",49,"E. Secundaria",8,"0","8","3",0.555555555555556,0.0429899946702595,"Secondary teachers",39,10,"Pre-Bologna training","Older side"
"R_1qBWfPf5Kg5o817",43,"E. Primaria",21,"1","10","2",0.555555555555556,0.0329134660921206,"Primary teachers",34,9,"Pre-Bologna training","Older side"
"R_2kaWyy0SLxmMVWX",35,"E. Primaria",14,"0","6","1",0.555555555555556,0.0429899946702595,"Primary teachers",34,1,"Pre-Bologna training","Older side"
"R_2PvvxIlMYiED30b",59,"E. Secundaria",30,"1","6","3",0.555555555555556,0.134693483506886,"Secondary teachers",39,20,"Pre-Bologna training","Older side"
"R_2DCoqheo3NDMg04",39,"E. Secundaria",7,"1","2","2",0.666666666666667,0.154440895111986,"Secondary teachers",39,0,"Bologna-era training","Younger side"
"R_8b12TiWwk5GgxLI",36,"E. Primaria",15,"1","5","3",0.666666666666667,0.162583507724861,"Primary teachers",34,2,"Pre-Bologna training","Older side"
"R_2UApNhWL6XG2ahr",48,"E. Primaria",24,"0","2","3",0.375,-0.0807991398812625,"Primary teachers",34,14,"Pre-Bologna training","Older side"
"R_2gjoZd2Oct6KRH3",41,"E. Secundaria",15,"0","1","1",0.555555555555556,0.0496893502396057,"Secondary teachers",39,2,"Pre-Bologna training","Older side"
"R_2qrQKVme2EhYevo",45,"E. Secundaria",23,"0","7","1",0.571428571428571,0.163264201583097,"Secondary teachers",39,6,"Pre-Bologna training","Older side"
"R_8FFWJqU28afVpOF",53,"E. Secundaria",20,"1","1","1",0.666666666666667,0.142958683795517,"Secondary teachers",39,14,"Pre-Bologna training","Older side"
"R_3k4KwaW98Q53sc1",48,"E. Primaria",22,"0","9","3",0.333333333333333,-0.0896395419391924,"Primary teachers",34,14,"Pre-Bologna training","Older side"
"R_6A44EqDUmkhqLeN",52,"E. Secundaria",27,"1","7","2",0.555555555555556,0.143706288205165,"Secondary teachers",39,13,"Pre-Bologna training","Older side"
"R_3TBmY2Q6PrTzX2o",26,"E. Primaria",5,"1","6","3",0.666666666666667,0.162583507724861,"Primary teachers",34,-8,"Bologna-era training","Younger side"
"R_1hYEh72iX2F4p9f",43,"E. Secundaria",15,"0","2","3",0.714285714285714,0.306569172474275,"Secondary teachers",39,4,"Pre-Bologna training","Older side"
"R_8gLtfSQ2NnCU9Fl",37,"E. Secundaria",12,"0","6","1",0.777777777777778,0.244414783916848,"Secondary teachers",39,-2,"Bologna-era training","Younger side"
"R_29OC33XCBYqNe25",41,"E. Primaria",5,"1","10","3",0.375,0.0188307167814037,"Primary teachers",34,7,"Pre-Bologna training","Older side"
"R_7dDSsnMIHtDKw8I",36,"E. Primaria",6,"1","8","1",0.222222222222222,-0.312872596495682,"Primary teachers",34,2,"Pre-Bologna training","Older side"
"R_81yQNFSeeqHUDsn",35,"E. Secundaria",2,"0","9","2",0.555555555555556,0.032911204955742,"Secondary teachers",39,-4,"Bologna-era training","Younger side"
"R_3DRMKwD8RUui7Uk",57,"E. Secundaria",26,"1","7","2",0.444444444444444,0.0232329935137874,"Secondary teachers",39,18,"Pre-Bologna training","Older side"
"R_7qg6cL7if30wMLF",49,"E. Primaria",22,"1","3","3",0.111111111111111,-0.301862212341168,"Primary teachers",34,15,"Pre-Bologna training","Older side"
"R_8UvxBd8EDlgh5ol",39,"E. Secundaria",1,"1","6","1",0.777777777777778,0.265890759610631,"Secondary teachers",39,0,"Bologna-era training","Younger side"
"R_2pPT0d6kKAKsgX7",60,"E. Secundaria",37,"0","5","1",0.375,-0.0792057362544242,"Secondary teachers",39,21,"Pre-Bologna training","Older side"
"R_8AT4thlhbkQpZD5",32,"E. Primaria",6,"1","9","1",0.555555555555556,0.0444063534496713,"Primary teachers",34,-2,"Bologna-era training","Younger side"
"R_6fkMKBvlEFS8Rfg",39,"E. Primaria",10,"1","3","2",0.444444444444444,-0.0785515020607456,"Primary teachers",34,5,"Pre-Bologna training","Older side"
"R_37ENxZQVSID5QVH",32,"E. Secundaria",4,"0","10","2",0.222222222222222,-0.199403545780221,"Secondary teachers",39,-7,"Bologna-era training","Younger side"
"R_6LaNd8BoFHTYl6x",50,"E. Primaria",22,"0","4","1",0.666666666666667,0.162582317206152,"Primary teachers",34,16,"Pre-Bologna training","Older side"
"R_5efBOgu2aVoOYBz",52,"E. Secundaria",25,"0","10","2",0.428571428571429,0.0199620208977385,"Secondary teachers",39,13,"Pre-Bologna training","Older side"
"R_7jx5PxbqpLmGMGR",59,"E. Primaria",35,"1","5","3",0.5,0.0365047544700426,"Primary teachers",34,25,"Pre-Bologna training","Older side"
"R_1Le9WoPTuOT87Fk",27,"E. Primaria",3,"1","5","1",0.555555555555556,0.0329100744220623,"Primary teachers",34,-7,"Bologna-era training","Younger side"
"R_2Ehd0w8qQNQHoj2",58,"E. Secundaria",34,"0","3","1",0.666666666666667,0.131543316778303,"Secondary teachers",39,19,"Pre-Bologna training","Older side"
"R_6IsGWz5N5bakjJW",47,"E. Primaria",4,"1","3","2",0.444444444444444,-0.067045589290615,"Primary teachers",34,13,"Pre-Bologna training","Older side"
"R_62zDOwnwGtzfWp3",41,"E. Primaria",11,"1","5","3",0.666666666666667,0.155857253891397,"Primary teachers",34,7,"Pre-Bologna training","Older side"
"R_8eQ6tFwHMcTRK3T",44,"E. Primaria",23,"1","2","1",0.25,-0.106567372390571,"Primary teachers",34,10,"Pre-Bologna training","Older side"
"R_2KH90pZq5Rc0pAl",58,"E. Secundaria",30,"1","7","3",0.333333333333333,-0.0792191759400678,"Secondary teachers",39,19,"Pre-Bologna training","Older side"
"R_2DD11w0XyDCOEUf",56,"E. Secundaria",8,"0","5","1",0.333333333333333,-0.0882231831597806,"Secondary teachers",39,17,"Pre-Bologna training","Older side"
"R_2VIy9eiIumEU0jK",37,"E. Secundaria",2,"1","10","3",0.333333333333333,-0.171843920134405,"Secondary teachers",39,-2,"Bologna-era training","Younger side"
"R_31637oYvGJVdTNv",48,"E. Secundaria",21,NA,"1","3",0.666666666666667,0.131543316778303,"Secondary teachers",39,9,"Pre-Bologna training","Older side"
"R_5OSQTJV4ZxxfyvY",36,"E. Primaria",10,"0","1","3",0.75,0.287292142666696,"Primary teachers",34,2,"Pre-Bologna training","Older side"
"R_3FbQw9GrttY2k47",62,"E. Primaria",34,"1","2","3",0,-0.45507596183147,"Primary teachers",34,28,"Pre-Bologna training","Older side"
"R_1GPUNbWqwo8T8DT",45,"E. Primaria",21,"1","5","1",0.142857142857143,-0.266649346835475,"Primary teachers",34,11,"Pre-Bologna training","Older side"
"R_6WN2d3KrM60WhIW",37,"E. Primaria",6,"0","2","3",0.444444444444444,0.0232351501735528,"Primary teachers",34,3,"Pre-Bologna training","Older side"
"R_1nCyqCbwOTVOsFg",45,"E. Primaria",17,"0","4","2",0.111111111111111,-0.412667363741744,"Primary teachers",34,11,"Pre-Bologna training","Older side"
"R_210E8zYaSYOl6cp",48,"E. Secundaria",10,"1","10","1",0.375,-0.0807991398812625,"Secondary teachers",39,9,"Pre-Bologna training","Older side"
"R_8LG7nk1ybLAuN5T",52,"E. Secundaria",20,"1","7","2",0.555555555555556,0.0314959839570207,"Secondary teachers",39,13,"Pre-Bologna training","Older side"
"R_87Ko5FbrVwh5lzr",45,"E. Primaria",17,"0","2","1",0.571428571428571,0.163265601045703,"Primary teachers",34,11,"Pre-Bologna training","Older side"
"R_1VDghTazOHzPyqa",39,"E. Primaria",10,"1","4","1",0.444444444444444,-0.0684619480700268,"Primary teachers",34,5,"Pre-Bologna training","Older side"
"R_5r3e779pm7DwuXM",47,"E. Secundaria",5,"0","4","1",0.375,0.0188294530062546,"Secondary teachers",39,8,"Pre-Bologna training","Older side"
"R_65U3FKI6Z06PitX",51,"E. Secundaria",26,"1","3","3",0.625,0.169990751505552,"Secondary teachers",39,12,"Pre-Bologna training","Older side"
"R_3Kj2lWTPrqKkMU1",57,"E. Secundaria",30,"1","6","3",0.555555555555556,0.0496905407583147,"Secondary teachers",39,18,"Pre-Bologna training","Older side"
"R_5nU6BHn2T4oj7bw",56,"E. Secundaria",25,"1","2","2",0.777777777777778,0.274057727042218,"Secondary teachers",39,17,"Pre-Bologna training","Older side"
"R_7bJ1xVDqgfCsO2G",50,"E. Primaria",27,"1","9","1",0.333333333333333,-0.0882231831597806,"Primary teachers",34,16,"Pre-Bologna training","Older side"
"R_2mh0q8J6EzNfFfc",48,"E. Primaria",19,"1","1","3",0.444444444444444,-0.0617848690777509,"Primary teachers",34,14,"Pre-Bologna training","Older side"
"R_2j2iiFnj2uqIjMB",58,"E. Primaria",34,"0","1","2",0.444444444444444,0.0322457922127985,"Primary teachers",34,24,"Pre-Bologna training","Older side"
"R_2hnzJqkibDbCj9I",44,"E. Primaria",15,"0","3","3",0.75,0.287287228999823,"Primary teachers",34,10,"Pre-Bologna training","Older side"
"R_8cBZwnl6K21W1ae",37,"E. Secundaria",8,"1","4","3",0.777777777777778,0.254425920262753,"Secondary teachers",39,-2,"Bologna-era training","Younger side"
"R_579GbWdAY92iLL4",54,"E. Primaria",32,"1","9","2",0.125,-0.339359309586439,"Primary teachers",34,20,"Pre-Bologna training","Older side"
"R_8GJLDuzwQ0LRd46",37,"E. Primaria",10,"1","8","2",0.555555555555556,0.0329123427364325,"Primary teachers",34,3,"Pre-Bologna training","Older side"
"R_8GDKonFuHOMQ3tR",51,"E. Primaria",20,"1","1","3",0.555555555555556,0.0314971073127088,"Primary teachers",34,17,"Pre-Bologna training","Older side"
"R_2rHzHNW80hRrTJd",49,"E. Secundaria",25,"1","9","3",0.625,0.269621863944791,"Secondary teachers",39,10,"Pre-Bologna training","Older side"
"R_2bq2dAHrrQDTP1f",49,"E. Secundaria",13,"0","5","2",0.75,0.296980980529216,"Secondary teachers",39,10,"Pre-Bologna training","Older side"
"R_8SdTLlWtdi6MYyv",33,"E. Primaria",7,"1","9","1",0.444444444444444,-0.060368510298339,"Primary teachers",34,-1,"Bologna-era training","Younger side"
"R_2fJufmspwczSTUG",40,"E. Primaria",20,"1","5","3",0.666666666666667,0.131543316778303,"Primary teachers",34,6,"Pre-Bologna training","Older side"
"R_8KrRwGbfhJ43JYd",53,"E. Secundaria",6,NA,"1","2",0.666666666666667,0.154440895111986,"Secondary teachers",39,14,"Pre-Bologna training","Older side"
"R_2330UxEc13mfnK0",60,"E. Primaria",29,"1","7","2",0.25,-0.204600058020986,"Primary teachers",34,26,"Pre-Bologna training","Older side"
"R_8rHqXuSkXPmIsbV",54,"E. Primaria",26,"1","4","2",0.666666666666667,0.154704369968956,"Primary teachers",34,20,"Pre-Bologna training","Older side"
"R_6ffu271KJe96TIm",55,"E. Primaria",31,"1","6","3",0.555555555555556,0.0511057090190175,"Primary teachers",34,21,"Pre-Bologna training","Older side"
"R_7I6OoqRRbwD4Las",60,"E. Secundaria",18,"0","8","3",0.666666666666667,0.131541173493269,"Secondary teachers",39,21,"Pre-Bologna training","Older side"
"R_8pJMa6yfXQSilJY",58,"E. Secundaria",27,"1","1","3",0.666666666666667,0.132959675557715,"Secondary teachers",39,19,"Pre-Bologna training","Older side"
"R_20CtfifiVUFiQc6",51,"E. Primaria",16,"0","4","2",0.5,0.144223774772816,"Primary teachers",34,17,"Pre-Bologna training","Older side"
"R_2nNuNAzRNd4DB0N",26,"E. Primaria",1,"1","4","3",0.222222222222222,-0.200825931580867,"Primary teachers",34,-8,"Bologna-era training","Younger side"
"R_1y4artLJpC3ZT7E",46,"E. Secundaria",6,"1","9","2",0.555555555555556,0.0329123427364325,"Secondary teachers",39,7,"Pre-Bologna training","Older side"
"R_8GqPQnaB0HHnakf",38,"E. Primaria",8,"1","3","2",0.5,0.0445976855155629,"Primary teachers",34,4,"Pre-Bologna training","Older side"
"R_72wric0PLkjyGBj",40,"E. Primaria",8,"1","10","3",0.444444444444444,-0.0684619480700268,"Primary teachers",34,6,"Pre-Bologna training","Older side"
"R_1Ij7iBHEKyzbZE0",57,"E. Secundaria",32,"0","4","1",0.666666666666667,0.161167148945449,"Secondary teachers",39,18,"Pre-Bologna training","Older side"
"R_8IEnI3rnl9Bdfao",54,"E. Primaria",20,"0","1","1",0.428571428571429,0.0199620208977385,"Primary teachers",34,20,"Pre-Bologna training","Older side"
"R_3GKofuIV3EhVBPr",36,"E. Primaria",6,"1","10","2",0.285714285714286,-0.123341550530833,"Primary teachers",34,2,"Pre-Bologna training","Older side"
"R_1L5WyUjjpLfteqB",47,"E. Primaria",20,"1","2","1",0.555555555555556,0.0215024239135477,"Primary teachers",34,13,"Pre-Bologna training","Older side"
"R_5pEUK0Jxeb21IEw",44,"E. Secundaria",3,"0","5","2",0.333333333333333,-0.0882231831597806,"Secondary teachers",39,5,"Pre-Bologna training","Older side"
"R_1J2gR9UMTBuAKar",47,"E. Primaria",18,"1","1","1",0.444444444444444,-0.0799678608401575,"Primary teachers",34,13,"Pre-Bologna training","Older side"
"R_2JQsHAi9LxIngZ1",52,"E. Secundaria",2,"1","5","2",0.666666666666667,0.144377310889299,"Secondary teachers",39,13,"Pre-Bologna training","Older side"
"R_3dXJk7siR72KtEZ",38,"E. Primaria",17,"1","7","2",0.428571428571429,0.0199620208977385,"Primary teachers",34,4,"Pre-Bologna training","Older side"
"R_2prlZHF3rRphNGY",50,"E. Primaria",20,"1","5","2",0.375,0.0188307167814037,"Primary teachers",34,16,"Pre-Bologna training","Older side"
"R_1EblmNNBDfcWIHg",34,"E. Secundaria",2,"0","3","3",0.444444444444444,-0.0603721054290939,"Secondary teachers",39,-5,"Bologna-era training","Younger side"
"R_81O1OACbyWO4WVr",57,"E. Secundaria",30,"0","2","3",0,-0.507398702320959,"Secondary teachers",39,18,"Pre-Bologna training","Older side"
"R_2VwqggrVJmYjXix",58,"E. Secundaria",31,"1","9","2",0,-0.357040788341808,"Secondary teachers",39,19,"Pre-Bologna training","Older side"
"R_2lc4LrAdUc7gFVw",36,"E. Secundaria",6,"1","1","3",0.75,0.295386329048686,"Secondary teachers",39,-3,"Bologna-era training","Younger side"
"R_6neCzqOP0323KUx",36,"E. Secundaria",8,"1","6","3",0.666666666666667,0.154440895111986,"Secondary teachers",39,-3,"Bologna-era training","Younger side"
"R_25LBJfiV4jzEsm9",58,"E. Primaria",35,"1","7","3",0.444444444444444,-0.060368510298339,"Primary teachers",34,24,"Pre-Bologna training","Older side"
"R_1MsO21tdJ9qGOCP",42,"E. Secundaria",6,"1","10","2",0.666666666666667,0.244733301401042,"Secondary teachers",39,3,"Pre-Bologna training","Older side"
"R_3MO1T17I7dyZ0tP",29,"E. Primaria",8,"1","3","3",0.444444444444444,0.0218187913941409,"Primary teachers",34,-5,"Bologna-era training","Younger side"
"R_21jDW1o4078dxZW",52,"E. Secundaria",26,"1","6","1",0.333333333333333,-0.0896395419391924,"Secondary teachers",39,13,"Pre-Bologna training","Older side"
"R_6dnlnVlP6pul1Gp",39,"E. Primaria",3,"1","6","3",0.444444444444444,-0.0913711865100316,"Primary teachers",34,5,"Pre-Bologna training","Older side"
"R_21556vaY1JUKpRk",55,"E. Secundaria",28,"0","2","1",0.666666666666667,0.144659759761959,"Secondary teachers",39,16,"Pre-Bologna training","Older side"
"R_8iET8DrtUBgLBDz",48,"E. Primaria",20,"1","7","2",0.333333333333333,-0.0789417207845639,"Primary teachers",34,14,"Pre-Bologna training","Older side"
"R_2rCFuRBSdv9IXBv",47,"E. Primaria",24,"1","6","1",0.5,0.0365059713703541,"Primary teachers",34,13,"Pre-Bologna training","Older side"
"R_6z6JhoNdAldLTGx",41,"E. Secundaria",3,"0","8","3",0.666666666666667,0.144377310889299,"Secondary teachers",39,2,"Pre-Bologna training","Older side"
"R_7XaF5A7XyUZOM6L",51,"E. Secundaria",25,"0","4","2",0.777777777777778,0.244414783916848,"Secondary teachers",39,12,"Pre-Bologna training","Older side"
"R_1jlEoBG3yyo7s0p",57,"E. Secundaria",28,"1","2","2",0.666666666666667,0.154440895111986,"Secondary teachers",39,18,"Pre-Bologna training","Older side"
"R_7e5nHj10pL5HVNS",34,"E. Primaria",6,"0","1","2",0.5,0.144227542178229,"Primary teachers",34,0,"Bologna-era training","Younger side"
"R_7dmlLsdNtZhbFWH",43,"E. Secundaria",18,NA,"5","1",0.666666666666667,0.142960952109887,"Secondary teachers",39,4,"Pre-Bologna training","Older side"
"R_3EYAr2jCfGlp73n",26,"E. Primaria",2,"1","4","2",0.428571428571429,0.0199606301545253,"Primary teachers",34,-8,"Bologna-era training","Younger side"
"R_5stfp26hXKBmmBz",45,"E. Secundaria",11,"1","2","1",0.444444444444444,-0.067045589290615,"Secondary teachers",39,6,"Pre-Bologna training","Older side"
"R_8BrnHkwqp01HSCr",47,"E. Primaria",20,"0","9","2",0.375,-0.0888846536296459,"Primary teachers",34,13,"Pre-Bologna training","Older side"
"R_6OqwrbWucnhjCm6",51,"E. Primaria",22,"1","10","2",0.555555555555556,0.04440427520803,"Primary teachers",34,17,"Pre-Bologna training","Older side"
"R_1dLwmJuddqgn9ZH",31,"E. Primaria",4,"1","7","2",0.666666666666667,0.154440895111986,"Primary teachers",34,-3,"Bologna-era training","Younger side"
"R_6imsE6kfYCBU311",46,"E. Secundaria",22,"1","4","3",0,-0.505978473180078,"Secondary teachers",39,7,"Pre-Bologna training","Older side"
"R_5MRqiwhcttfZ7Mu",41,"E. Primaria",20,"1","3","1",0.444444444444444,-0.079973520824586,"Primary teachers",34,7,"Pre-Bologna training","Older side"
"R_8dnBwl7vHbfSzZF",46,"E. Secundaria",22,"0","7","1",0.375,-0.0792057362544242,"Secondary teachers",39,7,"Pre-Bologna training","Older side"
"R_8n6hWK3rvgxlamb",38,"E. Secundaria",6,"1","7","3",0.333333333333333,-0.202831703630926,"Secondary teachers",39,-1,"Bologna-era training","Younger side"
"R_3q2ksDCjrQsOiBa",50,"E. Primaria",18,"0","1","2",0.222222222222222,-0.289679009012547,"Primary teachers",34,16,"Pre-Bologna training","Older side"
"R_1aZt4wc2FtfCGv7",29,"E. Secundaria",6,"0","10","3",0.666666666666667,0.162583507724861,"Secondary teachers",39,-10,"Bologna-era training","Younger side"
"R_8dnKFhm886OIeHO",52,"E. Secundaria",25,"1","3","2",0.222222222222222,-0.20109571861276,"Secondary teachers",39,13,"Pre-Bologna training","Older side"
"R_1eXal6Eli1guGUg",37,"E. Primaria",15,"1","9","1",0.555555555555556,0.134693483506886,"Primary teachers",34,3,"Pre-Bologna training","Older side"
"R_2ITrl3T0QiAb3um",34,"E. Secundaria",7,"1","5","3",0.5,0.0461910891424012,"Secondary teachers",39,-5,"Bologna-era training","Younger side"
"R_2dB9TJWur1Zk2Jm",47,"E. Secundaria",18,"1","4","2",0.777777777777778,0.244414783916848,"Secondary teachers",39,8,"Pre-Bologna training","Older side"
"R_8NWZqRvuI8kp6Tb",44,"E. Primaria",23,"1","3","1",0.666666666666667,0.255171256358031,"Primary teachers",34,10,"Pre-Bologna training","Older side"
"R_2ldpvEwkloavbuV",38,"E. Primaria",10,"1","4","3",0.375,-0.0788892450478302,"Primary teachers",34,4,"Pre-Bologna training","Older side"
"R_5DpBIM5stsPuIEN",28,"E. Primaria",1,"1","9","3",0.444444444444444,-0.0899548277306198,"Primary teachers",34,-6,"Bologna-era training","Younger side"
"R_8U5kh4BsyZQzc3A",49,"E. Secundaria",5,"1","3","2",0.444444444444444,-0.067045589290615,"Secondary teachers",39,10,"Pre-Bologna training","Older side"
"R_2paGVAANCVEPXZ0",46,"E. Primaria",20,"1","4","1",0.444444444444444,0.0322457922127985,"Primary teachers",34,12,"Pre-Bologna training","Older side"
"R_2FOZObEhZliwQj9",56,"E. Secundaria",29,"0","2","3",0.555555555555556,0.0215002806285133,"Secondary teachers",39,17,"Pre-Bologna training","Older side"
"R_8H6PPHSUOV9dwr0",43,"E. Primaria",16,"1","9","2",0,-0.413048601982842,"Primary teachers",34,9,"Pre-Bologna training","Older side"
"R_2Gvq9IHTAM4ppXC",49,"E. Primaria",20,"1","3","3",0.555555555555556,0.0511057090190175,"Primary teachers",34,15,"Pre-Bologna training","Older side"
"R_84O7fIJUpZoaMuW",48,"E. Primaria",25,"0","8","3",0.428571428571429,0.0199620208977385,"Primary teachers",34,14,"Pre-Bologna training","Older side"
"R_8xIkpdRvGQymz4t",48,"E. Secundaria",10,"1","4","2",0.555555555555556,0.143706288205165,"Secondary teachers",39,9,"Pre-Bologna training","Older side"
"R_22y2vLjupdBrTxs",47,"E. Primaria",24,"1","10","3",0.444444444444444,-0.0896822386516923,"Primary teachers",34,13,"Pre-Bologna training","Older side"
"R_6gLqWyYUtOisWGl",45,"E. Primaria",23,"1","9","1",0.666666666666667,0.244733301401042,"Primary teachers",34,11,"Pre-Bologna training","Older side"
"R_5SY0w2oWAV5eJcR",36,"E. Primaria",9,"1","6","2",0.555555555555556,0.0511092884075044,"Primary teachers",34,2,"Pre-Bologna training","Older side"
"R_3CHKNDpb6D45HNH",43,"E. Secundaria",16,"1","9","2",0.444444444444444,-0.060368510298339,"Secondary teachers",39,4,"Pre-Bologna training","Older side"
"R_72AjikFSKwgFjlh",58,"E. Primaria",34,"0","10","2",0,-0.524133462428291,"Primary teachers",34,24,"Pre-Bologna training","Older side"
"R_5l5yGssyxKaLKdc",53,"E. Secundaria",19,"1","8","2",0.444444444444444,0.0322457922127985,"Secondary teachers",39,14,"Pre-Bologna training","Older side"
"R_2YScvkgin1WgRzG",45,"E. Primaria",24,"1","4","3",0.666666666666667,0.144377310889299,"Primary teachers",34,11,"Pre-Bologna training","Older side"
"R_73qMRtP7v7bFI8F",41,"E. Primaria",12,"1","3","1",0.555555555555556,0.134693483506886,"Primary teachers",34,7,"Pre-Bologna training","Older side"
"R_7DNXHzZfrA1q2hq",43,"E. Primaria",20,"1","7","3",0.444444444444444,0.0232351501735528,"Primary teachers",34,9,"Pre-Bologna training","Older side"
"R_1LuqZPlYAxR9JA5",35,"E. Primaria",8,"1","6","3",0.777777777777778,0.255842279042165,"Primary teachers",34,1,"Pre-Bologna training","Older side"
"R_7Mprn726cQfTG4V",57,"E. Secundaria",32,"1","9","3",0.333333333333333,-0.178496489732341,"Secondary teachers",39,18,"Pre-Bologna training","Older side"
"R_2tnTk9CbBd7QFbi",48,"E. Secundaria",24,"0","3","3",0.444444444444444,-0.0911003245075383,"Secondary teachers",39,9,"Pre-Bologna training","Older side"
"R_3tfiQySdKdEMyQh",55,"E. Secundaria",30,"0","10","3",0.125,-0.231960454151577,"Secondary teachers",39,16,"Pre-Bologna training","Older side"
"R_8K6WWKJuecU4MpX",42,"E. Secundaria",6,"0","8","1",0.555555555555556,0.0432534695272303,"Secondary teachers",39,3,"Pre-Bologna training","Older side"
"R_2pckl9TdtGu0MwK",43,"E. Secundaria",10,"0","2","2",0.555555555555556,0.0496893502396057,"Secondary teachers",39,4,"Pre-Bologna training","Older side"
"R_8RpBL4q6AVgzUKW",41,"E. Secundaria",15,"0","7","3",0.375,-0.0807991398812625,"Secondary teachers",39,2,"Pre-Bologna training","Older side"
"R_81ihkNKmYJaxUfn",59,"E. Primaria",36,"1","1","1",0.111111111111111,-0.396212312679285,"Primary teachers",34,25,"Pre-Bologna training","Older side"
"R_1ER63UWaGYGMYda",35,"E. Primaria",5,"0","4","2",0.25,-0.206194709501516,"Primary teachers",34,1,"Pre-Bologna training","Older side"
"R_2itEFFLt8F98GKl",58,"E. Secundaria",34,"1","1","3",0.333333333333333,-0.179913884454834,"Secondary teachers",39,19,"Pre-Bologna training","Older side"
"R_3i88u01h0Zx7F97",55,"E. Secundaria",25,"0","8","1",0.888888888888889,0.365892018949299,"Secondary teachers",39,16,"Pre-Bologna training","Older side"
"R_8ezzRiwBgXEhTqN",39,"E. Primaria",13,"1","5","1",0.555555555555556,0.0429889523716993,"Primary teachers",34,5,"Pre-Bologna training","Older side"
"R_8IUCiv9tgGWDVJv",51,"E. Primaria",25,"0","6","1",0,-0.413048601982842,"Primary teachers",34,17,"Pre-Bologna training","Older side"
"R_2rpRVFiYx4eDPab",39,"E. Primaria",17,"1","8","3",0.375,-0.0792057362544242,"Primary teachers",34,5,"Pre-Bologna training","Older side"
"R_2sccXZBpWponsX7",45,"E. Primaria",20,"0","8","3",0.333333333333333,-0.0882231831597806,"Primary teachers",34,11,"Pre-Bologna training","Older side"
"R_6mIu9eKJbKcVdB9",45,"E. Secundaria",18,"1","9","2",0.333333333333333,-0.173259088395107,"Secondary teachers",39,6,"Pre-Bologna training","Older side"
"R_8IFwNyMJD0zLyW5",49,"E. Secundaria",23,"0","8","2",0.666666666666667,0.161167148945449,"Secondary teachers",39,10,"Pre-Bologna training","Older side"
"R_30Z4KbZzAgq9Urn",51,"E. Primaria",20,"1","4","3",0.333333333333333,-0.0792191759400678,"Primary teachers",34,17,"Pre-Bologna training","Older side"
"R_2aKaTZRYNilkyaV",57,"E. Secundaria",20,"1","5","3",0.888888888888889,0.355874205721098,"Secondary teachers",39,18,"Pre-Bologna training","Older side"
"R_83gDWePs0ThALPP",45,"E. Secundaria",16,"0","10","2",0.714285714285714,0.306574788093558,"Secondary teachers",39,6,"Pre-Bologna training","Older side"
"R_2dgjn8Aj61yMIC5",42,"E. Primaria",7,"1","7","1",0.444444444444444,-0.0617848848200189,"Primary teachers",34,8,"Pre-Bologna training","Older side"
"R_6PLISoOCUx2xWiJ",47,"E. Primaria",20,"1","6","3",0,-0.413048601982842,"Primary teachers",34,13,"Pre-Bologna training","Older side"
"R_8dFR4f6z7vHOyj9",52,"E. Primaria",27,"1","5","3",0.444444444444444,-0.0913711865100316,"Primary teachers",34,18,"Pre-Bologna training","Older side"
"R_8Sivvi6Xih6iLCQ",55,"E. Secundaria",28,"1","8","1",0.625,0.269621863944791,"Secondary teachers",39,16,"Pre-Bologna training","Older side"
"R_2Wc0jhC27QJmwYF",45,"E. Primaria",16,"1","9","1",0.333333333333333,-0.201137347010825,"Primary teachers",34,11,"Pre-Bologna training","Older side"
"R_5eODsf6ibfjzrM2",59,"E. Primaria",37,"1","5","2",0.555555555555556,0.0444063534496713,"Primary teachers",34,25,"Pre-Bologna training","Older side"
"R_7L8qriY7O3pixXz",51,"E. Primaria",28,"1","9","1",0.666666666666667,0.155857253891397,"Primary teachers",34,17,"Pre-Bologna training","Older side"
"R_24psZhVjBfcYMRX",49,"E. Primaria",12,"1","5","2",0.555555555555556,0.049980759303775,"Primary teachers",34,15,"Pre-Bologna training","Older side"
"R_1Pj1fJ5YB9nX2sz",27,"E. Primaria",3,"1","4","3",0.666666666666667,0.144377310889299,"Primary teachers",34,-7,"Bologna-era training","Younger side"
"R_8gTzlH6fH374CMF",56,"E. Primaria",30,"1","1","1",0.777777777777778,0.244414783916848,"Primary teachers",34,22,"Pre-Bologna training","Older side"
"R_6RU5FZPmUjD0ahQ",26,"E. Secundaria",2,"1","8","3",0.777777777777778,0.254427050796433,"Secondary teachers",39,-13,"Bologna-era training","Younger side"
"R_2yLPlSLl6o4crCh",50,"E. Primaria",25,"1","9","3",0,-0.357040788341808,"Primary teachers",34,16,"Pre-Bologna training","Older side"
"R_2fRiorFnuI0S9j3",56,"E. Primaria",30,"1","10","2",0.111111111111111,-0.396212312679285,"Primary teachers",34,22,"Pre-Bologna training","Older side"
"R_5dM7ndK8ciyHS15",48,"E. Primaria",20,"0","3","1",0.666666666666667,0.154438816870344,"Primary teachers",34,14,"Pre-Bologna training","Older side"
"R_30mYZ8hfPaHraeJ",28,"E. Secundaria",5,"1","1","1",0.555555555555556,0.0331947916090931,"Secondary teachers",39,-11,"Bologna-era training","Younger side"
"R_5zexSWfsLXAur76",42,"E. Secundaria",2,"1","5","1",0.555555555555556,0.134691326847121,"Secondary teachers",39,3,"Pre-Bologna training","Older side"
"R_3IY1DeKSHaAtlwG",38,"E. Secundaria",6,"1","3","3",0.444444444444444,-0.067045589290615,"Secondary teachers",39,-1,"Bologna-era training","Younger side"
"R_5ozvmHX7ervpumf",44,"E. Primaria",15,"1","7","1",0.666666666666667,0.144377310889299,"Primary teachers",34,10,"Pre-Bologna training","Older side"
"R_1Du1h3ijXyq78sW",50,"E. Secundaria",29,"1","2","3",0.555555555555556,0.133277124727474,"Secondary teachers",39,11,"Pre-Bologna training","Older side"
"R_7PulIcRRAc6uKq6",43,"E. Secundaria",10,"0","7","3",0.125,-0.329679136434645,"Secondary teachers",39,4,"Pre-Bologna training","Older side"
"R_3ltv24m4kNFWEjj",35,"E. Secundaria",7,"1","3","3",0.777777777777778,0.274057727042218,"Secondary teachers",39,-4,"Bologna-era training","Younger side"
"R_77HfWYm3DT3rMy8",45,"E. Secundaria",12,"0","10","2",0.333333333333333,-0.0896395419391924,"Secondary teachers",39,6,"Pre-Bologna training","Older side"
"R_7ymD4unt6V4kMXW",29,"E. Primaria",5,"1","7","3",0.428571428571429,0.0199620208977385,"Primary teachers",34,-5,"Bologna-era training","Younger side"
"R_6Ev7xc9PeVZJHsF",51,"E. Primaria",26,"1","7","1",0.444444444444444,-0.0617848690777509,"Primary teachers",34,17,"Pre-Bologna training","Older side"
"R_5uUzyvgFcbT0kb7",25,"E. Primaria",1,"1","4","1",0.285714285714286,-0.123341550530833,"Primary teachers",34,-9,"Bologna-era training","Younger side"
"R_1SNURMCh0n2mWaJ",60,"E. Secundaria",30,"1","4","3",0.666666666666667,0.142960952109887,"Secondary teachers",39,21,"Pre-Bologna training","Older side"
"R_5Lj28CHbN7rrT5Y",44,"E. Primaria",22,"1","9","1",0.25,-0.205882572451574,"Primary teachers",34,10,"Pre-Bologna training","Older side"
"R_3lyLyrfzYZulULU",41,"E. Primaria",18,"1","1","1",0.333333333333333,-0.0896395419391924,"Primary teachers",34,7,"Pre-Bologna training","Older side"
"R_6ZhlJ0QHzBYs8gh",44,"E. Secundaria",7,"1","1","2",0.125,-0.329680392211217,"Secondary teachers",39,5,"Pre-Bologna training","Older side"
"R_7amq5zflhrzCUwL",48,"E. Primaria",23,"1","8","1",0.444444444444444,0.0322457922127985,"Primary teachers",34,14,"Pre-Bologna training","Older side"
"R_5MSAlgkTWkISn6G",48,"E. Primaria",23,"0","10","3",0.555555555555556,0.134693483506886,"Primary teachers",34,14,"Pre-Bologna training","Older side"
"R_3y9J61y6fG4O59v",39,"E. Primaria",14,"1","3","2",0.625,0.169992007282124,"Primary teachers",34,5,"Pre-Bologna training","Older side"
"R_7JYlfy69Db0RlsZ",47,"E. Primaria",20,"1","6","2",0.333333333333333,-0.0896395419391924,"Primary teachers",34,13,"Pre-Bologna training","Older side"
"R_70tPF72PV1cgohP",60,"E. Primaria",36,"1","8","2",0.555555555555556,0.0511057090190175,"Primary teachers",34,26,"Pre-Bologna training","Older side"
"R_1v3bvzYp7qAKlLb",53,"E. Secundaria",25,"0","2","1",0.555555555555556,0.0200839218491015,"Secondary teachers",39,14,"Pre-Bologna training","Older side"
"R_2QhaaUbXHUGhrDa",40,"E. Primaria",9,"1","1","1",0.375,-0.0888846536296459,"Primary teachers",34,6,"Pre-Bologna training","Older side"
"R_2p9WwUe054AfZV6",35,"E. Secundaria",2,"1","10","2",0.444444444444444,-0.0785515020607456,"Secondary teachers",39,-4,"Bologna-era training","Younger side"
"R_7R3sJoOmkzX7CfU",51,"E. Primaria",27,"0","8","1",0,-0.456673719614961,"Primary teachers",34,17,"Pre-Bologna training","Older side"
"R_8JDwBrzcaQgXFaF",59,"E. Primaria",28,"1","8","2",0.444444444444444,-0.067045589290615,"Primary teachers",34,25,"Pre-Bologna training","Older side"
"R_27jqlyTltXUzzhv",52,"E. Primaria",30,"1","7","3",0.555555555555556,0.0215002806285133,"Primary teachers",34,18,"Pre-Bologna training","Older side"
"R_2TCeocIm8JOI1bf",29,"E. Secundaria",1,"1","8","3",0.444444444444444,-0.0913744519867586,"Secondary teachers",39,-10,"Bologna-era training","Younger side"
"R_8MWYh6QivtaIr0F",30,"E. Secundaria",6,"1","7","1",0.5,0.0461910891424012,"Secondary teachers",39,-9,"Bologna-era training","Younger side"
"R_1CJFHGf2v8HPTdr",45,"E. Secundaria",6,"0","1","2",0.714285714285714,0.306569172474275,"Secondary teachers",39,6,"Pre-Bologna training","Older side"
"R_2cbpy36FZAu5gXf",46,"E. Primaria",22,"0","2","3",0.666666666666667,0.246149660180454,"Primary teachers",34,12,"Pre-Bologna training","Older side"
"R_5Si6KKXz1HhrJZ4",42,"E. Secundaria",13,"0","4","2",0.666666666666667,0.144377310889299,"Secondary teachers",39,3,"Pre-Bologna training","Older side"
"R_2qgcPQC2flFz95J",51,"E. Secundaria",18,"1","8","2",0.555555555555556,0.143706288205165,"Secondary teachers",39,12,"Pre-Bologna training","Older side"
"R_8jCAbSsmdMQvBPr",32,"E. Primaria",7,"1","2","2",0.555555555555556,0.0496905407583147,"Primary teachers",34,-2,"Bologna-era training","Younger side"
"R_1Jyo5TTANOVme27",48,"E. Secundaria",22,"1","5","1",0.375,0.0188307167814037,"Secondary teachers",39,9,"Pre-Bologna training","Older side"
"R_2Nz7eJE8KDI0yDU",33,"E. Secundaria",8,"1","4","3",0.666666666666667,0.132959675557715,"Secondary teachers",39,-6,"Bologna-era training","Younger side"
"R_2fBgnwz6Ivg3MOy",52,"E. Secundaria",24,"1","6","1",0.444444444444444,-0.0785515020607456,"Secondary teachers",39,13,"Pre-Bologna training","Older side"
"R_5aY5Wlh1MchmfjH",45,"E. Secundaria",18,"1","3","1",0.375,0.0188307167814037,"Secondary teachers",39,6,"Pre-Bologna training","Older side"
"R_8qgWWxwbxrDTACy",46,"E. Primaria",24,"1","10","1",0.444444444444444,0.0218187913941409,"Primary teachers",34,12,"Pre-Bologna training","Older side"
"R_8phg1ZshhoeoWVt",45,"E. Primaria",16,"0","8","3",0.571428571428571,0.163265601045703,"Primary teachers",34,11,"Pre-Bologna training","Older side"
"R_2SoEadWIfUHEi3u",44,"E. Secundaria",20,"1","1","1",0.111111111111111,-0.310861879113554,"Secondary teachers",39,5,"Pre-Bologna training","Older side"
"R_7ahNiFWECCuPNUS",47,"E. Primaria",17,"1","6","2",0,-0.505978473180078,"Primary teachers",34,13,"Pre-Bologna training","Older side"
"R_2QsSbIcXq2MZteA",54,"E. Primaria",23,"1","9","1",0.444444444444444,-0.078269053188085,"Primary teachers",34,20,"Pre-Bologna training","Older side"
"R_8y3lXeMPkPpf4rj",48,"E. Primaria",26,"1","5","1",0.333333333333333,-0.201137347010825,"Primary teachers",34,14,"Pre-Bologna training","Older side"
"R_1PLVB77M43hriil",60,"E. Secundaria",36,"1","6","2",0.444444444444444,0.0322457922127985,"Secondary teachers",39,21,"Pre-Bologna training","Older side"
"R_8EakbZ0qattup9E",35,"E. Primaria",12,"1","1","1",0.666666666666667,0.144377310889299,"Primary teachers",34,1,"Pre-Bologna training","Older side"
"R_8KdMLLYv2OQkmYW",49,"E. Primaria",19,"1","7","3",0.444444444444444,-0.0785515020607456,"Primary teachers",34,15,"Pre-Bologna training","Older side"
"R_2RQVf360PQQxf0F",45,"E. Secundaria",7,"1","4","1",0.5,0.0365059713703541,"Secondary teachers",39,6,"Pre-Bologna training","Older side"
"R_2knyVCubKLmjChd",50,"E. Secundaria",8,"0","5","1",0.375,-0.0888883503962074,"Secondary teachers",39,11,"Pre-Bologna training","Older side"
"R_2D5ibaCzJHfLNYZ",46,"E. Primaria",23,"1","7","3",0.444444444444444,0.0218187913941409,"Primary teachers",34,12,"Pre-Bologna training","Older side"
"R_2Gv6Tw1KZARZZMx",39,"E. Secundaria",15,"1","10","3",0.75,0.296979732675524,"Secondary teachers",39,0,"Bologna-era training","Younger side"
"R_7F3YqUL31vrFBvs",45,"E. Primaria",24,"1","9","3",0.444444444444444,-0.067045589290615,"Primary teachers",34,11,"Pre-Bologna training","Older side"
"R_2E48lwE8JmzkLf3",42,"E. Secundaria",4,"1","3","2",0.625,0.169993255135816,"Secondary teachers",39,3,"Pre-Bologna training","Older side"
"R_85AVDtOk5GNsdss",50,"E. Secundaria",23,"0","3","1",0.111111111111111,-0.412950943148085,"Secondary teachers",39,11,"Pre-Bologna training","Older side"
"R_1sobtZwnFvC7xqK",36,"E. Secundaria",3,"1","10","3",0.555555555555556,0.134967140900248,"Secondary teachers",39,-3,"Bologna-era training","Younger side"
"R_2cV2kErSo2rHBLW",39,"E. Primaria",18,"1","5","3",0.25,-0.204286070444656,"Primary teachers",34,5,"Pre-Bologna training","Older side"
"R_2liyp2ORaCStpuN",41,"E. Secundaria",16,"1","6","1",0.666666666666667,0.155857253891397,"Secondary teachers",39,2,"Pre-Bologna training","Older side"
"R_7ik8zMCXM4modX9",31,"E. Secundaria",6,"0","1","2",0.666666666666667,0.161167148945449,"Secondary teachers",39,-8,"Bologna-era training","Younger side"
"R_8kFFiXWEUa9luD0",47,"E. Secundaria",21,"1","2","2",0.666666666666667,0.162583507724861,"Secondary teachers",39,8,"Pre-Bologna training","Older side"
"R_8ZWLRv2ML07jM0V",52,"E. Primaria",27,"1","4","1",0.555555555555556,0.134693483506886,"Primary teachers",34,18,"Pre-Bologna training","Older side"
"R_6edoa53d2fEZ82Z",47,"E. Primaria",24,"1","4","1",0.666666666666667,0.154440895111986,"Primary teachers",34,13,"Pre-Bologna training","Older side"
"R_8Oiuvss4mKJDCQH",32,"E. Secundaria",6,"1","6","2",0.5,0.0365059713703541,"Secondary teachers",39,-7,"Bologna-era training","Younger side"
"R_2BMP6aq9reAcdVL",48,"E. Secundaria",3,"1","3","1",0.375,-0.0888846536296459,"Secondary teachers",39,9,"Pre-Bologna training","Older side"
"R_88SnF837fVzJBW9",44,"E. Secundaria",8,"0","1","2",0.625,0.171585410908963,"Secondary teachers",39,5,"Pre-Bologna training","Older side"
"R_7H123LkQMAanQ2N",52,"E. Primaria",25,"0","2","1",0.5,0.144223774772816,"Primary teachers",34,18,"Pre-Bologna training","Older side"
"R_24NS2G7ErEA3Fsl",59,"E. Secundaria",34,"0","5","3",0.666666666666667,0.154440895111986,"Secondary teachers",39,20,"Pre-Bologna training","Older side"
"R_8HA3e5AXIWputrw",37,"E. Secundaria",12,"0","5","1",0.333333333333333,-0.0882231831597806,"Secondary teachers",39,-2,"Bologna-era training","Younger side"
"R_2kp1LA9QAxGrhug",55,"E. Secundaria",27,"0","6","1",0.666666666666667,0.142959814329196,"Secondary teachers",39,16,"Pre-Bologna training","Older side"
"R_5YpUdvuu89wUaSR",40,"E. Primaria",13,"1","3","1",0.571428571428571,0.163266991788916,"Primary teachers",34,6,"Pre-Bologna training","Older side"
"R_2GObvUBwJLwjoyu",46,"E. Primaria",20,"1","9","3",0.444444444444444,-0.0799678608401575,"Primary teachers",34,12,"Pre-Bologna training","Older side"
"R_6IELptZY2iU8jAn",58,"E. Primaria",32,"1","1","2",0.666666666666667,0.154440895111986,"Primary teachers",34,24,"Pre-Bologna training","Older side"
"R_8dpogq5I6SMg4Cd",45,"E. Primaria",17,"0","7","3",0.666666666666667,0.132959675557715,"Primary teachers",34,11,"Pre-Bologna training","Older side"
"R_8HSVtcqhpyQ0tBC",47,"E. Primaria",24,"1","2","3",0.375,-0.0807991398812625,"Primary teachers",34,13,"Pre-Bologna training","Older side"
"R_6tmmtQOoeUimB0U",48,"E. Secundaria",22,"0","4","1",0.666666666666667,0.244733301401042,"Secondary teachers",39,9,"Pre-Bologna training","Older side"
"R_6KC3RHHZgVD5e3W",50,"E. Secundaria",20,"1","9","1",0.444444444444444,-0.0603649230774922,"Secondary teachers",39,11,"Pre-Bologna training","Older side"
"R_6XOMBLDPHDCAAql",49,"E. Primaria",24,"1","9","3",0.444444444444444,-0.0684619480700268,"Primary teachers",34,15,"Pre-Bologna training","Older side"
"R_36f4wrEpigY3ehN",42,"E. Secundaria",18,"1","2","2",0.555555555555556,0.04440427520803,"Secondary teachers",39,3,"Pre-Bologna training","Older side"
"R_5U4Jpn4xmimucUL",30,"E. Secundaria",6,"1","8","3",0.5,0.0365059713703541,"Secondary teachers",39,-9,"Bologna-era training","Younger side"
"R_7zwEonyHh5SOVUd",62,"E. Secundaria",10,"0","3","2",0.333333333333333,-0.0792191759400678,"Secondary teachers",39,23,"Pre-Bologna training","Older side"
"R_5juAxKTjmNitOMH",60,"E. Secundaria",6,"1","5","2",0.555555555555556,0.133277124727474,"Secondary teachers",39,21,"Pre-Bologna training","Older side"
"R_6yq43HMVFVQUj71",53,"E. Secundaria",18,"1","1","1",0.555555555555556,0.04440427520803,"Secondary teachers",39,14,"Pre-Bologna training","Older side"
"R_8p4G8MVaWmSo5xv",51,"E. Secundaria",8,"1","3","1",0.555555555555556,0.0200816974302487,"Secondary teachers",39,12,"Pre-Bologna training","Older side"
"R_3JlXGCzE34RwDKp",47,"E. Primaria",15,"1","1","1",0.111111111111111,-0.312554051946094,"Primary teachers",34,13,"Pre-Bologna training","Older side"
"R_1SBGXL0PC4TuhEX",37,"E. Secundaria",5,"1","1","2",0.666666666666667,0.131543316778303,"Secondary teachers",39,-2,"Bologna-era training","Younger side"
"R_366O4wEmlsEXlEB",41,"E. Secundaria",15,"1","9","3",0.25,-0.205883828228146,"Secondary teachers",39,2,"Pre-Bologna training","Older side"
"R_3kihmDkBCqMb7t7",56,"E. Primaria",33,"1","5","3",0.777777777777778,0.267307118390042,"Primary teachers",34,22,"Pre-Bologna training","Older side"
"R_8p9AGEVgCP50wQY",56,"E. Secundaria",34,"1","3","3",0.444444444444444,-0.0617848690777509,"Secondary teachers",39,17,"Pre-Bologna training","Older side"
"R_5j6XkVcJwLLFJKw",46,"E. Primaria",20,"1","9","2",0.375,0.0188307167814037,"Primary teachers",34,12,"Pre-Bologna training","Older side"
"R_5j7tXfFClOhMLCh",34,"E. Primaria",9,"0","5","3",0.375,-0.0792057362544242,"Primary teachers",34,0,"Bologna-era training","Younger side"
"R_8zwxYsKGx46wZ69",50,"E. Secundaria",22,"1","6","2",0.777777777777778,0.274057727042218,"Secondary teachers",39,11,"Pre-Bologna training","Older side"
"R_1fMYETx9Iz0WBNY",34,"E. Secundaria",6,"0","2","1",0.444444444444444,-0.0913711865100316,"Secondary teachers",39,-5,"Bologna-era training","Younger side"
"R_2ffQeSqVMvUnfZo",50,"E. Secundaria",20,"1","1","2",0.285714285714286,-0.123341550530833,"Secondary teachers",39,11,"Pre-Bologna training","Older side"
"R_8j2ZlMKR43whI1b",40,"E. Primaria",8,"1","4","3",0.555555555555556,0.0215002806285133,"Primary teachers",34,6,"Pre-Bologna training","Older side"
"R_7JlLOHT9PX4EATa",45,"E. Primaria",16,"1","1","1",0.375,-0.0792057362544242,"Primary teachers",34,11,"Pre-Bologna training","Older side"
"R_6rAgGW2seUj2pHz",48,"E. Primaria",22,"1","3","2",0.666666666666667,0.162583507724861,"Primary teachers",34,14,"Pre-Bologna training","Older side"
"R_1i3EZ0aorBMNC7Z",58,"E. Primaria",30,"0","9","1",0.444444444444444,-0.067045589290615,"Primary teachers",34,24,"Pre-Bologna training","Older side"
"R_2jK6nqy32KyibU5",36,"E. Primaria",9,"0","7","3",0.444444444444444,-0.0799678608401575,"Primary teachers",34,2,"Pre-Bologna training","Older side"
"R_8K7JYeHllDdmEGW",43,"E. Primaria",15,"1","9","1",0.375,0.0188307167814037,"Primary teachers",34,9,"Pre-Bologna training","Older side"
"R_8Etzbcncph7fu9e",46,"E. Primaria",23,"1","5","2",0.666666666666667,0.16116595842674,"Primary teachers",34,12,"Pre-Bologna training","Older side"
"R_80OKdjQRr7eBc1S",54,"E. Primaria",25,"0","4","3",0.666666666666667,0.144377310889299,"Primary teachers",34,20,"Pre-Bologna training","Older side"
"R_5PhmtbwBBer8BEN",51,"E. Primaria",26,"1","8","3",0.222222222222222,-0.3140180932726,"Primary teachers",34,17,"Pre-Bologna training","Older side"
"R_8yeo9HkKfzbktZi",54,"E. Secundaria",20,"1","9","1",0.333333333333333,-0.0882231831597806,"Secondary teachers",39,15,"Pre-Bologna training","Older side"
"R_2EoZ1JiXT1wxfrn",41,"E. Secundaria",11,"1","7","1",0.666666666666667,0.154440895111986,"Secondary teachers",39,2,"Pre-Bologna training","Older side"
"R_8AG5oObMPC3AoXz",51,"E. Secundaria",23,"1","1","1",0.25,-0.106567372390571,"Secondary teachers",39,12,"Pre-Bologna training","Older side"
"R_80TqZXXqaTAECXf",50,"E. Secundaria",4,"1","2","3",0.444444444444444,0.0232351501735528,"Secondary teachers",39,11,"Pre-Bologna training","Older side"
"R_7gjTAgrmKTpb8JE",48,"E. Secundaria",23,"0","9","2",0.666666666666667,0.161167148945449,"Secondary teachers",39,9,"Pre-Bologna training","Older side"
"R_5hC85I1vw92qXF7",50,"E. Primaria",28,"0","10","3",0.428571428571429,0.0199620208977385,"Primary teachers",34,16,"Pre-Bologna training","Older side"
"R_3rrbUWAbpRriCTm",58,"E. Secundaria",30,"0","9","1",0.375,-0.079204480477852,"Secondary teachers",39,19,"Pre-Bologna training","Older side"
"R_6eLwIbSZn6iu0E9",44,"E. Secundaria",6,"1","4","1",0.666666666666667,0.162583507724861,"Secondary teachers",39,5,"Pre-Bologna training","Older side"
"R_7wTfUlremfNLAS9",53,"E. Secundaria",29,"1","10","2",0.666666666666667,0.142960952109887,"Secondary teachers",39,14,"Pre-Bologna training","Older side"
"R_2Qs6k4t2Ya47fSE",59,"E. Secundaria",32,"1","2","1",0.375,-0.0888846536296459,"Secondary teachers",39,20,"Pre-Bologna training","Older side"
"R_8w3sS9eydMwaDND",40,"E. Secundaria",18,"0","1","2",0.555555555555556,0.0200839218491015,"Secondary teachers",39,1,"Pre-Bologna training","Older side"
"R_8ysap6DoSbVHbod",36,"E. Secundaria",8,"1","5","1",0.666666666666667,0.244735458060808,"Secondary teachers",39,-3,"Bologna-era training","Younger side"
"R_5pR5ya6hWZX7WTd",51,"E. Secundaria",20,"1","4","1",0.666666666666667,0.144377310889299,"Secondary teachers",39,12,"Pre-Bologna training","Older side"
"R_2p3ir6yFM0P7JyF",57,"E. Secundaria",25,"0","2","3",0.444444444444444,-0.067045589290615,"Secondary teachers",39,18,"Pre-Bologna training","Older side"
"R_7QM4kBiG3tYlWNx",49,"E. Primaria",17,"0","2","1",0.333333333333333,-0.079214724908096,"Primary teachers",34,15,"Pre-Bologna training","Older side"
"R_5P5n9LqU1I8LRUc",33,"E. Primaria",10,"0","4","1",0.666666666666667,0.155857253891397,"Primary teachers",34,-1,"Bologna-era training","Younger side"
"R_2Pv02BZLMlVRbMn",40,"E. Secundaria",9,"1","1","3",0.444444444444444,-0.0617836785590419,"Secondary teachers",39,1,"Pre-Bologna training","Older side"
"R_6dv8k2GYOSrzBpB",45,"E. Secundaria",18,"1","3","2",0.444444444444444,0.0232351501735528,"Secondary teachers",39,6,"Pre-Bologna training","Older side"
"R_7aPwlkdkja7j3Sp",39,"E. Primaria",12,"0","5","1",0.666666666666667,0.255171256358031,"Primary teachers",34,5,"Pre-Bologna training","Older side"
"R_5jIpb8yDt52ykOf",31,"E. Primaria",7,"1","3","3",0.375,0.0188307167814037,"Primary teachers",34,-3,"Bologna-era training","Younger side"
"R_3vbeka77ScX74TT",42,"E. Secundaria",6,"0","7","3",0.333333333333333,-0.191435097307394,"Secondary teachers",39,3,"Pre-Bologna training","Older side"
"R_3bZ8bN40mwiqJzF",35,"E. Secundaria",6,"1","10","1",0.333333333333333,-0.0789405974288757,"Secondary teachers",39,-4,"Bologna-era training","Younger side"
"R_3Cqaso78YrK3mui",57,"E. Secundaria",31,"0","2","3",0.375,-0.0807978841046903,"Secondary teachers",39,18,"Pre-Bologna training","Older side"
"R_5eJojlMjQatTQti",33,"E. Secundaria",3,"0","6","2",0.428571428571429,0.0199620208977385,"Secondary teachers",39,-6,"Bologna-era training","Younger side"
"R_2ay9d9juRGCoeMp",54,"E. Secundaria",19,"0","3","2",0.555555555555556,0.0215024239135477,"Secondary teachers",39,15,"Pre-Bologna training","Older side"
"R_6aIWvgNdW3TlVhw",46,"E. Secundaria",12,"0","4","1",0.444444444444444,0.0322457922127985,"Secondary teachers",39,7,"Pre-Bologna training","Older side"
"R_8DiJwjMdoZQP4Ig",45,"E. Secundaria",4,"0","7","3",0.5,0.0365059713703541,"Secondary teachers",39,6,"Pre-Bologna training","Older side"
"R_7jE2jhXqcuKhJSN",43,"E. Primaria",13,"1","4","1",0.666666666666667,0.155855188302762,"Primary teachers",34,9,"Pre-Bologna training","Older side"
"R_8k5uQc0FnJZSSFl",47,"E. Secundaria",18,"1","10","1",0.5,0.0365047544700426,"Secondary teachers",39,8,"Pre-Bologna training","Older side"
"R_8dRJSQfoYHozUaZ",57,"E. Primaria",32,"0","7","2",0.555555555555556,0.133274968067709,"Primary teachers",34,23,"Pre-Bologna training","Older side"
"R_8YAcnjCTzvBmCVH",42,"E. Secundaria",10,"1","9","1",0.555555555555556,0.0314971073127088,"Secondary teachers",39,3,"Pre-Bologna training","Older side"
"R_2FZs4ezINDjtf2N",60,"E. Primaria",30,"1","5","2",0.333333333333333,-0.202828438154199,"Primary teachers",34,26,"Pre-Bologna training","Older side"
"R_81tfJ02IvEZZmKZ",53,"E. Secundaria",23,"1","7","1",0.571428571428571,0.163266991788916,"Secondary teachers",39,14,"Pre-Bologna training","Older side"
"R_8KpgpSw0vMApTSo",58,"E. Secundaria",32,"0","3","2",0.5,0.0461910891424012,"Secondary teachers",39,19,"Pre-Bologna training","Older side"
"R_3zxib2tALf4ntjr",57,"E. Secundaria",28,"1","4","2",0.125,-0.329679136434645,"Secondary teachers",39,18,"Pre-Bologna training","Older side"
"R_7qqjRyvxY2FP9oc",53,"E. Secundaria",21,"0","3","2",0.777777777777778,0.274057727042218,"Secondary teachers",39,14,"Pre-Bologna training","Older side"
"R_22VCvMApvB3LyzT",48,"E. Secundaria",22,"1","10","1",0,-0.423740441587768,"Secondary teachers",39,9,"Pre-Bologna training","Older side"
"R_76l4jOllWK5lyNI",45,"E. Secundaria",18,"0","9","1",0.666666666666667,0.155857253891397,"Secondary teachers",39,6,"Pre-Bologna training","Older side"
"R_2f35uNa3Sxnv6pB",46,"E. Secundaria",13,"1","9","3",0.375,-0.0807991398812625,"Secondary teachers",39,7,"Pre-Bologna training","Older side"
"R_8gIojoVLsjkPSSo",53,"E. Primaria",32,NA,"4","2",0.428571428571429,0.0199620208977385,"Primary teachers",34,19,"Pre-Bologna training","Older side"
"R_7NUPXJd1to5EWuq",45,"E. Primaria",25,"1","9","3",0.333333333333333,-0.0896395419391924,"Primary teachers",34,11,"Pre-Bologna training","Older side"
"R_2kTa5BM4YVAkpi0",43,"E. Secundaria",16,"1","2","3",0.777777777777778,0.255843409575845,"Secondary teachers",39,4,"Pre-Bologna training","Older side"
"R_2lrDlt7tCelyBp5",30,"E. Primaria",3,"1","5","2",0.444444444444444,-0.0617848690777509,"Primary teachers",34,-4,"Bologna-era training","Younger side"
"R_8Ybe86gBiC1hYR3",43,"E. Secundaria",3,"1","1","2",0.555555555555556,0.0329123427364325,"Secondary teachers",39,4,"Pre-Bologna training","Older side"
"R_5nAiYqHYPrCuQZH",59,"E. Primaria",36,"1","7","3",0.75,0.295387576902378,"Primary teachers",34,25,"Pre-Bologna training","Older side"
"R_2Hhk1HFo74wjKO6",48,"E. Secundaria",15,"1","1","1",0.375,-0.0807991398812625,"Secondary teachers",39,9,"Pre-Bologna training","Older side"
"R_2Rw1fUVn5unM8vW",32,"E. Secundaria",6,"1","4","2",0.666666666666667,0.161167148945449,"Secondary teachers",39,-7,"Bologna-era training","Younger side"
"R_8EbElcK64q7udvF",46,"E. Secundaria",8,"1","8","2",0.444444444444444,-0.060368510298339,"Secondary teachers",39,7,"Pre-Bologna training","Older side"
"R_6DvBpRk6oYaowsR",53,"E. Primaria",31,"1","9","2",0.375,-0.0888846536296459,"Primary teachers",34,19,"Pre-Bologna training","Older side"
"R_2EYZEjdFTXDXz6p",26,"E. Primaria",5,"1","4","2",0.5,0.0368131325532512,"Primary teachers",34,-8,"Bologna-era training","Younger side"
"R_5CE1Hi7yOWyZDzK",56,"E. Secundaria",29,"1","2","1",0.222222222222222,-0.30290006546026,"Secondary teachers",39,17,"Pre-Bologna training","Older side"
"R_8ci4mYYIjcYaqit",54,"E. Secundaria",30,"1","7","2",0.555555555555556,0.143709637009977,"Secondary teachers",39,15,"Pre-Bologna training","Older side"
"R_2Mut7YzlwVtzn8C",33,"E. Secundaria",1,"1","7","3",0.5,0.0445976855155629,"Secondary teachers",39,-6,"Bologna-era training","Younger side"
"R_7HUOoixhyhhqRj3",46,"E. Secundaria",22,"0","3","3",0.555555555555556,0.0429889523716993,"Secondary teachers",39,7,"Pre-Bologna training","Older side"
"R_5QjakcwJ6wjxvEZ",59,"E. Secundaria",28,"1","8","2",0.666666666666667,0.155857253891397,"Secondary teachers",39,20,"Pre-Bologna training","Older side"
"R_2F5i1h3yBBY78Ba",52,"E. Primaria",24,"0","10","1",0.333333333333333,-0.0792191759400678,"Primary teachers",34,18,"Pre-Bologna training","Older side"
"R_8kmKOG26UpvBzXj",51,"E. Primaria",27,"0","9","2",0.75,0.296979732675524,"Primary teachers",34,17,"Pre-Bologna training","Older side"
"R_64eGYp9WEdSjPa9",35,"E. Primaria",12,"1","6","2",0.555555555555556,0.0429879164286182,"Primary teachers",34,1,"Pre-Bologna training","Older side"
"R_1RdW5C7PTw9ZwkF",46,"E. Secundaria",5,"0","2","1",0.222222222222222,-0.199405702439986,"Secondary teachers",39,7,"Pre-Bologna training","Older side"
"R_8IWulabWP96Vnie",49,"E. Primaria",3,"0","10","3",0.222222222222222,-0.314288955275094,"Primary teachers",34,15,"Pre-Bologna training","Older side"
"R_2ahejCFW3ZMY4Kt",25,"E. Primaria",3,"1","1","3",0.142857142857143,-0.266301095689412,"Primary teachers",34,-9,"Bologna-era training","Younger side"
"R_8hyiWj9R0EC3KlS",54,"E. Primaria",15,"0","1","2",0.444444444444444,-0.0785515020607456,"Primary teachers",34,20,"Pre-Bologna training","Older side"
"R_3psaALCxeehL1sf",61,"E. Secundaria",36,"1","8","2",0.375,-0.0807991398812625,"Secondary teachers",39,22,"Pre-Bologna training","Older side"
"R_1VB9aR2fAxCcFY5",55,"E. Secundaria",27,"1","1","1",0.555555555555556,0.134967140900248,"Secondary teachers",39,16,"Pre-Bologna training","Older side"
"R_5bIEeCtYOt8RRkC",54,"E. Primaria",25,"1","10","1",0.444444444444444,-0.0600768102611881,"Primary teachers",34,20,"Pre-Bologna training","Older side"
"R_3U5cXFqPgtHa1mr",30,"E. Primaria",3,"1","4","2",0.444444444444444,-0.067045589290615,"Primary teachers",34,-4,"Bologna-era training","Younger side"
"R_81uCy8o5pq2B1GI",39,"E. Secundaria",10,"1","2","1",0.5,0.0461910891424012,"Secondary teachers",39,0,"Bologna-era training","Younger side"
"R_7YRCADy5dW4M4lH",47,"E. Secundaria",9,"1","2","3",0.444444444444444,0.0322457922127985,"Secondary teachers",39,8,"Pre-Bologna training","Older side"
"R_5PTBPBGpe2L27Tp",55,"E. Secundaria",27,"0","4","3",0.333333333333333,-0.171842729615696,"Secondary teachers",39,16,"Pre-Bologna training","Older side"
"R_3c8CpxRW1sS7eke",43,"E. Secundaria",7,"0","5","3",0.333333333333333,-0.173259088395107,"Secondary teachers",39,4,"Pre-Bologna training","Older side"
"R_7MfdReer7hJAJHE",30,"E. Secundaria",2,"0","4","3",0.666666666666667,0.144377310889299,"Secondary teachers",39,-9,"Bologna-era training","Younger side"
"R_1ZtAy6OUGFne4JX",53,"E. Secundaria",5,"1","9","1",0.333333333333333,-0.201412079374787,"Secondary teachers",39,14,"Pre-Bologna training","Older side"
"R_57VyrGi3Lnx8pZT",42,"E. Secundaria",3,"1","8","2",0.428571428571429,0.0199620208977385,"Secondary teachers",39,3,"Pre-Bologna training","Older side"
"R_7ZVPyz3mHGkfn3Q",51,"E. Primaria",28,"0","9","1",0.444444444444444,-0.067045589290615,"Primary teachers",34,17,"Pre-Bologna training","Older side"
"R_7n2wRQhRHbDeTkn",58,"E. Secundaria",20,"1","3","3",0.333333333333333,-0.202832805858086,"Secondary teachers",39,19,"Pre-Bologna training","Older side"
"R_7VuehfAtLfJUDDj",42,"E. Secundaria",8,"1","7","1",0.666666666666667,0.142960952109887,"Secondary teachers",39,3,"Pre-Bologna training","Older side"
"R_5wwOBY1jyILYzip",55,"E. Secundaria",20,"0","4","1",0.555555555555556,0.134693483506886,"Secondary teachers",39,16,"Pre-Bologna training","Older side"
"R_5rfCz5xCNwzZ21U",35,"E. Primaria",5,"1","6","1",0.444444444444444,-0.0899548277306198,"Primary teachers",34,1,"Pre-Bologna training","Older side"
"R_1qKGxzSWWQwIByy",53,"E. Secundaria",8,"1","6","1",0.555555555555556,0.133274968067709,"Secondary teachers",39,14,"Pre-Bologna training","Older side"
"R_78EbTOYLEryTdo5",47,"E. Primaria",18,"1","8","3",0.333333333333333,-0.0882231831597806,"Primary teachers",34,13,"Pre-Bologna training","Older side"
"R_6dMWE2elKnXfsjL",53,"E. Secundaria",18,"0","7","3",0.333333333333333,-0.171843920134405,"Secondary teachers",39,14,"Pre-Bologna training","Older side"
"R_7YpJ51hUDh9rDzz",57,"E. Secundaria",21,"1","4","3",0.375,0.0188307167814037,"Secondary teachers",39,18,"Pre-Bologna training","Older side"
"R_6Si8VnycmSNshQx",42,"E. Primaria",10,"1","3","1",0.125,-0.339363663743091,"Primary teachers",34,8,"Pre-Bologna training","Older side"
"R_7disgRJaStIo6vo",45,"E. Secundaria",16,"0","7","2",0.777777777777778,0.267307118390042,"Secondary teachers",39,6,"Pre-Bologna training","Older side"
"R_3JE9D2OgzCXFRXb",58,"E. Primaria",30,"1","1","2",0.666666666666667,0.132959675557715,"Primary teachers",34,24,"Pre-Bologna training","Older side"
"R_54dWgUtojY4u1ni",42,"E. Secundaria",13,"1","3","3",0.666666666666667,0.161167148945449,"Secondary teachers",39,3,"Pre-Bologna training","Older side"
"R_7YMNrSMnVDEBikV",60,"E. Primaria",38,"1","6","2",0.375,-0.0807991398812625,"Primary teachers",34,26,"Pre-Bologna training","Older side"
"R_7aWdhSrU48bjwoy",27,"E. Primaria",4,"1","5","1",0.666666666666667,0.131545486938385,"Primary teachers",34,-7,"Bologna-era training","Younger side"
"R_7tG4QoEtTuh9OFo",45,"E. Primaria",18,"1","7","3",0.25,-0.106562364979603,"Primary teachers",34,11,"Pre-Bologna training","Older side"
"R_1QKkitePDhQoZ0E",49,"E. Primaria",11,"1","10","3",0,-0.525553691569171,"Primary teachers",34,15,"Pre-Bologna training","Older side"
"R_3mdHyQfzESTOtvt",46,"E. Secundaria",18,"1","2","1",0.555555555555556,0.04440427520803,"Secondary teachers",39,7,"Pre-Bologna training","Older side"
"R_3EoOHp6bMQhQ1cR",55,"E. Secundaria",26,"1","8","2",0.666666666666667,0.155857253891397,"Secondary teachers",39,16,"Pre-Bologna training","Older side"
"R_3wyjuSWeYvEEqTl",52,"E. Secundaria",21,"1","6","3",0.5,0.0465050767187313,"Secondary teachers",39,13,"Pre-Bologna training","Older side"
"R_3k00RtmHg5pxNpT",47,"E. Primaria",22,"0","8","2",0.5,0.0445964297389906,"Primary teachers",34,13,"Pre-Bologna training","Older side"
"R_7i58UIqBguvS1Ow",37,"E. Primaria",5,"1","10","3",0.333333333333333,-0.171842729615696,"Primary teachers",34,3,"Pre-Bologna training","Older side"
"R_7cC490MCLU36WxC",42,"E. Primaria",20,"1","2","2",0.75,0.287287228999823,"Primary teachers",34,8,"Pre-Bologna training","Older side"
"R_71U4CsrjaEkqunn",59,"E. Secundaria",34,"1","2","2",0.333333333333333,-0.0882231831597806,"Secondary teachers",39,20,"Pre-Bologna training","Older side"
"R_5yMSEvdIPIFgXm1",46,"E. Primaria",20,"1","3","1",0.625,0.171585410908963,"Primary teachers",34,12,"Pre-Bologna training","Older side"
"R_39RyO0eGBsf7oA1",44,"E. Primaria",21,"1","6","3",0.666666666666667,0.155857253891397,"Primary teachers",34,10,"Pre-Bologna training","Older side"
"R_5J2n5U9Lx7VqiUp",44,"E. Primaria",23,"1","7","3",0.555555555555556,0.143709637009977,"Primary teachers",34,10,"Pre-Bologna training","Older side"
"R_87vdlVaw9FNWTkr",37,"E. Primaria",9,"1","10","3",0.444444444444444,0.0218187913941409,"Primary teachers",34,3,"Pre-Bologna training","Older side"
"R_7eItvqFIV0NqcaZ",49,"E. Secundaria",27,"1","2","2",0.625,0.269621863944791,"Secondary teachers",39,10,"Pre-Bologna training","Older side"
"R_5pbwfRIbj2YXlwP",34,"E. Primaria",9,"1","2","3",0.666666666666667,0.132959675557715,"Primary teachers",34,0,"Bologna-era training","Younger side"
"R_2AZiUVg40cxE0mV",47,"E. Primaria",19,"1","9","3",0.428571428571429,0.0199620208977385,"Primary teachers",34,13,"Pre-Bologna training","Older side"
"R_87NKkhdS3vhDLWh",40,"E. Primaria",17,"0","7","3",0.777777777777778,0.274057727042218,"Primary teachers",34,6,"Pre-Bologna training","Older side"
"R_8prLm9wnraOl8aQ",40,"E. Primaria",8,"1","7","3",0.222222222222222,-0.3140180932726,"Primary teachers",34,6,"Pre-Bologna training","Older side"
"R_8RP5gHEQkJbul1H",40,"E. Secundaria",8,"1","4","2",0.444444444444444,-0.0913711865100316,"Secondary teachers",39,1,"Pre-Bologna training","Older side"
"R_8y7odve3ZndX2jn",41,"E. Primaria",17,"0","1","3",0.666666666666667,0.155857253891397,"Primary teachers",34,7,"Pre-Bologna training","Older side"
"R_3INuypnFCUkE0T7",38,"E. Secundaria",7,"1","6","1",0.5,0.0365059713703541,"Secondary teachers",39,-1,"Bologna-era training","Younger side"
"R_28zH1FD5WS7HWtQ",49,"E. Secundaria",3,"0","3","2",0.444444444444444,-0.0684619480700268,"Secondary teachers",39,10,"Pre-Bologna training","Older side"
"R_2YMp65Pz9pokThn",48,"E. Secundaria",24,"1","8","1",0.333333333333333,-0.0792191759400678,"Secondary teachers",39,9,"Pre-Bologna training","Older side"
"R_66EiD6qpObgGbW9",46,"E. Secundaria",20,"1","7","3",0.444444444444444,-0.0899548277306198,"Secondary teachers",39,7,"Pre-Bologna training","Older side"
"R_2J4AdJ80G7l8JkB",45,"E. Secundaria",8,"0","7","1",0.5,0.0461885855121373,"Secondary teachers",39,6,"Pre-Bologna training","Older side"
"R_2dTmpZLd4DgA0yg",26,"E. Secundaria",2,"0","5","3",0.444444444444444,0.0232351501735528,"Secondary teachers",39,-13,"Bologna-era training","Younger side"
"R_8rW2QadRNTCFiKJ",51,"E. Primaria",28,"1","8","2",0.285714285714286,-0.123341550530833,"Primary teachers",34,17,"Pre-Bologna training","Older side"
"R_29HezFibPPjs9C9",55,"E. Primaria",32,"1","3","3",0.666666666666667,0.142962075465575,"Primary teachers",34,21,"Pre-Bologna training","Older side"
"R_2gSmju9L6ngDd7U",25,"E. Secundaria",1,"0","3","1",0.375,0.0188307167814037,"Secondary teachers",39,-14,"Bologna-era training","Younger side"
"R_2BhS0lhV0vGytfr",45,"E. Secundaria",20,"1","8","3",0.333333333333333,-0.0893675982475333,"Secondary teachers",39,6,"Pre-Bologna training","Older side"
"R_7Lxmu72xxu81601",28,"E. Secundaria",2,"0","1","3",0.5,0.0461910891424012,"Secondary teachers",39,-11,"Bologna-era training","Younger side"
"R_2cYRAQTQSXIYI63",49,"E. Primaria",25,"1","2","2",0.428571428571429,0.0199620208977385,"Primary teachers",34,15,"Pre-Bologna training","Older side"
"R_5hAzU0gc8JJ7Kkr",58,"E. Secundaria",30,"0","6","1",0.555555555555556,0.0329134660921206,"Secondary teachers",39,19,"Pre-Bologna training","Older side"
"R_5tJ7PxdILS6hfLr",49,"E. Primaria",27,"0","9","1",0.5,0.144227542178229,"Primary teachers",34,15,"Pre-Bologna training","Older side"
"R_1eCpwk01sGOTNrg",45,"E. Primaria",20,"1","5","3",0.555555555555556,0.143709637009977,"Primary teachers",34,11,"Pre-Bologna training","Older side"
"R_5zxmho51WLDhC3T",45,"E. Primaria",20,"1","2","3",0.5,0.0461910891424012,"Primary teachers",34,11,"Pre-Bologna training","Older side"
"R_2DoNpV0ckuVpBbr",40,"E. Secundaria",9,"1","2","1",0.444444444444444,-0.0670445469920548,"Secondary teachers",39,1,"Pre-Bologna training","Older side"
"R_1IsmGiHBLDhtUm0",46,"E. Primaria",15,"0","5","1",0.444444444444444,-0.067045589290615,"Primary teachers",34,12,"Pre-Bologna training","Older side"
"R_3rJHoN4xTsTdCtI",56,"E. Primaria",29,"1","2","1",0,-0.536936964264823,"Primary teachers",34,22,"Pre-Bologna training","Older side"
"R_1pz1PaknIN7GJA1",57,"E. Secundaria",25,"1","10","1",0,-0.524133462428291,"Secondary teachers",39,18,"Pre-Bologna training","Older side"
"R_8f0NgjDcwIlJkRS",37,"E. Primaria",9,"0","3","3",0.375,-0.0807991398812625,"Primary teachers",34,3,"Pre-Bologna training","Older side"
"R_8RHc4KGwVWWgFUZ",54,"E. Primaria",27,"1","3","2",0.444444444444444,0.0218187913941409,"Primary teachers",34,20,"Pre-Bologna training","Older side"
"R_84o8ETVQTFQqAUF",45,"E. Secundaria",19,"1","2","3",0.5,0.0365071959001347,"Secondary teachers",39,6,"Pre-Bologna training","Older side"
"R_3DYTpKzBcz87Z4Z",40,"E. Primaria",16,"1","5","3",0.5,0.0461910891424012,"Primary teachers",34,6,"Pre-Bologna training","Older side"
"R_1jIB9Lu6gDGjSwB",50,"E. Primaria",27,"1","5","3",0.666666666666667,0.16116595842674,"Primary teachers",34,16,"Pre-Bologna training","Older side"
"R_87amrRlMHd8XQje",58,"E. Primaria",25,"1","8","2",0.666666666666667,0.154440895111986,"Primary teachers",34,24,"Pre-Bologna training","Older side"
"R_2viy5oPHU8aP3zG",50,"E. Secundaria",10,"0","10","3",0.666666666666667,0.142960952109887,"Secondary teachers",39,11,"Pre-Bologna training","Older side"
"R_3hQeoRVsENJbQLO",41,"E. Secundaria",15,"1","2","2",0.777777777777778,0.244414783916848,"Secondary teachers",39,2,"Pre-Bologna training","Older side"
"R_2wttb4gib2EbEOJ",48,"E. Primaria",24,"0","8","2",0.555555555555556,0.0215024239135477,"Primary teachers",34,14,"Pre-Bologna training","Older side"
"R_2CTtDKYjhxcFeF2",56,"E. Primaria",30,"1","10","1",0,-0.45507596183147,"Primary teachers",34,22,"Pre-Bologna training","Older side"
"R_7FPoG8kTMitjoSX",42,"E. Primaria",18,"1","3","3",0.333333333333333,-0.0789378504230953,"Primary teachers",34,8,"Pre-Bologna training","Older side"
"R_2DwP77D59LR7Xi0",36,"E. Secundaria",9,"1","9","2",0.5,0.0445976855155629,"Secondary teachers",39,-3,"Bologna-era training","Younger side"
"R_8MMMYBmR1s4grPe",59,"E. Secundaria",33,"1","7","3",0.555555555555556,0.0214980562096606,"Secondary teachers",39,20,"Pre-Bologna training","Older side"
"R_3aVnH1eLoa1UrKo",35,"E. Secundaria",4,"1","6","1",0.444444444444444,-0.061782480207973,"Secondary teachers",39,-4,"Bologna-era training","Younger side"
"R_865Bjg6paXs0b0D",54,"E. Secundaria",25,"1","9","3",0.666666666666667,0.244733301401042,"Secondary teachers",39,15,"Pre-Bologna training","Older side"
"R_8CfIv6bb5yavYNw",44,"E. Secundaria",6,"1","2","3",0.666666666666667,0.142960952109887,"Secondary teachers",39,5,"Pre-Bologna training","Older side"
"R_2dfCYHNDBHubEmW",44,"E. Secundaria",15,"0","9","2",0,-0.507398702320959,"Secondary teachers",39,5,"Pre-Bologna training","Older side"
"R_3s7cNKmzRIGpPZq",37,"E. Secundaria",5,"1","7","1",0.555555555555556,0.134693483506886,"Secondary teachers",39,-2,"Bologna-era training","Younger side"
"R_8dhHOAnK6hFCF5W",49,"E. Secundaria",23,"0","9","3",0.333333333333333,-0.191154250481832,"Secondary teachers",39,10,"Pre-Bologna training","Older side"
"R_8Fhtd33kGM8f496",59,"E. Primaria",32,"1","4","2",0.555555555555556,0.0429889523716993,"Primary teachers",34,25,"Pre-Bologna training","Older side"
"R_2Tvc5g6nbPJcN21",59,"E. Secundaria",38,"1","8","1",0.666666666666667,0.246149660180454,"Secondary teachers",39,20,"Pre-Bologna training","Older side"
"R_8d9u7ECrPi4JzK9",53,"E. Primaria",20,"1","4","2",0.375,0.0188307167814037,"Primary teachers",34,19,"Pre-Bologna training","Older side"
"R_62SzX90rbNKsOO2",34,"E. Primaria",5,"1","7","3",0.555555555555556,0.134691326847121,"Primary teachers",34,0,"Bologna-era training","Younger side"
"R_2zsUMGPGpPac0Lf",34,"E. Secundaria",3,"0","4","1",0.666666666666667,0.142960952109887,"Secondary teachers",39,-5,"Bologna-era training","Younger side"
"R_7Y4WOVuDYjXZ0Uq",42,"E. Primaria",20,"1","3","1",0.625,0.171585410908963,"Primary teachers",34,8,"Pre-Bologna training","Older side"
"R_1AG4ef7osD39wrK",45,"E. Secundaria",16,"0","5","2",0.375,-0.0804895064615845,"Secondary teachers",39,6,"Pre-Bologna training","Older side"
"R_7czk4v6jadlF38J",36,"E. Secundaria",2,"1","5","3",0.444444444444444,-0.061782480207973,"Secondary teachers",39,-3,"Bologna-era training","Younger side"
"R_3oou4fo3tADD7gm",41,"E. Primaria",15,"1","6","3",0.571428571428571,0.163266991788916,"Primary teachers",34,7,"Pre-Bologna training","Older side"
"R_1Ez4pqFjiNO3KBd",39,"E. Primaria",15,"0","1","1",0.444444444444444,-0.0899526575705379,"Primary teachers",34,5,"Pre-Bologna training","Older side"
"R_30OAW4pgNwZgaR4",41,"E. Secundaria",9,"1","6","2",0.5,0.144227542178229,"Secondary teachers",39,2,"Pre-Bologna training","Older side"
"R_7NOMq9wt746nALE",44,"E. Primaria",17,"1","6","3",0.555555555555556,0.0329123427364325,"Primary teachers",34,10,"Pre-Bologna training","Older side"
"R_2Ua9KwnFTe9tYPo",59,"E. Secundaria",31,"1","10","1",0.222222222222222,-0.314288955275094,"Secondary teachers",39,20,"Pre-Bologna training","Older side"
"R_2ou6G3RclcyuYEY",48,"E. Secundaria",21,"1","8","3",0,-0.505978473180078,"Secondary teachers",39,9,"Pre-Bologna training","Older side"
"R_5ygFvOj2N8G79El",56,"E. Secundaria",33,"0","2","2",0.444444444444444,0.0218187913941409,"Secondary teachers",39,17,"Pre-Bologna training","Older side"
"R_2SvLd2rqOT1HzzP",46,"E. Primaria",24,"1","1","3",0.444444444444444,-0.0684619480700268,"Primary teachers",34,12,"Pre-Bologna training","Older side"
"R_6EX27C3XWVp7NmG",42,"E. Primaria",18,"0","4","3",0.777777777777778,0.244414783916848,"Primary teachers",34,8,"Pre-Bologna training","Older side"
"R_7P1mlU8oUbavxyU",57,"E. Secundaria",25,"1","6","1",0.111111111111111,-0.401129909454273,"Secondary teachers",39,18,"Pre-Bologna training","Older side"
"R_8dbHO4dVS6jjYPT",59,"E. Secundaria",15,"1","8","1",0.125,-0.339363663743091,"Secondary teachers",39,20,"Pre-Bologna training","Older side"
"R_1kEUdd5UmQ6AIXv",48,"E. Primaria",14,"1","10","2",0,-0.413048601982842,"Primary teachers",34,14,"Pre-Bologna training","Older side"
"R_6vjBSuAPqn2ME6W",47,"E. Primaria",24,"0","5","2",0.333333333333333,-0.0896395419391924,"Primary teachers",34,13,"Pre-Bologna training","Older side"
"R_716fT7OODSYOten",39,"E. Secundaria",3,"0","6","1",0.555555555555556,0.143707411560853,"Secondary teachers",39,0,"Bologna-era training","Younger side"
"R_3k1vfhLW6GFvNqm",47,"E. Primaria",23,"0","6","1",0.555555555555556,0.0200860651341359,"Primary teachers",34,13,"Pre-Bologna training","Older side"
"R_6R9x2bcKMyMl6ZF",51,"E. Primaria",20,"1","5","2",0.444444444444444,-0.0684619480700268,"Primary teachers",34,17,"Pre-Bologna training","Older side"
"R_1fCevNjTOdT0qm6",59,"E. Secundaria",35,"0","4","3",0.555555555555556,0.0511080978887955,"Secondary teachers",39,20,"Pre-Bologna training","Older side"
"R_2j11jatsI3J2Mpi",42,"E. Primaria",20,"1","7","1",0,-0.524133462428291,"Primary teachers",34,8,"Pre-Bologna training","Older side"
"R_3h9jfpQS5bmo4up",55,"E. Secundaria",30,"1","2","1",0.5,0.0365059713703541,"Secondary teachers",39,16,"Pre-Bologna training","Older side"
"R_2vZZyUBYvtNgFhv",42,"E. Secundaria",13,"0","6","2",0.5,0.0365071959001347,"Secondary teachers",39,3,"Pre-Bologna training","Older side"
"R_82mftNuegtljQ6R",52,"E. Primaria",28,"1","5","2",0.375,-0.0807991398812625,"Primary teachers",34,18,"Pre-Bologna training","Older side"
"R_5L7LyX4TPbikhen",47,"E. Secundaria",8,"0","5","3",0.555555555555556,0.0511056932767496,"Secondary teachers",39,8,"Pre-Bologna training","Older side"
"R_2hyZNhvMISlUya0",49,"E. Secundaria",24,"0","7","1",0.444444444444444,-0.060368510298339,"Secondary teachers",39,10,"Pre-Bologna training","Older side"
"R_7FFgvTjq9KgxGx9",44,"E. Primaria",19,"1","6","1",0,-0.357040788341808,"Primary teachers",34,10,"Pre-Bologna training","Older side"
"R_8Eca9HO8CmWTiZm",49,"E. Primaria",20,"1","3","3",0,-0.514001039036879,"Primary teachers",34,15,"Pre-Bologna training","Older side"
"R_2Swcjms70FhiJEJ",59,"E. Secundaria",30,"0","5","3",0.333333333333333,-0.178496489732341,"Secondary teachers",39,20,"Pre-Bologna training","Older side"
"R_23gilYjv2P9RATD",46,"E. Secundaria",18,"1","1","2",0.666666666666667,0.161167148945449,"Secondary teachers",39,7,"Pre-Bologna training","Older side"
"R_8l8TLnvfW3XzXih",45,"E. Primaria",20,"1","2","1",0.666666666666667,0.144377310889299,"Primary teachers",34,11,"Pre-Bologna training","Older side"
"R_8hvauzcAZSj9zvr",47,"E. Primaria",23,"0","9","3",0.666666666666667,0.155857253891397,"Primary teachers",34,13,"Pre-Bologna training","Older side"
"R_8xkYlubrNuMpxbH",36,"E. Primaria",13,"1","8","1",0.333333333333333,-0.0792191759400678,"Primary teachers",34,2,"Pre-Bologna training","Older side"
"R_2Nfaz24GYD9Tgvz",49,"E. Secundaria",25,"1","5","1",0.555555555555556,0.0329123427364325,"Secondary teachers",39,10,"Pre-Bologna training","Older side"
"R_8haojEzqcqt6lHh",50,"E. Primaria",25,"1","6","1",0.666666666666667,0.246149660180454,"Primary teachers",34,16,"Pre-Bologna training","Older side"
"R_84k0Rhjb6mdzvrk",45,"E. Secundaria",7,"0","7","3",0.111111111111111,-0.425750574623148,"Secondary teachers",39,6,"Pre-Bologna training","Older side"
"R_5ddmMfHnqfGtKZE",42,"E. Secundaria",6,"1","6","1",0.5,0.0461910891424012,"Secondary teachers",39,3,"Pre-Bologna training","Older side"
"R_22PwYHHclWtYl0W",52,"E. Secundaria",26,"0","5","2",0.25,-0.213973038743091,"Secondary teachers",39,13,"Pre-Bologna training","Older side"
"R_8EcEvXLJqvuAnZF",51,"E. Primaria",25,"1","8","2",0.571428571428571,0.16326557463971,"Primary teachers",34,17,"Pre-Bologna training","Older side"
"R_8kNgOoIZ9OX1gA3",56,"E. Secundaria",29,"1","7","3",0.5,0.0461910891424012,"Secondary teachers",39,17,"Pre-Bologna training","Older side"
"R_2KlUCH4s4DdqqFr",34,"E. Primaria",6,"1","9","1",0.375,-0.0792057362544242,"Primary teachers",34,0,"Bologna-era training","Younger side"
"R_212L6NU4gLNFHVL",41,"E. Primaria",15,"1","6","3",0.333333333333333,-0.173259088395107,"Primary teachers",34,7,"Pre-Bologna training","Older side"
"R_6BntZDN9dg7vMeu",44,"E. Secundaria",19,"1","2","3",0.5,0.0461910891424012,"Secondary teachers",39,5,"Pre-Bologna training","Older side"
"R_5wKV3dniUyBjJgM",47,"E. Primaria",24,"1","8","2",0.444444444444444,-0.0799678608401575,"Primary teachers",34,13,"Pre-Bologna training","Older side"
"R_3MRkcLuq8N3E8tJ",51,"E. Primaria",27,"1","10","3",0.666666666666667,0.16116595842674,"Primary teachers",34,17,"Pre-Bologna training","Older side"
"R_8py8c6PXx98kH7U",37,"E. Secundaria",10,"0","6","2",0.666666666666667,0.154440895111986,"Secondary teachers",39,-2,"Bologna-era training","Younger side"
"R_3Fb7pka5Kuo4zdj",54,"E. Secundaria",28,"0","4","2",0.444444444444444,-0.0617848690777509,"Secondary teachers",39,15,"Pre-Bologna training","Older side"
"R_3fUXXxwXq2Zt6DH",42,"E. Primaria",19,"1","10","1",0.444444444444444,-0.0913711865100316,"Primary teachers",34,8,"Pre-Bologna training","Older side"
"R_3WMUYd1mUKy6Bqr",43,"E. Primaria",15,"0","10","2",0.333333333333333,-0.0896395419391924,"Primary teachers",34,9,"Pre-Bologna training","Older side"
"R_52PA9UA1hhv9Jlt",50,"E. Secundaria",26,"0","4","3",0.375,0.0188307167814037,"Secondary teachers",39,11,"Pre-Bologna training","Older side"
"R_8PkGxDaQoGp4OaJ",61,"E. Primaria",15,"1","3","3",0.375,0.0191434405825847,"Primary teachers",34,27,"Pre-Bologna training","Older side"
"R_6qZZdCen5MJcaFU",51,"E. Secundaria",20,"0","5","2",0.625,0.269621863944791,"Secondary teachers",39,12,"Pre-Bologna training","Older side"
"R_7IBpjirKx9y6sBF",45,"E. Primaria",20,"1","4","1",0.5,0.0365059713703541,"Primary teachers",34,11,"Pre-Bologna training","Older side"
"R_2uTwelsWKo1drNv",50,"E. Primaria",24,"0","4","2",0.2,-0.295602564132905,"Primary teachers",34,16,"Pre-Bologna training","Older side"
"R_2QsCi2I4MU7tpxV",48,"E. Primaria",21,"1","4","3",0,-0.422320212446887,"Primary teachers",34,14,"Pre-Bologna training","Older side"
"R_8Q0Lld6Cn3zlwyR",43,"E. Primaria",19,"0","8","3",0.5,0.0365059713703541,"Primary teachers",34,9,"Pre-Bologna training","Older side"
"R_8QMeVY44zWMe2pT",50,"E. Secundaria",20,"0","5","1",0.428571428571429,0.0199620208977385,"Secondary teachers",39,11,"Pre-Bologna training","Older side"
"R_222E5bfBGAsHqpM",54,"E. Secundaria",30,"0","1","2",0.666666666666667,0.144377310889299,"Secondary teachers",39,15,"Pre-Bologna training","Older side"
"R_8TZeAHQISAF7CHT",27,"E. Primaria",3,"1","1","3",0.333333333333333,-0.173262683525862,"Primary teachers",34,-7,"Bologna-era training","Younger side"
"R_8dt2N1U5DUuuski",43,"E. Primaria",16,"0","7","2",0,-0.50843717549325,"Primary teachers",34,9,"Pre-Bologna training","Older side"
"R_7qXvDOLTJb8WRBn",47,"E. Primaria",22,"1","3","1",0.555555555555556,0.0496917391093836,"Primary teachers",34,13,"Pre-Bologna training","Older side"
"R_6wYMhrbEJjCpbJ7",52,"E. Primaria",30,"1","7","3",0.666666666666667,0.131543316778303,"Primary teachers",34,18,"Pre-Bologna training","Older side"
"R_2CWjWlWu7gQXYJN",55,"E. Primaria",30,"1","4","1",0.555555555555556,0.0200860651341359,"Primary teachers",34,21,"Pre-Bologna training","Older side"
"R_8EKhMVcAwQYTzHt",46,"E. Primaria",25,"1","9","2",1,0.139566395663957,"Primary teachers",34,12,"Pre-Bologna training","Older side"
"R_72RnhW28OJnHbqm",46,"E. Primaria",20,"0","6","1",0.666666666666667,0.132959675557715,"Primary teachers",34,12,"Pre-Bologna training","Older side"
"R_8NE2pOjSiBJzJZd",51,"E. Primaria",20,"1","6","1",0.333333333333333,-0.173259088395107,"Primary teachers",34,17,"Pre-Bologna training","Older side"
"R_8dQSHgNOp8JBosf",60,"E. Secundaria",37,"1","5","1",1,0.139566395663957,"Secondary teachers",39,21,"Pre-Bologna training","Older side"
"R_8KjV59EVHtdGIMx",49,"E. Secundaria",5,"1","1","2",0.571428571428571,0.163261376169633,"Secondary teachers",39,10,"Pre-Bologna training","Older side"
"R_2uCEqLmykOlaEgx",32,"E. Secundaria",7,NA,"6","2",1,0.152313624678663,"Secondary teachers",39,-7,"Bologna-era training","Younger side"
"R_2kgW8A9alytBkQ1",37,"E. Primaria",16,"1","9","2",0.428571428571429,0.0199620208977385,"Primary teachers",34,3,"Pre-Bologna training","Older side"
"R_2aDzQIX9QuXgZIn",45,"E. Primaria",21,"1","5","2",0.555555555555556,0.0444063534496713,"Primary teachers",34,11,"Pre-Bologna training","Older side"
"R_2oADIQZhwhga9rL",51,"E. Primaria",25,"1","5","3",0.666666666666667,0.0928235184862386,"Primary teachers",34,17,"Pre-Bologna training","Older side"
"R_25ZAaRo2KK3M3oK",47,"E. Primaria",20,"0","8","2",0,-0.861111111111111,"Primary teachers",34,13,"Pre-Bologna training","Older side"
"R_82QA91fVqnYhyIH",47,"E. Primaria",24,"0","1","3",0.6,0.108774114610342,"Primary teachers",34,13,"Pre-Bologna training","Older side"
"R_8ANBBgX2PulAe2y",47,"E. Primaria",20,"0","8","1",1,0.152313624678663,"Primary teachers",34,13,"Pre-Bologna training","Older side"
"R_2Lvs4FOwU50mTBf",47,"E. Primaria",21,NA,"1","3",0.333333333333333,-0.42388285253569,"Primary teachers",34,13,"Pre-Bologna training","Older side"
"R_8kcg73e7PwPLlGp",51,"E. Secundaria",25,"0","4","3",0.333333333333333,-0.13918149448723,"Secondary teachers",39,12,"Pre-Bologna training","Older side"
"R_8PzSdf1x0e3Qag9",48,"E. Secundaria",22,"1","8","2",0,-0.422320212446887,"Secondary teachers",39,9,"Pre-Bologna training","Older side"
"R_2xYp9W7y03DH8E9",46,"E. Primaria",21,"1","7","1",1,0.500240832141361,"Primary teachers",34,12,"Pre-Bologna training","Older side"
"R_2VdtSGZ6pUoZ0b8",52,"E. Secundaria",17,"0","8","3",0.5,0.0445976855155629,"Secondary teachers",39,13,"Pre-Bologna training","Older side"
"R_8NrWTJ8LP1sfWpI",34,"E. Primaria",10,"1","9","1",0.444444444444444,-0.0899580932073467,"Primary teachers",34,0,"Bologna-era training","Younger side"
"R_2QGJkKhRSQCKjvz",49,"E. Primaria",21,"0","8","1",0.375,0.0188307167814037,"Primary teachers",34,15,"Pre-Bologna training","Older side"
"R_2Qh7jVisxk8BPrs",30,"E. Primaria",4,"0","8","3",0.666666666666667,0.155857253891397,"Primary teachers",34,-4,"Bologna-era training","Younger side"
"R_81n2Pfpvr0y4U0w",45,"E. Primaria",23,"0","6","1",1,0.152313624678663,"Primary teachers",34,11,"Pre-Bologna training","Older side"
"R_8dM0VjJXIMlchsl",50,"E. Primaria",28,"1","2","1",0.555555555555556,0.134693483506886,"Primary teachers",34,16,"Pre-Bologna training","Older side"
"R_81hnRblqYZyF06w",32,"E. Secundaria",5,"1","6","1",1,0.139566395663957,"Secondary teachers",39,-7,"Bologna-era training","Younger side"
"R_8wvmESv9I8Og5wi",47,"E. Primaria",22,"1","9","2",1,0.152313624678663,"Primary teachers",34,13,"Pre-Bologna training","Older side"
"R_8EAMQZeQ35Iwco5",44,"E. Primaria",18,"1","1","1",0.375,-0.0138827194293915,"Primary teachers",34,10,"Pre-Bologna training","Older side"
"R_2KpRdCfz8tIzkxU",50,"E. Primaria",20,"1","10","2",1,0.152313624678663,"Primary teachers",34,16,"Pre-Bologna training","Older side"
"R_2TTqBu4TtK0eZmC",60,"E. Primaria",34,"1","1","1",0,-0.524133462428291,"Primary teachers",34,26,"Pre-Bologna training","Older side"
"R_5gXUJPs6C1VFUgF",42,"E. Primaria",20,"1","9","2",0.444444444444444,-0.0799678608401575,"Primary teachers",34,8,"Pre-Bologna training","Older side"
"R_2qWC0MbcglCE38L",53,"E. Secundaria",23,"0","3","1",0.111111111111111,-0.301866082702636,"Secondary teachers",39,14,"Pre-Bologna training","Older side"
"R_25QIY38qjI6vdc8",54,"E. Secundaria",29,"1","8","2",0.444444444444444,-0.060368510298339,"Secondary teachers",39,15,"Pre-Bologna training","Older side"
"R_2gUCNCLMf1Ijomm",43,"E. Primaria",19,"1","8","3",0,-0.861111111111111,"Primary teachers",34,9,"Pre-Bologna training","Older side"
"R_8DwQoWxJ6KNRSN3",43,"E. Secundaria",13,"1","5","1",0.4,0.0165210074047378,"Secondary teachers",39,4,"Pre-Bologna training","Older side"
"R_2jXy05iKPNgTb21",46,"E. Secundaria",17,"0","7","1",0.666666666666667,0.132959675557715,"Secondary teachers",39,7,"Pre-Bologna training","Older side"
"R_2PCbKsmLGed5mPG",42,"E. Primaria",17,"0","4","2",1,0.152313624678663,"Primary teachers",34,8,"Pre-Bologna training","Older side"
"R_2GqWkAXZ4wBlqNc",52,"E. Secundaria",3,"1","3","3",0.666666666666667,0.154440895111986,"Secondary teachers",39,13,"Pre-Bologna training","Older side"
"R_22oJRT42EtMYJ5D",52,"E. Secundaria",25,"0","4","3",0.5,-0.0816088011011938,"Secondary teachers",39,13,"Pre-Bologna training","Older side"
"R_2TyFmJ8YblVmaYk",51,"E. Secundaria",20,"1","1","3",0.777777777777778,0.267307118390042,"Secondary teachers",39,12,"Pre-Bologna training","Older side"
"R_3xPZYTLcRXRq6X2",27,"E. Primaria",3,"1","6","3",0,-0.848329048843188,"Primary teachers",34,-7,"Bologna-era training","Younger side"
"R_7QlsHuLv8SZSIV7",64,"E. Secundaria",37,"0","2","2",0.142857142857143,-0.266649346835475,"Secondary teachers",39,25,"Pre-Bologna training","Older side"
"R_8GCzyLBh0XEdiOM",53,"E. Primaria",20,"0","8","1",0.888888888888889,0.355872035561016,"Primary teachers",34,19,"Pre-Bologna training","Older side"
"R_2wBwIEu6I1dtoid",54,"E. Primaria",25,"0","1","1",0,-0.848329048843188,"Primary teachers",34,20,"Pre-Bologna training","Older side"
"R_2CU4h6ww2sB1iSw",56,"E. Primaria",30,"1","2","3",0.666666666666667,0.0813062449444624,"Primary teachers",34,22,"Pre-Bologna training","Older side"
"R_5HhHcZMrcxgXXS2",29,"E. Primaria",6,"1","2","2",0.285714285714286,-0.123341550530833,"Primary teachers",34,-5,"Bologna-era training","Younger side"
"R_8JRzjboKohaWvOp",50,"E. Primaria",28,"1","5","1",0,-0.861111111111111,"Primary teachers",34,16,"Pre-Bologna training","Older side"
"R_820a68ZdIpBuSZQ",32,"E. Primaria",5,"0","10","1",1,0.376340574881159,"Primary teachers",34,-2,"Bologna-era training","Younger side"
"R_82PGl0WpnaDNm5r",47,"E. Primaria",14,"0","6","1",0,-0.848329048843188,"Primary teachers",34,13,"Pre-Bologna training","Older side"
"R_2IbB5oHK5p2ow4T",47,"E. Secundaria",20,"0","6","3",0.444444444444444,0.0322457922127985,"Secondary teachers",39,8,"Pre-Bologna training","Older side"
"R_1tG7ekp4jkUfmF3",49,"E. Primaria",27,"1","4","2",1,0.137821172515523,"Primary teachers",34,15,"Pre-Bologna training","Older side"
"R_2agAsKChTCl9Ni3",41,"E. Secundaria",17,"1","5","2",0,-0.848329048843188,"Secondary teachers",39,2,"Pre-Bologna training","Older side"
"R_3CjOfVp4uoJg0nL",55,"E. Primaria",28,"1","7","1",0.111111111111111,-0.301586982634787,"Primary teachers",34,21,"Pre-Bologna training","Older side"
"R_2LuImU3HvXmDgdZ",33,"E. Secundaria",2,"0","7","2",1,0.152313624678663,"Secondary teachers",39,-6,"Bologna-era training","Younger side"
"R_2b3LHN2BUyPD2fj",47,"E. Primaria",22,"1","7","2",0.555555555555556,0.0215024239135477,"Primary teachers",34,13,"Pre-Bologna training","Older side"
"R_8CHFHPKUS7ACHhn",31,"E. Primaria",8,"1","1","3",1,0.152313624678663,"Primary teachers",34,-3,"Bologna-era training","Younger side"
"R_8E75GwpqCJ4NIHa",45,"E. Primaria",16,"1","7","2",0.375,-0.0788929965317857,"Primary teachers",34,11,"Pre-Bologna training","Older side"
"R_7OJpR13ttS9qhDr",36,"E. Primaria",8,"1","5","2",0.333333333333333,-0.0896395419391924,"Primary teachers",34,2,"Pre-Bologna training","Older side"
"R_2Dp504PuUjlwCWI",31,"E. Secundaria",4,"1","3","1",0.444444444444444,-0.067045589290615,"Secondary teachers",39,-8,"Bologna-era training","Younger side"
"R_3QcmRuALmHI5Pxk",50,"E. Secundaria",23,"1","2","3",0.5,-0.101703356199566,"Secondary teachers",39,11,"Pre-Bologna training","Older side"
"R_2OB6rZe2U5xNlAy",45,"E. Secundaria",8,"1","10","1",0.666666666666667,0.155857253891397,"Secondary teachers",39,6,"Pre-Bologna training","Older side"
"R_22SE6SvX8I8c1q1",60,"E. Primaria",36,"1","9","1",0.666666666666667,0.155857253891397,"Primary teachers",34,26,"Pre-Bologna training","Older side"
"R_2AM3WyBcVRFvzT5",37,"E. Secundaria",7,"1","1","3",0.375,0.0188307167814037,"Secondary teachers",39,-2,"Bologna-era training","Younger side"
"R_8z7mBvivmQbCb3E",57,"E. Primaria",20,"1","9","1",1,0.152313624678663,"Primary teachers",34,23,"Pre-Bologna training","Older side"
"R_28UpaXWyswBpg84",44,"E. Primaria",22,"0","4","2",0.375,-0.0807978841046903,"Primary teachers",34,10,"Pre-Bologna training","Older side"
"R_3p9LG7suOSybhrX",42,"E. Primaria",18,"1","10","1",1,0.152313624678663,"Primary teachers",34,8,"Pre-Bologna training","Older side"
"R_2xL8G1JAJEX0LHW",29,"E. Secundaria",2,"0","6","2",0,-0.861111111111111,"Secondary teachers",39,-10,"Bologna-era training","Younger side"
"R_1lsHtXTQGwBnahb",45,"E. Primaria",20,"1","1","3",0.666666666666667,0.244733301401042,"Primary teachers",34,11,"Pre-Bologna training","Older side"
"R_1K44cd9fVJpEorn",45,"E. Secundaria",20,"1","2","3",0.333333333333333,-0.079214724908096,"Secondary teachers",39,6,"Pre-Bologna training","Older side"
"R_3d3JcqDhZG9w2EJ",42,"E. Primaria",19,"1","4","1",0.5,0.033505595308319,"Primary teachers",34,8,"Pre-Bologna training","Older side"
"R_2mkjcPJaxnmS3u1",49,"E. Primaria",22,"1","2","1",0.666666666666667,0.144377310889299,"Primary teachers",34,15,"Pre-Bologna training","Older side"
"R_3CyAgFFYQsKTKxj",36,"E. Primaria",8,"1","3","2",0.5,-0.0832181876606684,"Primary teachers",34,2,"Pre-Bologna training","Older side"
"R_2FCZWyaeFQOYqQL",54,"E. Primaria",29,"0","4","1",0.333333333333333,-0.00247495356840604,"Primary teachers",34,20,"Pre-Bologna training","Older side"
"R_2Mtn5Jf82BKDaA1",47,"E. Secundaria",15,"1","5","1",0.5,0.0365059713703541,"Secondary teachers",39,8,"Pre-Bologna training","Older side"
"R_8KPCfkmahPqQd0Q",42,"E. Secundaria",17,"0","3","1",0.222222222222222,-0.190405565581742,"Secondary teachers",39,3,"Pre-Bologna training","Older side"
"R_75Y3nr9owgEYrYf",49,"E. Secundaria",25,"1","8","1",0,-0.47944635028581,"Secondary teachers",39,10,"Pre-Bologna training","Older side"
"R_2P7NjUR7adnMjom",55,"E. Primaria",31,"1","5","1",1,0.127959298460909,"Primary teachers",34,21,"Pre-Bologna training","Older side"
"R_87gucSaWMPyPFyM",39,"E. Secundaria",7,"1","4","1",0.444444444444444,-0.0913711865100316,"Secondary teachers",39,0,"Bologna-era training","Younger side"
"R_7miv1an0cQBFNpT",48,"E. Secundaria",22,"1","9","2",1,0.139566395663957,"Secondary teachers",39,9,"Pre-Bologna training","Older side"
"R_2AZMYrTb7u6938v",51,"E. Secundaria",10,"1","8","1",0.375,0.0188307167814037,"Secondary teachers",39,12,"Pre-Bologna training","Older side"
"R_8G0KAOn7XgEkLr3",37,"E. Primaria",14,"1","4","3",0,-0.512580809895999,"Primary teachers",34,3,"Pre-Bologna training","Older side"
"R_3IWmBeCP5mNolRn",57,"E. Primaria",10,"0","2","2",0.444444444444444,0.0220885784260347,"Primary teachers",34,23,"Pre-Bologna training","Older side"
"R_5Xn7kWBcAgurLZO",55,"E. Primaria",25,"1","6","2",1,0.139566395663957,"Primary teachers",34,21,"Pre-Bologna training","Older side"
"R_2S90RnBuN5VeMtl",45,"E. Primaria",18,"0","4","3",0.375,-0.0888846536296459,"Primary teachers",34,11,"Pre-Bologna training","Older side"
"R_7OqC1qAtKJ7hqk9",54,"E. Primaria",30,"1","1","2",0.5,0.044595181885299,"Primary teachers",34,20,"Pre-Bologna training","Older side"
"R_6uJmgirTCU6PcTa",44,"E. Secundaria",18,"1","8","3",0.444444444444444,-0.067045589290615,"Secondary teachers",39,5,"Pre-Bologna training","Older side"
"R_8GkElgMjhKT22lj",51,"E. Secundaria",25,"1","4","3",1,0.139566395663957,"Secondary teachers",39,12,"Pre-Bologna training","Older side"
"R_80yjfVVM5kmPxLz",52,"E. Primaria",20,"1","8","3",0.666666666666667,0.154440895111986,"Primary teachers",34,18,"Pre-Bologna training","Older side"
"R_81aoJghcIn7BS48",51,"E. Primaria",27,"1","10","2",0.6,-0.0815545904578017,"Primary teachers",34,17,"Pre-Bologna training","Older side"
"R_7UfNg7vScZR9HPz",43,"E. Secundaria",16,"1","6","2",0.666666666666667,0.154439859168904,"Secondary teachers",39,4,"Pre-Bologna training","Older side"
"R_8aOmqNQfGfaqN3z",44,"E. Secundaria",20,"1","2","2",0,-0.861111111111111,"Secondary teachers",39,5,"Pre-Bologna training","Older side"
"R_6QL6DW9OQJLsdY3",55,"E. Primaria",28,"0","5","2",0.375,0.0188307167814037,"Primary teachers",34,21,"Pre-Bologna training","Older side"
"R_8pMjR6w4swSD6dH",60,"E. Primaria",26,"1","8","2",1,0.152313624678663,"Primary teachers",34,26,"Pre-Bologna training","Older side"
"R_26RlSgsS81jlIad",45,"E. Primaria",23,"0","7","1",0.5,0.0365059713703541,"Primary teachers",34,11,"Pre-Bologna training","Older side"
"R_5F5N9gnrjvYOzSg",47,"E. Secundaria",22,"0","2","3",1,0.139566395663957,"Secondary teachers",39,8,"Pre-Bologna training","Older side"
"R_3G6XEmcHKJoa0sh",49,"E. Secundaria",22,"0","9","3",0.2,-0.237139000097211,"Secondary teachers",39,10,"Pre-Bologna training","Older side"
"R_2Tpcv0ZwHkPsK1B",62,"E. Primaria",35,"1","3","1",0,-0.40960327637477,"Primary teachers",34,28,"Pre-Bologna training","Older side"
"R_6b47IMckvJQIGEO",45,"E. Primaria",12,"1","8","1",0,-0.594082252599603,"Primary teachers",34,11,"Pre-Bologna training","Older side"
"R_2eEieRuR0V02ecP",50,"E. Primaria",22,"1","5","2",0.375,-0.0888846536296459,"Primary teachers",34,16,"Pre-Bologna training","Older side"
"R_2NOKkMrnUfwbba5",34,"E. Primaria",7,"1","10","2",0,-0.861111111111111,"Primary teachers",34,0,"Bologna-era training","Younger side"
"R_840BLJOLxljp4NJ",58,"E. Secundaria",25,"0","9","1",0,-0.422320212446887,"Secondary teachers",39,19,"Pre-Bologna training","Older side"
"R_8TT3300JowIkLat",45,"E. Primaria",20,"1","1","3",0.5,0.000382566917151841,"Primary teachers",34,11,"Pre-Bologna training","Older side"
"R_2MywYnj4XcjnGAE",52,"E. Primaria",28,"0","3","1",1,0.152313624678663,"Primary teachers",34,18,"Pre-Bologna training","Older side"
"R_5nGAF30PBxqaAjK",60,"E. Primaria",28,"1","9","3",0.555555555555556,0.04440427520803,"Primary teachers",34,26,"Pre-Bologna training","Older side"
"R_623tzEwixpzN5Id",36,"E. Primaria",3,"1","2","2",1,0.152313624678663,"Primary teachers",34,2,"Pre-Bologna training","Older side"
"R_2aQuOBaahvdO2ia",48,"E. Secundaria",14,"0","9","2",0,-0.861111111111111,"Secondary teachers",39,9,"Pre-Bologna training","Older side"
"R_3EVVfmR2jQHQqmz",64,"E. Secundaria",37,"0","10","3",1,0.152313624678663,"Secondary teachers",39,25,"Pre-Bologna training","Older side"
"R_22PAfw1BGy1P8ZO",50,"E. Secundaria",23,"0","4","2",0.444444444444444,0.0322457922127985,"Secondary teachers",39,11,"Pre-Bologna training","Older side"
"R_5QG1CMbJRrn8D3w",51,"E. Primaria",24,"0","2","3",0.571428571428571,0.163265601045703,"Primary teachers",34,17,"Pre-Bologna training","Older side"
"R_8FQyplQOycxb78x",58,"E. Primaria",30,"1","1","3",0.25,-0.106567372390571,"Primary teachers",34,24,"Pre-Bologna training","Older side"
"R_1loTsQE2eQQ1NhK",48,"E. Primaria",25,"0","8","1",1,0.139566395663957,"Primary teachers",34,14,"Pre-Bologna training","Older side"
"R_1gorhEuwTxZuC8n",44,"E. Secundaria",5,"1","10","1",0.444444444444444,-0.0899548277306198,"Secondary teachers",39,5,"Pre-Bologna training","Older side"
"R_1H6UgB1XhTjPxeG",32,"E. Primaria",6,"1","2","2",0,-0.861111111111111,"Primary teachers",34,-2,"Bologna-era training","Younger side"
"R_6sOKh6rHff6GuI1",45,"E. Secundaria",10,NA,"3","2",0.555555555555556,0.0329100744220623,"Secondary teachers",39,6,"Pre-Bologna training","Older side"
"R_2c57GImGlNxCCK0",48,"E. Primaria",23,"1","2","3",0,-0.45507596183147,"Primary teachers",34,14,"Pre-Bologna training","Older side"
"R_6kKSIMUNNYKOi1h",46,"E. Secundaria",16,"1","7","1",0.555555555555556,0.0215024239135477,"Secondary teachers",39,7,"Pre-Bologna training","Older side"
"R_1pfN4qdIwoQfXDG",55,"E. Secundaria",28,"0","5","2",0.5,0.0445976855155629,"Secondary teachers",39,16,"Pre-Bologna training","Older side"
"R_2ODLAZt8Bu7WfKh",55,"E. Secundaria",19,"0","8","2",1,0.152313624678663,"Secondary teachers",39,16,"Pre-Bologna training","Older side"
"R_6iqDg9G1i8zOCTp",49,"E. Primaria",23,"1","2","2",1,0.152313624678663,"Primary teachers",34,15,"Pre-Bologna training","Older side"
"R_6Sfc2kkzx4Wa9dI",43,"E. Secundaria",6,"1","9","2",0.555555555555556,0.0200860651341359,"Secondary teachers",39,4,"Pre-Bologna training","Older side"
"R_5Ho7WNzRL0z7rMB",42,"E. Primaria",18,"1","6","3",0.111111111111111,-0.301862212341168,"Primary teachers",34,8,"Pre-Bologna training","Older side"
"R_22rclOpsmNwnCNh",42,"E. Primaria",17,"1","7","3",0,-0.848329048843188,"Primary teachers",34,8,"Pre-Bologna training","Older side"
"R_5XGBU53xloBl88p",34,"E. Secundaria",4,"0","8","1",0.555555555555556,0.0496893502396057,"Secondary teachers",39,-5,"Bologna-era training","Younger side"
"R_8tyARsZ8OebfyWn",29,"E. Primaria",3,"1","1","3",1,0.400839629079883,"Primary teachers",34,-5,"Bologna-era training","Younger side"
"R_1fl9qRUUjVspyuu",39,"E. Primaria",17,"1","2","1",0.666666666666667,0.132959675557715,"Primary teachers",34,5,"Pre-Bologna training","Older side"
"R_78INnfmt1MdZuTv",37,"E. Primaria",17,"1","5","2",0.555555555555556,0.0314971073127088,"Primary teachers",34,3,"Pre-Bologna training","Older side"
"R_15VsYeDnosemIQp",51,"E. Primaria",28,"1","1","2",0.75,0.169831018332196,"Primary teachers",34,17,"Pre-Bologna training","Older side"
"R_51gSVUM2m9qVcdS",35,"E. Primaria",9,"0","2","2",0.375,-0.0792057362544242,"Primary teachers",34,1,"Pre-Bologna training","Older side"
"R_51pa9S4wN1mLGoh",42,"E. Secundaria",18,"1","8","3",1,0.152313624678663,"Secondary teachers",39,3,"Pre-Bologna training","Older side"
"R_5HklMT82rrTuMxC",36,"E. Primaria",6,"1","7","3",0.625,0.161897820900135,"Primary teachers",34,2,"Pre-Bologna training","Older side"
"R_7jcBcUWxnVGBFj7",46,"E. Primaria",20,"1","6","1",0,-0.848329048843188,"Primary teachers",34,12,"Pre-Bologna training","Older side"
"R_34Jk1iPRFSOHXRp",36,"E. Primaria",10,"1","10","1",1,0.152313624678663,"Primary teachers",34,2,"Pre-Bologna training","Older side"
"R_6xKONCS3EtQBmdr",57,"E. Primaria",31,"1","5","2",0.444444444444444,0.0218187913941409,"Primary teachers",34,23,"Pre-Bologna training","Older side"
"R_72LqE5lovGbc9IZ",54,"E. Secundaria",22,"0","4","2",0.444444444444444,-0.0913711865100316,"Secondary teachers",39,15,"Pre-Bologna training","Older side"
"R_7YZeCRMnG8wXzIR",62,"E. Primaria",30,NA,"6","2",0,-0.464443997933322,"Primary teachers",34,28,"Pre-Bologna training","Older side"
"R_55FRtpVgJgkql7u",42,"E. Primaria",16,"1","9","1",0.777777777777778,0.244414783916848,"Primary teachers",34,8,"Pre-Bologna training","Older side"
"R_1v69PtoBtMMFRBD",46,"E. Primaria",19,"1","1","2",0.444444444444444,0.0218187913941409,"Primary teachers",34,12,"Pre-Bologna training","Older side"
"R_2gmRemcE1eEuBNf",41,"E. Primaria",13,"1","6","2",0.777777777777778,0.267307118390042,"Primary teachers",34,7,"Pre-Bologna training","Older side"
"R_13UQgYvbaquCewF",45,"E. Primaria",23,"0","5","1",0.6,0.0761599640443169,"Primary teachers",34,11,"Pre-Bologna training","Older side"
"R_2g6Kj45ucJTidKj",44,"E. Primaria",15,"1","8","2",0,-0.861111111111111,"Primary teachers",34,10,"Pre-Bologna training","Older side"
"R_8dFfwj32UmFyOj5",43,"E. Primaria",16,"1","5","2",0,-0.861111111111111,"Primary teachers",34,9,"Pre-Bologna training","Older side"
"R_2OTScJM3tz0IU79",60,"E. Primaria",34,"1","10","3",0.666666666666667,0.132954266795954,"Primary teachers",34,26,"Pre-Bologna training","Older side"
"R_2V45eWxVGHVEZNP",37,"E. Primaria",8,"1","4","2",0,-0.848329048843188,"Primary teachers",34,3,"Pre-Bologna training","Older side"
"R_3hox6vOIfHzhrJT",30,"E. Primaria",7,"1","1","2",0.5,0.0380751997016811,"Primary teachers",34,-4,"Bologna-era training","Younger side"
"R_57Vk3RrvlReru9U",38,"E. Secundaria",2,"1","9","3",0.5,0.0461910891424012,"Secondary teachers",39,-1,"Bologna-era training","Younger side"
"R_3sdyGv4wgYR8QoF",49,"E. Secundaria",4,"1","9","3",0.428571428571429,-0.0145288898624524,"Secondary teachers",39,10,"Pre-Bologna training","Older side"
"R_2IXdNfxgAjxX77u",29,"E. Secundaria",4,"1","10","3",0.888888888888889,0.378755953243133,"Secondary teachers",39,-10,"Bologna-era training","Younger side"
"R_8inxpyRXJJWp3Wn",34,"E. Secundaria",9,"0","4","3",0.444444444444444,0.0218187913941409,"Secondary teachers",39,-5,"Bologna-era training","Younger side"
"R_61snKBdGXxUE89P",44,"E. Secundaria",15,"1","7","1",0.444444444444444,0.0218187913941409,"Secondary teachers",39,5,"Pre-Bologna training","Older side"
"R_1JObBAYmLoErFXX",48,"E. Primaria",20,"1","7","1",0.666666666666667,0.142960952109887,"Primary teachers",34,14,"Pre-Bologna training","Older side"
"R_8jgxEQLgvyUY5dT",48,"E. Primaria",28,"1","3","3",0.5,0.0461910891424012,"Primary teachers",34,14,"Pre-Bologna training","Older side"
"R_2VpsarDzjF6IFrM",52,"E. Primaria",15,"1","4","1",0.555555555555556,0.143984866716357,"Primary teachers",34,18,"Pre-Bologna training","Older side"
"R_2M4A8XOuYQIlQyf",43,"E. Secundaria",17,"1","6","1",0.375,0.0188294530062546,"Secondary teachers",39,4,"Pre-Bologna training","Older side"
"R_8PiL8qcZTuxlwFX",56,"E. Secundaria",33,"0","9","2",0.25,-0.106563628754752,"Secondary teachers",39,17,"Pre-Bologna training","Older side"
"R_8t9zkqe0U36l8sB",45,"E. Secundaria",15,"1","1","1",0.666666666666667,0.144377310889299,"Secondary teachers",39,6,"Pre-Bologna training","Older side"
"R_8FhygFB1ZlNMcnv",49,"E. Primaria",25,"0","6","3",0,-0.505978473180078,"Primary teachers",34,15,"Pre-Bologna training","Older side"
"R_8e8hxCHmDXDJTjA",50,"E. Secundaria",21,"1","8","2",0.777777777777778,0.356464666896951,"Secondary teachers",39,11,"Pre-Bologna training","Older side"
"R_31ccJ8EHo0EbTaa",52,"E. Secundaria",25,"1","7","3",0.625,0.169992007282124,"Secondary teachers",39,13,"Pre-Bologna training","Older side"
"R_8DY7yKRg6SyiBgJ",43,"E. Primaria",18,"1","2","1",0,-0.514001039036879,"Primary teachers",34,9,"Pre-Bologna training","Older side"
"R_2DStgD4JmTC8BcR",46,"E. Secundaria",20,"0","7","2",0.75,0.287287228999823,"Secondary teachers",39,7,"Pre-Bologna training","Older side"
"R_7MNCoaG2GRIbdcJ",47,"E. Primaria",17,"1","2","3",0.666666666666667,0.131543316778303,"Primary teachers",34,13,"Pre-Bologna training","Older side"
"R_8zbTPo6Zj4P4bKQ",48,"E. Primaria",25,"0","4","2",0.5,0.0365059713703541,"Primary teachers",34,14,"Pre-Bologna training","Older side"
"R_6CMWaykNgCvX0YK",57,"E. Secundaria",26,"1","6","1",0.555555555555556,0.0329134660921206,"Secondary teachers",39,18,"Pre-Bologna training","Older side"
"R_8VyGMMCfjmNnEpb",46,"E. Primaria",21,"1","1","1",0,-0.464443997933322,"Primary teachers",34,12,"Pre-Bologna training","Older side"
"R_6es62doccWr8WmX",47,"E. Primaria",25,"0","8","3",0.555555555555556,0.0215002806285133,"Primary teachers",34,13,"Pre-Bologna training","Older side"
"R_1F3hxxVyFHf0ak0",27,"E. Primaria",3,"0","8","3",0.444444444444444,-0.060368510298339,"Primary teachers",34,-7,"Bologna-era training","Younger side"
"R_2xS3YeFJpafmcQ9",50,"E. Secundaria",23,"1","3","3",0.444444444444444,0.0232351501735528,"Secondary teachers",39,11,"Pre-Bologna training","Older side"
"R_2rw3sqvWIzuv42v",49,"E. Primaria",26,"0","5","2",0.333333333333333,-0.0789405974288757,"Primary teachers",34,15,"Pre-Bologna training","Older side"
"R_8iwDa5NVhkpcRjb",44,"E. Primaria",20,"1","4","1",0.333333333333333,-0.0792191759400678,"Primary teachers",34,10,"Pre-Bologna training","Older side"
"R_6OxDdgQB6NNPFkC",28,"E. Secundaria",4,"1","1","2",0.666666666666667,0.162583507724861,"Secondary teachers",39,-11,"Bologna-era training","Younger side"
"R_8ZW8Z9fpp6SvTWl",57,"E. Secundaria",24,"1","4","2",0.428571428571429,0.0199620208977385,"Secondary teachers",39,18,"Pre-Bologna training","Older side"
"R_3UGmVzZ2YfjBUeB",45,"E. Secundaria",18,"0","8","2",0.555555555555556,0.0511080978887955,"Secondary teachers",39,6,"Pre-Bologna training","Older side"
"R_84N99dCtT6gQT4c",49,"E. Secundaria",1,"1","10","1",0.555555555555556,0.0200860651341359,"Secondary teachers",39,10,"Pre-Bologna training","Older side"
"R_2ppN4zPuc3eA7S1",49,"E. Primaria",24,"0","2","3",0.111111111111111,-0.412666225961054,"Primary teachers",34,15,"Pre-Bologna training","Older side"
"R_8sjKG4QSshrnp0o",45,"E. Primaria",18,"1","5","2",0.666666666666667,0.162583507724861,"Primary teachers",34,11,"Pre-Bologna training","Older side"
"R_2mfMJLAEvWwxULm",41,"E. Primaria",16,"1","3","1",0.222222222222222,-0.291363748953479,"Primary teachers",34,7,"Pre-Bologna training","Older side"
"R_7RaPvx2IpIcfiEY",36,"E. Primaria",13,"0","5","3",0.375,-0.0807991398812625,"Primary teachers",34,2,"Pre-Bologna training","Older side"
"R_37VayA4oLXxoGpH",36,"E. Secundaria",3,"1","6","2",0.444444444444444,-0.067045589290615,"Secondary teachers",39,-3,"Bologna-era training","Younger side"
"R_8irHu3bCnRfq3u6",50,"E. Secundaria",24,"0","10","1",0.375,-0.0807991398812625,"Secondary teachers",39,11,"Pre-Bologna training","Older side"
"R_1njRUJd40oS5OBB",48,"E. Primaria",19,"0","5","2",0.444444444444444,0.0322424434079869,"Primary teachers",34,14,"Pre-Bologna training","Older side"
"R_8Ms2nlMDHcy28Kv",55,"E. Secundaria",28,NA,"6","3",0.666666666666667,0.244733301401042,"Secondary teachers",39,16,"Pre-Bologna training","Older side"
"R_1pPmYbFLIZJmBa2",46,"E. Secundaria",16,"1","5","2",0.666666666666667,0.144377310889299,"Secondary teachers",39,7,"Pre-Bologna training","Older side"
"R_1QJUPsftWyJ4adi",39,"E. Primaria",16,"1","2","1",0.375,-0.0792057362544242,"Primary teachers",34,5,"Pre-Bologna training","Older side"
"R_8qxhsr6mXW0aG9J",64,"E. Secundaria",35,"1","5","3",0.555555555555556,0.133277124727474,"Secondary teachers",39,25,"Pre-Bologna training","Older side"
"R_8kZs9f28aDgnfa1",29,"E. Secundaria",1,NA,"5","1",0.75,0.287292142666696,"Secondary teachers",39,-10,"Bologna-era training","Younger side"
"R_7FnuiGSa1QQRRzi",38,"E. Primaria",15,"1","3","1",0.666666666666667,0.142960952109887,"Primary teachers",34,4,"Pre-Bologna training","Older side"
"R_7qdzs80dkh0sTV9",34,"E. Secundaria",5,"1","5","1",0.428571428571429,0.0199620208977385,"Secondary teachers",39,-5,"Bologna-era training","Younger side"
"R_5Du9oRiqIEyDQQd",30,"E. Secundaria",8,"1","4","2",0.444444444444444,0.0218187913941409,"Secondary teachers",39,-9,"Bologna-era training","Younger side"
"R_2zQcYe2E5qHjLEd",49,"E. Secundaria",22,"0","8","1",0.375,-0.0888846536296459,"Secondary teachers",39,10,"Pre-Bologna training","Older side"
"R_7KARedYpnWD4EZP",48,"E. Primaria",18,"1","6","2",0.555555555555556,0.0217771562775096,"Primary teachers",34,14,"Pre-Bologna training","Older side"
"R_8DBE8IrEL6hL7OG",41,"E. Secundaria",9,"0","10","2",0.666666666666667,0.142960952109887,"Secondary teachers",39,2,"Pre-Bologna training","Older side"
"R_7gTt1LI3cdWiewX",35,"E. Secundaria",9,"0","8","1",0.375,0.0188307167814037,"Secondary teachers",39,-4,"Bologna-era training","Younger side"
"R_3eQL8OuCanckX9U",58,"E. Secundaria",15,"1","7","3",0.666666666666667,0.131541173493269,"Secondary teachers",39,19,"Pre-Bologna training","Older side"
"R_1MMXx2EIIl6ZWzX",42,"E. Secundaria",19,"1","7","3",0.5,0.144227542178229,"Secondary teachers",39,3,"Pre-Bologna training","Older side"
"R_5Cw82mcdLrmj6D1",49,"E. Primaria",27,"1","6","1",0.222222222222222,-0.291363748953479,"Primary teachers",34,15,"Pre-Bologna training","Older side"
"R_8Qgj4YgfijJstY5",40,"E. Primaria",8,"1","7","2",0,-0.422320212446887,"Primary teachers",34,6,"Pre-Bologna training","Older side"
"R_2P7cuQTeNfXSDtN",40,"E. Secundaria",15,"0","2","3",0.333333333333333,-0.0792191759400678,"Secondary teachers",39,1,"Pre-Bologna training","Older side"
"R_8mXb4Q2wLtaA2Gl",42,"E. Primaria",10,"1","10","1",1,0.152313624678663,"Primary teachers",34,8,"Pre-Bologna training","Older side"
"R_1C3y1tkAoWGj5Cr",37,"E. Primaria",16,"1","8","1",0.375,-0.0888846536296459,"Primary teachers",34,3,"Pre-Bologna training","Older side"
"R_21LrnSpNMGmURJK",48,"E. Primaria",25,"1","9","1",0.444444444444444,-0.0684619480700268,"Primary teachers",34,14,"Pre-Bologna training","Older side"
"R_8rBsJb6lN6emgfx",55,"E. Primaria",15,"1","4","2",0.444444444444444,-0.067045589290615,"Primary teachers",34,21,"Pre-Bologna training","Older side"
"R_1snD4FVb6AzOGIx",42,"E. Primaria",5,"1","9","3",0.444444444444444,-0.0913711865100316,"Primary teachers",34,8,"Pre-Bologna training","Older side"
"R_8eXfkwoaiqqeHRV",34,"E. Secundaria",6,"1","5","1",0.25,-0.204284814668083,"Secondary teachers",39,-5,"Bologna-era training","Younger side"
"R_2BWSywtt04ePGxk",41,"E. Primaria",10,"1","1","3",0.777777777777778,0.242998425137437,"Primary teachers",34,7,"Pre-Bologna training","Older side"
"R_2OnuPu4SHBoxkf7",29,"E. Secundaria",1,"1","7","3",0.333333333333333,-0.173259088395107,"Secondary teachers",39,-10,"Bologna-era training","Younger side"
"R_8roSkLKymJoDkv0",55,"E. Secundaria",15,"1","4","3",0.444444444444444,0.0232351501735528,"Secondary teachers",39,16,"Pre-Bologna training","Older side"
"R_2LZqwea0Ecyb3ZG",58,"E. Secundaria",27,"0","6","2",0.666666666666667,0.144377310889299,"Secondary teachers",39,19,"Pre-Bologna training","Older side"
"R_2rZPdRikTtIVhc8",59,"E. Primaria",37,"1","6","2",0,-0.456673719614961,"Primary teachers",34,25,"Pre-Bologna training","Older side"
"R_2sYIf81bIajNW94",42,"E. Primaria",18,"1","5","2",0.444444444444444,-0.067045589290615,"Primary teachers",34,8,"Pre-Bologna training","Older side"
"R_8agVkBuUafu7edX",47,"E. Secundaria",23,"1","7","3",0,-0.357040788341808,"Secondary teachers",39,8,"Pre-Bologna training","Older side"
"R_8I3L89Zya710wXn",33,"E. Secundaria",1,"0","2","1",0.571428571428571,0.163266991788916,"Secondary teachers",39,-6,"Bologna-era training","Younger side"
"R_8JQqrO7J3YXoUA4",56,"E. Secundaria",31,"1","8","3",0.777777777777778,0.272641368262806,"Secondary teachers",39,17,"Pre-Bologna training","Older side"
"R_5l02NP2ai2cuAE4",61,"E. Secundaria",30,"0","5","2",0.555555555555556,0.0215002806285133,"Secondary teachers",39,22,"Pre-Bologna training","Older side"
"R_8EH7CbFx0cOxBIG",44,"E. Secundaria",18,"0","7","3",0,-0.525553691569171,"Secondary teachers",39,5,"Pre-Bologna training","Older side"
"R_2cVDDu6y1mTJVK1",42,"E. Secundaria",13,"1","7","2",0,-0.507398702320959,"Secondary teachers",39,3,"Pre-Bologna training","Older side"
"R_83cZUGfjUYhB9aD",27,"E. Secundaria",1,"0","9","3",0.375,0.0188307167814037,"Secondary teachers",39,-12,"Bologna-era training","Younger side"
"R_8FJzfEJEQbUc1Ju",64,"E. Primaria",34,"1","10","2",0.5,0.0461885855121373,"Primary teachers",34,30,"Pre-Bologna training","Older side"
"R_7TEJtvy03mhYmEc",45,"E. Secundaria",18,"0","7","3",0.666666666666667,0.132959675557715,"Secondary teachers",39,6,"Pre-Bologna training","Older side"
"R_8NOgLu8KrmHRPfr",58,"E. Primaria",28,"1","9","2",0.555555555555556,0.133277124727474,"Primary teachers",34,24,"Pre-Bologna training","Older side"
"R_22lTWfn90JRelW3",62,"E. Secundaria",28,"1","9","2",0.777777777777778,0.242998425137437,"Secondary teachers",39,23,"Pre-Bologna training","Older side"
"R_7077pTF8mRl2MXi",48,"E. Primaria",20,"1","3","3",0.444444444444444,-0.0617848690777509,"Primary teachers",34,14,"Pre-Bologna training","Older side"
"R_82Gm3RPW9hOcy9y",63,"E. Primaria",33,"0","4","3",0,-0.514001039036879,"Primary teachers",34,29,"Pre-Bologna training","Older side"
"R_2Uq5EY88oJtOYJr",39,"E. Primaria",15,"1","4","2",0.444444444444444,0.0235088075669151,"Primary teachers",34,5,"Pre-Bologna training","Older side"
"R_8BSqVIgCbyrpesm",37,"E. Secundaria",12,"0","1","3",0.333333333333333,-0.0882231831597806,"Secondary teachers",39,-2,"Bologna-era training","Younger side"
"R_8iEMRjnmbUyDC1j",38,"E. Primaria",8,"1","4","1",0.333333333333333,-0.191437365621764,"Primary teachers",34,4,"Pre-Bologna training","Older side"
"R_5LGbXhtufoH6ym7",38,"E. Primaria",18,"1","6","1",0.375,-0.0807991398812625,"Primary teachers",34,4,"Pre-Bologna training","Older side"
"R_8DjCRsLfwSDaUsU",51,"E. Primaria",26,"0","1","1",0.25,-0.106567372390571,"Primary teachers",34,17,"Pre-Bologna training","Older side"
"R_5rCAdIJZjgQSER6",50,"E. Secundaria",19,"0","2","3",0.25,-0.106567372390571,"Secondary teachers",39,11,"Pre-Bologna training","Older side"
"R_8Dc3hMNfnT1MnmE",55,"E. Secundaria",20,"0","9","2",0.333333333333333,-0.189736289655322,"Secondary teachers",39,16,"Pre-Bologna training","Older side"
"R_76nG5pMLeVIwsmJ",61,"E. Secundaria",31,"1","6","1",0,-0.464443997933322,"Secondary teachers",39,22,"Pre-Bologna training","Older side"
"R_3jBAdxRbJZ9EvQd",49,"E. Primaria",25,"1","1","1",0.285714285714286,-0.123341550530833,"Primary teachers",34,15,"Pre-Bologna training","Older side"
"R_77d54DcQW53pR5Q",47,"E. Primaria",21,"0","8","2",0.555555555555556,0.04440427520803,"Primary teachers",34,13,"Pre-Bologna training","Older side"
"R_8zTaCCuU0WkZnxv",33,"E. Primaria",6,"1","3","2",0.571428571428571,0.163265601045703,"Primary teachers",34,-1,"Bologna-era training","Younger side"
"R_8N4dLZpAPndc6CQ",29,"E. Secundaria",4,"1","5","2",0.375,0.0188307167814037,"Secondary teachers",39,-10,"Bologna-era training","Younger side"
"R_7BWHcR9KSRYLyVj",28,"E. Secundaria",3,"1","8","2",0.666666666666667,0.142960952109887,"Secondary teachers",39,-11,"Bologna-era training","Younger side"
"R_7hGZTj50NIYr9A2",28,"E. Primaria",5,"0","7","2",0.444444444444444,-0.0684619480700268,"Primary teachers",34,-6,"Bologna-era training","Younger side"
"R_8wsgNrSZlbCGNcU",48,"E. Secundaria",24,"1","2","1",0.5,0.044595181885299,"Secondary teachers",39,9,"Pre-Bologna training","Older side"
"R_4szG7vNkt69DsiZ",57,"E. Secundaria",27,"0","7","1",0.666666666666667,0.161167148945449,"Secondary teachers",39,18,"Pre-Bologna training","Older side"
"R_7iBpFTvSGCzZJfP",47,"E. Secundaria",5,"0","8","2",0.5,0.0445976855155629,"Secondary teachers",39,8,"Pre-Bologna training","Older side"
"R_2LXz99TWf5BCNWI",36,"E. Secundaria",2,"1","7","1",0.555555555555556,0.0314982378463885,"Secondary teachers",39,-3,"Bologna-era training","Younger side"
"R_91QW30PXtNMSGL0",40,"E. Primaria",6,"0","10","2",0.444444444444444,-0.0899548277306198,"Primary teachers",34,6,"Pre-Bologna training","Older side"
"R_9TuEZ0fFZX6INAK",52,"E. Secundaria",29,"1","8","3",0.333333333333333,-0.201137347010825,"Secondary teachers",39,13,"Pre-Bologna training","Older side"
"R_9lioJ1iNH5lRdJI",30,"E. Primaria",9,NA,"8","3",0.625,0.169993255135816,"Primary teachers",34,-4,"Bologna-era training","Younger side"
"R_5Nh3AdksYfTtwxK",47,"E. Secundaria",20,"1","6","2",0.375,-0.0788892450478302,"Secondary teachers",39,8,"Pre-Bologna training","Older side"
"R_6hQKpA6WG97y3dF",28,"E. Secundaria",5,"1","6","1",0.428571428571429,0.0199620208977385,"Secondary teachers",39,-11,"Bologna-era training","Younger side"
"R_5nMpz0VKMNX8j8z",46,"E. Secundaria",8,"1","7","2",0.666666666666667,0.144377310889299,"Secondary teachers",39,7,"Pre-Bologna training","Older side"
"R_73xyb5JfXvVnPMR",50,"E. Secundaria",26,"1","5","2",0.333333333333333,-0.0879473691066529,"Secondary teachers",39,11,"Pre-Bologna training","Older side"
"R_4Hc7DUHXKnXqYaR",30,"E. Primaria",4,"1","1","3",0.777777777777778,0.244414783916848,"Primary teachers",34,-4,"Bologna-era training","Younger side"
"R_1UXFyYAZfNSKG8g",50,"E. Secundaria",20,"1","3","3",0.428571428571429,0.0199620208977385,"Secondary teachers",39,11,"Pre-Bologna training","Older side"
"R_7EcKPyuRm8z69TF",47,"E. Secundaria",20,"0","1","1",0.777777777777778,0.272641368262806,"Secondary teachers",39,8,"Pre-Bologna training","Older side"
"R_3dn2YIO8JlkUMnJ",35,"E. Secundaria",5,"1","8","3",0.444444444444444,0.0322457922127985,"Secondary teachers",39,-4,"Bologna-era training","Younger side"
"R_5opTwCjnRjpET8l",57,"E. Secundaria",33,"0","9","2",0.428571428571429,0.0199620208977385,"Secondary teachers",39,18,"Pre-Bologna training","Older side"
"R_1210K5EPe83meMV",50,"E. Primaria",25,"0","6","1",0.555555555555556,0.0511080978887955,"Primary teachers",34,16,"Pre-Bologna training","Older side"
"R_7ri1zorcc72R8EF",39,"E. Secundaria",6,"1","9","2",0.444444444444444,0.0232351501735528,"Secondary teachers",39,0,"Bologna-era training","Younger side"
"R_2MLpr8vw3XhX9CP",52,"E. Secundaria",27,"1","9","2",0.666666666666667,0.154440895111986,"Secondary teachers",39,13,"Pre-Bologna training","Older side"
"R_4BHN2k6wG41syk1",52,"E. Secundaria",5,"1","4","1",0.444444444444444,-0.060368510298339,"Secondary teachers",39,13,"Pre-Bologna training","Older side"
"R_6QQjIpCSlI0dXJP",55,"E. Secundaria",28,NA,"5","3",0.375,0.0188307167814037,"Secondary teachers",39,16,"Pre-Bologna training","Older side"
"R_496ruwGdJSHJeYr",47,"E. Secundaria",7,"0","3","1",0.444444444444444,0.0232351501735528,"Secondary teachers",39,8,"Pre-Bologna training","Older side"
"R_5f6kGc78rQ3FsRz",50,"E. Primaria",30,"1","1","1",0.875,0.422375302295777,"Primary teachers",34,16,"Pre-Bologna training","Older side"
"R_7cUHRNExIo47uwx",32,"E. Secundaria",5,"0","7","3",0.555555555555556,0.143709637009977,"Secondary teachers",39,-7,"Bologna-era training","Younger side"
"R_4urATJa1MrJq17b",49,"E. Secundaria",7,"0","7","3",0.666666666666667,0.132959675557715,"Secondary teachers",39,10,"Pre-Bologna training","Older side"
"R_1HAeFm0Wj0M689Q",55,"E. Secundaria",30,"1","2","2",0.666666666666667,0.142960952109887,"Secondary teachers",39,16,"Pre-Bologna training","Older side"
"R_5ZUqLENApMnjvy0",35,"E. Secundaria",1,"1","5","3",0.444444444444444,0.0232351501735528,"Secondary teachers",39,-4,"Bologna-era training","Younger side"
"R_1O02fX08KZXbeGj",48,"E. Secundaria",8,"1","8","1",0.666666666666667,0.162581118855083,"Secondary teachers",39,9,"Pre-Bologna training","Older side"
"R_3mrOWB5Z0AW7Zq7",44,"E. Secundaria",18,"1","9","1",0.333333333333333,-0.0879473691066529,"Secondary teachers",39,5,"Pre-Bologna training","Older side"
"R_7CITzsQPCp7V2fa",40,"E. Secundaria",2,"0","10","1",0.5,0.0365059713703541,"Secondary teachers",39,1,"Pre-Bologna training","Older side"
"R_3lhRmT8K9Le9rH2",36,"E. Primaria",5,"0","9","3",0.444444444444444,0.0322457922127985,"Primary teachers",34,2,"Pre-Bologna training","Older side"
"R_3wmnAVQ1PO46C2w",54,"E. Secundaria",30,"0","7","3",0,-0.512580809895999,"Secondary teachers",39,15,"Pre-Bologna training","Older side"
"R_8IT1dN1INiXTBhu",41,"E. Secundaria",6,"1","2","3",0.777777777777778,0.267307118390042,"Secondary teachers",39,2,"Pre-Bologna training","Older side"
"R_2gNJew4T5mpkSko",28,"E. Secundaria",4,"1","5","1",0.5,0.0365059713703541,"Secondary teachers",39,-11,"Bologna-era training","Younger side"
"R_2MWGKGRHfg1Jxh7",58,"E. Secundaria",25,"0","2","2",0.222222222222222,-0.301201257808188,"Secondary teachers",39,19,"Pre-Bologna training","Older side"
"R_7ff2aG4w3CA5OlJ",38,"E. Secundaria",10,"1","4","1",0.666666666666667,0.132959675557715,"Secondary teachers",39,-1,"Bologna-era training","Younger side"
"R_7qVBmmCyVILFmKm",46,"E. Secundaria",6,"0","4","3",0.285714285714286,-0.123341550530833,"Secondary teachers",39,7,"Pre-Bologna training","Older side"
"R_8frDbSlRlEtlIP8",37,"E. Primaria",13,"1","7","1",0.555555555555556,0.0314959839570207,"Primary teachers",34,3,"Pre-Bologna training","Older side"
"R_1pVBfiNTeYEUSNJ",55,"E. Secundaria",27,"0","8","3",0.222222222222222,-0.289947390174067,"Secondary teachers",39,16,"Pre-Bologna training","Older side"
"R_2Mh9S8jjT9m7pjU",38,"E. Primaria",6,"1","1","2",0.666666666666667,0.155857253891397,"Primary teachers",34,4,"Pre-Bologna training","Older side"
"R_8bWfdI8qNJUzGkn",49,"E. Primaria",22,"0","9","3",0.333333333333333,-0.190016470213612,"Primary teachers",34,15,"Pre-Bologna training","Older side"
"R_1iaoHxqK2Jxo50p",53,"E. Primaria",29,"1","6","3",0.111111111111111,-0.424056218003048,"Primary teachers",34,19,"Pre-Bologna training","Older side"
"R_7qDnQuPkqCsKFod",40,"E. Primaria",18,"1","10","2",0.444444444444444,-0.0684619480700268,"Primary teachers",34,6,"Pre-Bologna training","Older side"
"R_2nZo0M4fD3U3uSS",56,"E. Secundaria",28,"0","7","3",0.5,0.0445976855155629,"Secondary teachers",39,17,"Pre-Bologna training","Older side"
"R_8y04zmbgVE6Grwl",60,"E. Primaria",20,"0","9","1",0,-0.456673719614961,"Primary teachers",34,26,"Pre-Bologna training","Older side"
"R_824OyWs8deARTEZ",37,"E. Secundaria",5,"0","9","2",0.666666666666667,0.131543316778303,"Secondary teachers",39,-2,"Bologna-era training","Younger side"
"R_5lGQ3VzUwWeR8y9",38,"E. Secundaria",10,"1","6","1",0.444444444444444,-0.061782480207973,"Secondary teachers",39,-1,"Bologna-era training","Younger side"
"R_82oip6fvg9x1O9w",31,"E. Primaria",8,"1","9","3",0.375,-0.0807966362509986,"Primary teachers",34,-3,"Bologna-era training","Younger side"
"R_2GUej46A4jZvKc3",48,"E. Secundaria",22,"1","1","1",0.5,0.0445976855155629,"Secondary teachers",39,9,"Pre-Bologna training","Older side"
"R_6ZwllpYWzlhA5ih",46,"E. Primaria",19,"1","7","1",0.555555555555556,0.0215002806285133,"Primary teachers",34,12,"Pre-Bologna training","Older side"
"R_8gLeUf7EguA825j",54,"E. Secundaria",20,"1","1","2",0.444444444444444,-0.067045589290615,"Secondary teachers",39,15,"Pre-Bologna training","Older side"
"R_2fQ1zLByOI1QSFD",39,"E. Secundaria",4,"0","8","1",0.333333333333333,-0.0792191759400678,"Secondary teachers",39,0,"Bologna-era training","Younger side"
"R_2igISFI6JeprmWj",48,"E. Primaria",23,"0","8","2",0.555555555555556,0.0496893502396057,"Primary teachers",34,14,"Pre-Bologna training","Older side"
"R_23xGywU3Cy7sHDz",40,"E. Secundaria",5,"0","5","3",0.5,0.0365059713703541,"Secondary teachers",39,1,"Pre-Bologna training","Older side"
"R_8aM6DgoZ5a9l8Gs",27,"E. Secundaria",5,"1","8","3",0.5,0.0365059713703541,"Secondary teachers",39,-12,"Bologna-era training","Younger side"
"R_2lWyO1fyWfLKi71",47,"E. Secundaria",23,"0","10","1",0.333333333333333,-0.0882231831597806,"Secondary teachers",39,8,"Pre-Bologna training","Older side"
"R_3PFgVxaJaG5MbpU",43,"E. Secundaria",5,"0","4","1",0.555555555555556,0.133277124727474,"Secondary teachers",39,4,"Pre-Bologna training","Older side"
"R_7P5Cvul2u3E1lVe",42,"E. Secundaria",1,"0","8","3",0.666666666666667,0.142960952109887,"Secondary teachers",39,3,"Pre-Bologna training","Older side"
"R_37jMOTAEvZd3bUr",53,"E. Secundaria",4,NA,"7","3",0.5,0.144227542178229,"Secondary teachers",39,14,"Pre-Bologna training","Older side"
"R_3RVx7hFg478J16o",45,"E. Secundaria",20,"1","5","2",0.555555555555556,0.134693483506886,"Secondary teachers",39,6,"Pre-Bologna training","Older side"
"R_1HFceIVcc4rmjWy",37,"E. Secundaria",8,"1","8","1",0.666666666666667,0.144377310889299,"Secondary teachers",39,-2,"Bologna-era training","Younger side"
"R_29oTY4UwPFi4YuK",45,"E. Primaria",21,"1","1","3",0.333333333333333,-0.0792191759400678,"Primary teachers",34,11,"Pre-Bologna training","Older side"
"R_8lmq0wZ08uKB0aJ",49,"E. Secundaria",23,"1","5","3",0,-0.524133462428291,"Secondary teachers",39,10,"Pre-Bologna training","Older side"
"R_6uuySc7cVFB9bWN",32,"E. Primaria",10,"1","9","1",0.375,-0.0792057362544242,"Primary teachers",34,-2,"Bologna-era training","Younger side"
"R_5dSNvf3MoY1es7i",48,"E. Secundaria",23,"1","5","2",0.375,-0.0807991398812625,"Secondary teachers",39,9,"Pre-Bologna training","Older side"
"R_8LAMyuy3b0t8mkr",43,"E. Primaria",20,"1","9","2",0.444444444444444,0.0322457922127985,"Primary teachers",34,9,"Pre-Bologna training","Older side"
"R_8nLdf5Ul1658p0t",50,"E. Secundaria",23,"1","3","3",0.555555555555556,0.0217771562775096,"Secondary teachers",39,11,"Pre-Bologna training","Older side"
"R_8tKCUbHLHh01clP",53,"E. Primaria",32,"1","10","2",0.428571428571429,0.0199634203603449,"Primary teachers",34,19,"Pre-Bologna training","Older side"
"R_3uW1YmxLw7giOm7",41,"E. Primaria",17,"1","10","2",0.444444444444444,-0.0684619480700268,"Primary teachers",34,7,"Pre-Bologna training","Older side"
"R_5MMUcwyAxsJ2xDo",49,"E. Secundaria",23,"1","3","3",0,-0.357040788341808,"Secondary teachers",39,10,"Pre-Bologna training","Older side"
"R_2lrBMJPUoaGA19J",56,"E. Secundaria",32,"1","6","2",0.777777777777778,0.242998425137437,"Secondary teachers",39,17,"Pre-Bologna training","Older side"
"R_5sSpsVll2rQfNTj",45,"E. Secundaria",4,"1","1","3",0.777777777777778,0.254425920262753,"Secondary teachers",39,6,"Pre-Bologna training","Older side"
"R_20pCo4YK1xvpZ5v",34,"E. Secundaria",6,"1","5","2",0.777777777777778,0.274057727042218,"Secondary teachers",39,-5,"Bologna-era training","Younger side"
"R_7mrfIUt38RqkjkD",56,"E. Secundaria",9,"1","6","3",0.666666666666667,0.142960952109887,"Secondary teachers",39,17,"Pre-Bologna training","Older side"
"R_8jdLc0SOGVHLVaq",45,"E. Secundaria",8,"1","5","3",0.375,-0.0792057362544242,"Secondary teachers",39,6,"Pre-Bologna training","Older side"
"R_2gncgvI3XRWqoI6",40,"E. Secundaria",15,"1","10","3",0.444444444444444,-0.0617848690777509,"Secondary teachers",39,1,"Pre-Bologna training","Older side"
"R_6XrTmWZ82fZB8lj",50,"E. Primaria",25,"0","4","3",0.375,-0.0888846536296459,"Primary teachers",34,16,"Pre-Bologna training","Older side"
"R_7qV8lCNt80qMErM",33,"E. Secundaria",8,"1","7","2",0.625,0.161897820900135,"Secondary teachers",39,-6,"Bologna-era training","Younger side"
"R_2wTzuFzNc3eRnG1",59,"E. Secundaria",25,"0","3","2",0.333333333333333,-0.0882231831597806,"Secondary teachers",39,20,"Pre-Bologna training","Older side"
"R_8Lhz5z0QuOQrDT0",51,"E. Secundaria",18,"0","8","3",0.444444444444444,-0.0899548277306198,"Secondary teachers",39,12,"Pre-Bologna training","Older side"
"R_2V2cYBkIQFWZZgP",56,"E. Secundaria",20,"0","6","2",0,-0.514001039036879,"Secondary teachers",39,17,"Pre-Bologna training","Older side"
"R_8O2rwwyAJFdkjs9",31,"E. Secundaria",5,"0","7","2",0.555555555555556,0.134693483506886,"Secondary teachers",39,-8,"Bologna-era training","Younger side"
"R_7jRladAG3nqqW89",47,"E. Secundaria",7,"0","10","2",0.5,0.144225038547965,"Secondary teachers",39,8,"Pre-Bologna training","Older side"
"R_89geKNLPAbJUhRQ",51,"E. Secundaria",27,"1","1","2",0.555555555555556,0.134691326847121,"Secondary teachers",39,12,"Pre-Bologna training","Older side"
"R_2dswusvwbF3aqNr",35,"E. Secundaria",11,"1","10","1",0.5,0.0461910891424012,"Secondary teachers",39,-4,"Bologna-era training","Younger side"
"R_8fuAWwDqwRK8Mpj",51,"E. Secundaria",21,"1","9","2",0.75,0.287287228999823,"Secondary teachers",39,12,"Pre-Bologna training","Older side"
"R_8CrFnfePhKuokG3",47,"E. Secundaria",14,"0","6","3",0.333333333333333,-0.178228108570821,"Secondary teachers",39,8,"Pre-Bologna training","Older side"
"R_89tgOZrWZMuYwQV",60,"E. Secundaria",1,"1","6","2",0.666666666666667,0.255171256358031,"Secondary teachers",39,21,"Pre-Bologna training","Older side"
"R_2YxJlyP8ZW3o9Gp",55,"E. Primaria",33,"1","6","2",0.555555555555556,0.133274968067709,"Primary teachers",34,21,"Pre-Bologna training","Older side"
"R_1NqeQ9hKUHaG2Yh",46,"E. Secundaria",23,"1","9","2",0.666666666666667,0.144377310889299,"Secondary teachers",39,7,"Pre-Bologna training","Older side"
"R_3pSbwnWO1JAIV61",57,"E. Secundaria",39,NA,"6","1",0,-0.45507596183147,"Secondary teachers",39,18,"Pre-Bologna training","Older side"
"R_8LbuQRTMTr5vQOZ",54,"E. Secundaria",24,"1","2","2",0.555555555555556,0.0496893502396057,"Secondary teachers",39,15,"Pre-Bologna training","Older side"
"R_8pJ2xJlCr1aXow9",60,"E. Primaria",30,"1","7","1",0.625,0.16189905313136,"Primary teachers",34,26,"Pre-Bologna training","Older side"
"R_7khbJwRvdAqkqVN",55,"E. Secundaria",26,"0","4","1",0.666666666666667,0.131543316778303,"Secondary teachers",39,16,"Pre-Bologna training","Older side"
"R_8CVVU3KkGNP0Oyb",59,"E. Primaria",31,"0","2","3",0.444444444444444,-0.0799678608401575,"Primary teachers",34,25,"Pre-Bologna training","Older side"
"R_1qX71jo6MRr4LQp",30,"E. Secundaria",5,"1","4","1",1,0.139566395663957,"Secondary teachers",39,-9,"Bologna-era training","Younger side"
"R_20CbXH8t4tbmoKJ",47,"E. Secundaria",17,"1","10","1",0.444444444444444,-0.061783670726682,"Secondary teachers",39,8,"Pre-Bologna training","Older side"
"R_8U6gpS9WdWeAGAj",50,"E. Secundaria",8,"1","9","3",0.222222222222222,-0.291363748953479,"Secondary teachers",39,11,"Pre-Bologna training","Older side"
"R_2qVr9A7GEMUWOfy",52,"E. Secundaria",7,"0","9","2",0.444444444444444,0.0322457922127985,"Secondary teachers",39,13,"Pre-Bologna training","Older side"
"R_8rMpltdDHjht6IO",46,"E. Secundaria",21,"1","9","1",0.555555555555556,0.134693483506886,"Secondary teachers",39,7,"Pre-Bologna training","Older side"
"R_2ix2pthSVFgJLyo",58,"E. Secundaria",32,"1","5","1",0.777777777777778,0.244414783916848,"Secondary teachers",39,19,"Pre-Bologna training","Older side"
"R_1X5LW0GigTpaSGJ",64,"E. Primaria",36,"1","9","2",0.375,-0.0888871258664268,"Primary teachers",34,30,"Pre-Bologna training","Older side"
"R_3MrhCTmZkCNruet",56,"E. Primaria",29,"1","3","2",0.444444444444444,-0.0684619480700268,"Primary teachers",34,22,"Pre-Bologna training","Older side"
"R_31YJh4DBHqwYLeB",57,"E. Primaria",21,"1","3","1",0,-0.422320212446887,"Primary teachers",34,23,"Pre-Bologna training","Older side"
"R_80c7bcrvJlcw3gS",49,"E. Secundaria",25,"1","4","3",0.5,0.0445976855155629,"Secondary teachers",39,10,"Pre-Bologna training","Older side"
"R_1zuU8oyJFGXi7wP",60,"E. Primaria",30,"1","8","3",0,-0.535516735123942,"Primary teachers",34,26,"Pre-Bologna training","Older side"
"R_6arHBLU10DkzsOW",53,"E. Secundaria",20,"1","9","2",0.444444444444444,-0.0617848690777509,"Secondary teachers",39,14,"Pre-Bologna training","Older side"
"R_3CXafeQgIarewkV",51,"E. Secundaria",25,"1","8","2",0.777777777777778,0.255842279042165,"Secondary teachers",39,12,"Pre-Bologna training","Older side"
"R_1kqhayR0J47SeFX",46,"E. Primaria",17,"1","7","3",0.666666666666667,0.131543316778303,"Primary teachers",34,12,"Pre-Bologna training","Older side"
"R_16lGzFtOduIEVJv",39,"E. Secundaria",11,"0","4","2",0.555555555555556,0.0429889523716993,"Secondary teachers",39,0,"Bologna-era training","Younger side"
"R_8R9QuBa9FNyTiEz",56,"E. Secundaria",23,"1","10","1",0.666666666666667,0.132959675557715,"Secondary teachers",39,17,"Pre-Bologna training","Older side"
"R_7oqipTyGWFR7iAu",42,"E. Secundaria",5,"0","2","1",0.444444444444444,-0.0799678608401575,"Secondary teachers",39,3,"Pre-Bologna training","Older side"
"R_2nVfPceZh5g3pRz",39,"E. Secundaria",3,"1","1","2",0.428571428571429,0.0199620208977385,"Secondary teachers",39,0,"Bologna-era training","Younger side"
"R_2pyzNEQLlg45ldj",48,"E. Primaria",21,"1","5","2",0.444444444444444,-0.0785537703751159,"Primary teachers",34,14,"Pre-Bologna training","Older side"
